,bop date,eop date,day count,bop SPLB price,eop SPLB price,bop IGLB price,eop IGLB price,bop VCLT price,eop VCLT price,eop VCLT / eop SPLB,eop VCLT / SPLB moving avg,bop VCLT / SPLB moving avg,eop SPLB unit price,eop VCLT / eop IGLB,eop VCLT / IGLB moving avg,bop VCLT / IGLB moving avg,eop IGLB unit price,eop VCLT / eop VCLT,eop VCLT / VCLT moving avg,bop VCLT / VCLT moving avg,eop VCLT unit price,SPLB unit price pct diff,IGLB unit price pct diff,VCLT unit price pct diff,min symbol,max symbol,min unit price pct diff,max unit price pct diff,unit price pct diff,month end liquidation,go group,exit group,current long symbol,current short symbol,new long symbol,new short symbol,current_position,new_position,SPLB shares per unit,eop SPLB shares,bop SPLB shares,eop SPLB shares traded,eop SPLB shares bought,eop SPLB shares sold,IGLB shares per unit,eop IGLB shares,bop IGLB shares,eop IGLB shares traded,eop IGLB shares bought,eop IGLB shares sold,VCLT shares per unit,eop VCLT shares,bop VCLT shares,eop VCLT shares traded,eop VCLT shares bought,eop VCLT shares sold,SPLB daily commission,SPLB cop,SPLB pct cop,SPLB daily position pnl,SPLB investment amount,short SPLB investment amount,long SPLB investment amount,daily SPLB borrow cost,IGLB daily commission,IGLB cop,IGLB pct cop,IGLB daily position pnl,IGLB investment amount,short IGLB investment amount,long IGLB investment amount,daily IGLB borrow cost,VCLT daily commission,VCLT cop,VCLT pct cop,VCLT daily position pnl,VCLT investment amount,short VCLT investment amount,long VCLT investment amount,daily VCLT borrow cost,daily total commissions,daily position pnl,net investment amount,gross investment amount,short investment amount,daily borrow cost,daily net profit,cumulative net profit,drawdown
0,2024-01-02,2024-01-03,1,,23.54,,52.1,,79.18,3.363636363636364,,,,1.5197696737044146,,,,1.0,,,,,,,,,,,,False,False,False,,,,,0,0,,,,,,,,,,,,,,,,,,,,,,,,,,,,,,,,,,,,,,,,,,,0.0,0.0,0.0,0.0,0.0,0.0,0.0,0.0,0.0
1,2024-01-03,2024-01-04,1,23.54,23.33,52.1,51.66,79.18,78.55,3.3669095585083584,,,,1.5205187766163377,,,,1.0,,,,,,,,,,,,False,False,False,,,,,0,0,,,,,,,,,,,,,,,,,,,,-0.21000000000000085,-0.008961015798792044,,,,,,,-0.44000000000000483,-0.008481161091626948,,,,,,,-0.6300000000000097,-0.007988376976354555,,,,,,0.0,0.0,0.0,0.0,0.0,0.0,0.0,0.0,0.0
2,2024-01-04,2024-01-05,1,23.33,23.19,51.66,51.36,78.55,78.1,3.367830961621388,,,,1.520638629283489,,,,1.0,,,,,,,,,,,,False,False,False,,,,,0,0,,,,,,,,,,,,,,,,,,,,-0.13999999999999702,-0.006018934765898209,,,,,,,-0.29999999999999716,-0.005824128285988651,,,,,,,-0.45000000000000284,-0.005745307855989891,,,,,,0.0,0.0,0.0,0.0,0.0,0.0,0.0,0.0,0.0
3,2024-01-05,2024-01-08,3,23.19,23.47,51.36,51.95,78.1,79.05,3.368129527055816,,,,1.5216554379210778,,,,1.0,,,,,,,,,,,,False,False,False,,,,,0,0,,,,,,,,,,,,,,,,,,,,0.2799999999999976,0.012001858595491653,,,,,,,0.5900000000000034,0.0114220581635307,,,,,,,0.9500000000000028,0.012090506809840846,,,,,,0.0,0.0,0.0,0.0,0.0,0.0,0.0,0.0,0.0
4,2024-01-08,2024-01-09,1,23.47,23.5,51.95,52.0,79.05,79.14,3.3676595744680853,,,,1.521923076923077,,,,1.0,,,,,,,,,,,,False,False,False,,,,,0,0,,,,,,,,,,,,,,,,,,,,0.030000000000001137,0.0012774112871811244,,,,,,,0.04999999999999716,0.0009620010361908411,,,,,,,0.09000000000000341,0.0011378723017972819,,,,,,0.0,0.0,0.0,0.0,0.0,0.0,0.0,0.0,0.0
5,2024-01-09,2024-01-10,1,23.5,23.45,52.0,51.92,79.14,78.99,3.3684434968017056,,,,1.5213790446841293,,,,1.0,,,,,,,,,,,,False,False,False,,,,,0,0,,,,,,,,,,,,,,,,,,,,-0.05000000000000071,-0.002129926257824965,,,,,,,-0.0799999999999983,-0.0015396461855927501,,,,,,,-0.15000000000000568,-0.001897173780950602,,,,,,0.0,0.0,0.0,0.0,0.0,0.0,0.0,0.0,0.0
6,2024-01-10,2024-01-11,1,23.45,23.61,51.92,52.29,78.99,79.59,3.3710292249047016,,,,1.5220883534136547,,,,1.0,,,,,,,,,,,,False,False,False,,,,,0,0,,,,,,,,,,,,,,,,,,,,0.16000000000000014,0.006799856205133218,,,,,,,0.36999999999999744,0.00710107580420458,,,,,,,0.6000000000000085,0.007567194641430312,,,,,,0.0,0.0,0.0,0.0,0.0,0.0,0.0,0.0,0.0
7,2024-01-11,2024-01-12,1,23.61,23.66,52.29,52.37,79.59,79.77,3.371513102282333,,,,1.5232003055184267,,,,1.0,,,,,,,,,,,,False,False,False,,,,,0,0,,,,,,,,,,,,,,,,,,,,0.05000000000000071,0.002115507452819232,,,,,,,0.0799999999999983,0.0015287600913571212,,,,,,,0.1799999999999926,0.00225903710528016,,,,,,0.0,0.0,0.0,0.0,0.0,0.0,0.0,0.0,0.0
8,2024-01-12,2024-01-16,4,23.66,23.32,52.37,51.65,79.77,78.49,3.3657804459691247,,,,1.519651500484027,,,,1.0,,,,,,,,,,,,False,False,False,,,,,0,0,,,,,,,,,,,,,,,,,,,,-0.33999999999999986,-0.014474497067949116,,,,,,,-0.7199999999999989,-0.0138437127257487,,,,,,,-1.2800000000000011,-0.016176265784315826,,,,,,0.0,0.0,0.0,0.0,0.0,0.0,0.0,0.0,0.0
9,2024-01-16,2024-01-17,1,23.32,23.28,51.65,51.59,78.49,78.49,3.371563573883161,,,,1.5214188796278347,,,,1.0,,,,,,,,,,,,False,False,False,,,,,0,0,,,,,,,,,,,,,,,,,,,,-0.03999999999999915,-0.0017167386190544741,,,,,,,-0.05999999999999517,-0.0011623403090889192,,,,,,,0.0,0.0,,,,,,0.0,0.0,0.0,0.0,0.0,0.0,0.0,0.0,0.0
10,2024-01-17,2024-01-18,1,23.28,23.19,51.59,51.36,78.49,78.16,3.370418283742992,,,,1.5218068535825544,,,,1.0,,,,,,,,,,,,False,False,False,,,,,0,0,,,,,,,,,,,,,,,,,,,,-0.08999999999999986,-0.003873471595796775,,,,,,,-0.23000000000000398,-0.004468195874852929,,,,,,,-0.3299999999999983,-0.004213220404195004,,,,,,0.0,0.0,0.0,0.0,0.0,0.0,0.0,0.0,0.0
11,2024-01-18,2024-01-19,1,23.19,23.26,51.36,51.54,78.16,78.36,3.3688736027515045,,,,1.520372526193248,,,,1.0,,,,,,,,,,,,False,False,False,,,,,0,0,,,,,,,,,,,,,,,,,,,,0.07000000000000028,0.0030139958230781952,,,,,,,0.17999999999999972,0.003498545842513367,,,,,,,0.20000000000000284,0.0025555853418126545,,,,,,0.0,0.0,0.0,0.0,0.0,0.0,0.0,0.0,0.0
12,2024-01-19,2024-01-22,3,23.26,23.33,51.54,51.65,78.36,78.59,3.368624089155594,,,,1.521587608906099,,,,1.0,,,,,,,,,,,,False,False,False,,,,,0,0,,,,,,,,,,,,,,,,,,,,0.06999999999999673,0.003004938942819993,,,,,,,0.10999999999999943,0.002131990341428593,,,,,,,0.23000000000000398,0.0029308718017435793,,,,,,0.0,0.0,0.0,0.0,0.0,0.0,0.0,0.0,0.0
13,2024-01-22,2024-01-23,1,23.33,23.2,51.65,51.37,78.59,78.12,3.3672413793103453,,,,1.5207319447148142,,,,1.0,,,,,,,,,,,,False,False,False,,,,,0,0,,,,,,,,,,,,,,,,,,,,-0.129999999999999,-0.005587807361074238,,,,,,,-0.28000000000000114,-0.005435851086471075,,,,,,,-0.46999999999999886,-0.00599835886960537,,,,,,0.0,0.0,0.0,0.0,0.0,0.0,0.0,0.0,0.0
14,2024-01-23,2024-01-24,1,23.2,23.15,51.37,51.23,78.12,77.9,3.3650107991360696,,,,1.520593402303338,,,,1.0,,,,,,,,,,,,False,False,False,,,,,0,0,,,,,,,,,,,,,,,,,,,,-0.05000000000000071,-0.0021574981400212367,,,,,,,-0.14000000000000057,-0.002729046528065528,,,,,,,-0.21999999999999886,-0.0028201531317756236,,,,,,0.0,0.0,0.0,0.0,0.0,0.0,0.0,0.0,0.0
15,2024-01-24,2024-01-25,1,23.15,23.35,51.23,51.69,77.9,78.58,3.365310492505353,,,,1.5202166763397176,,,,1.0,,,,,,,,,,,,False,False,False,,,,,0,0,,,,,,,,,,,,,,,,,,,,0.20000000000000284,0.008602203582663288,,,,,,,0.46000000000000085,0.008939041256837043,,,,,,,0.6799999999999926,0.008691261253611028,,,,,,0.0,0.0,0.0,0.0,0.0,0.0,0.0,0.0,0.0
16,2024-01-25,2024-01-26,1,23.35,23.27,51.69,51.53,78.58,78.35,3.3669961323592608,,,,1.5204735105763632,,,,1.0,,,,,,,,,,,,False,False,False,,,,,0,0,,,,,,,,,,,,,,,,,,,,-0.08000000000000185,-0.00343200680070598,,,,,,,-0.1599999999999966,-0.0031001768678150183,,,,,,,-0.23000000000000398,-0.0029312453282839446,,,,,,0.0,0.0,0.0,0.0,0.0,0.0,0.0,0.0,0.0
17,2024-01-26,2024-01-29,3,23.27,23.41,51.53,51.85,78.35,78.85,3.368218709953011,,,,1.520732883317261,,,,1.0,,,,,,,,,,,,False,False,False,,,,,0,0,,,,,,,,,,,,,,,,,,,,0.14000000000000057,0.005998304188619036,,,,,,,0.3200000000000003,0.006190772335403432,,,,,,,0.5,0.00636134460701758,,,,,,0.0,0.0,0.0,0.0,0.0,0.0,0.0,0.0,0.0
18,2024-01-29,2024-01-30,1,23.41,23.55,51.85,52.16,78.85,79.28,3.3664543524416137,,,,1.5199386503067487,,,,1.0,,,,,,,,,,,,False,False,False,,,,,0,0,,,,,,,,,,,,,,,,,,,,0.14000000000000057,0.005962538959607434,,,,,,,0.30999999999999517,0.0059609829428611165,,,,,,,0.4300000000000068,0.005438576612685246,,,,,,0.0,0.0,0.0,0.0,0.0,0.0,0.0,0.0,0.0
19,2024-01-30,2024-01-31,1,23.55,23.62,52.16,52.44,79.28,79.5,3.365791701947502,3.367771768621714,,,1.5160183066361557,1.5207358020526383,,,1.0,1.0,,,,,,,,,,,True,False,False,,,,,0,0,,,,,,,,,,,,,,,,,,,,0.07000000000000028,0.0029679903067894903,,,,,,,0.28000000000000114,0.005353741277101604,,,,,,,0.21999999999999886,0.0027711316385536852,,,,,,0.0,0.0,0.0,0.0,0.0,0.0,0.0,0.0,0.0
20,2024-01-31,2024-02-01,1,23.62,23.8,52.44,52.68,79.5,80.1,3.3655462184873945,3.3678672613642653,3.367771768621714,80.1529680931968,1.5205011389521639,1.520772375315026,1.5207358020526383,80.11236205213298,1.0,1.0,1.0,80.1,0.0006610560260562415,0.0001543208276712506,0.0,VCLT,SPLB,0.0,0.0006610560260562415,0.0006610560260562415,False,False,False,,,,,0,0,4203.0,0.0,0.0,0.0,0.0,-0.0,1898.0,0.0,0.0,0.0,0.0,-0.0,1248.0,0.0,0.0,0.0,0.0,-0.0,-0.0,0.17999999999999972,0.007591769908212663,0.0,0.0,0.0,0.0,0.0,-0.0,0.240000000000002,0.004566217979581184,0.0,0.0,0.0,0.0,0.0,-0.0,0.5999999999999943,0.007518832414027319,0.0,0.0,0.0,0.0,0.0,0.0,0.0,0.0,0.0,0.0,0.0,0.0,0.0,0.0
21,2024-02-01,2024-02-02,1,23.8,23.49,52.68,52.07,80.1,79.1,3.3673903788846316,3.3678913023830797,3.3678672613642653,79.11120196944658,1.5191088918763203,1.520701881078025,1.520772375315026,79.1866175826534,1.0,1.0,1.0,79.1,0.00014160779168431907,0.0010944398537550604,0.0,VCLT,IGLB,0.0,0.0010944398537550604,0.0010944398537550604,False,False,False,,,,,0,0,4257.0,0.0,0.0,0.0,0.0,-0.0,1922.0,0.0,0.0,0.0,0.0,-0.0,1264.0,0.0,0.0,0.0,0.0,-0.0,-0.0,-0.3100000000000023,-0.013110782006607652,-0.0,0.0,0.0,0.0,0.0,-0.0,-0.6099999999999994,-0.011646909700272524,-0.0,0.0,0.0,0.0,0.0,-0.0,-1.0,-0.01256297930070538,-0.0,0.0,0.0,0.0,0.0,0.0,0.0,0.0,0.0,0.0,0.0,0.0,0.0,0.0
22,2024-02-02,2024-02-05,3,23.49,23.17,52.07,51.32,79.1,78.01,3.36685369011653,3.3678424388078367,3.3678913023830797,78.03404147621596,1.520070148090413,1.5206734570183713,1.520701881078025,78.04242053692424,1.0,1.0,1.0,78.01,0.0003081370641100937,0.00041550829239469134,0.0,VCLT,IGLB,0.0,0.00041550829239469134,0.00041550829239469134,False,False,False,,,,,0,0,4318.0,0.0,0.0,0.0,0.0,-0.0,1950.0,0.0,0.0,0.0,0.0,-0.0,1282.0,0.0,0.0,0.0,0.0,-0.0,-0.0,-0.31999999999999673,-0.013716460226536466,-0.0,0.0,0.0,0.0,0.0,-0.0,-0.75,-0.014508427427372001,-0.0,0.0,0.0,0.0,0.0,-0.0,-1.0899999999999892,-0.013875851173386241,-0.0,0.0,0.0,0.0,0.0,0.0,0.0,0.0,0.0,0.0,0.0,0.0,0.0,0.0
23,2024-02-05,2024-02-06,1,23.17,23.34,51.32,51.68,78.01,78.56,3.3658954584404457,3.367730735377068,3.3678424388078367,78.6054425217749,1.520123839009288,1.5205968770727816,1.5206734570183713,78.58840425870943,1.0,1.0,1.0,78.56,0.0005782762713241118,0.00036149599040147294,0.0,VCLT,SPLB,0.0,0.0005782762713241118,0.0005782762713241118,False,False,False,,,,,0,0,4287.0,0.0,0.0,0.0,0.0,-0.0,1936.0,0.0,0.0,0.0,0.0,-0.0,1273.0,0.0,0.0,0.0,0.0,-0.0,-0.0,0.16999999999999815,0.007310288414125106,0.0,0.0,0.0,0.0,0.0,-0.0,0.35999999999999943,0.006990319726910657,0.0,0.0,0.0,0.0,0.0,-0.0,0.5499999999999972,0.007025640445988542,0.0,0.0,0.0,0.0,0.0,0.0,0.0,0.0,0.0,0.0,0.0,0.0,0.0,0.0
24,2024-02-06,2024-02-07,1,23.34,23.21,51.68,51.45,78.56,78.17,3.3679448513571737,3.3677449992215225,3.367730735377068,78.16503036810175,1.5193391642371235,1.5204676814384839,1.5205968770727816,78.23470932539462,1.0,1.0,1.0,78.17,-6.357669024302245e-05,0.0008274601112187334,0.0,SPLB,IGLB,-6.357669024302245e-05,0.0008274601112187334,0.0008910368014617558,False,False,False,,,,,0,0,4307.0,0.0,0.0,0.0,0.0,-0.0,1945.0,0.0,0.0,0.0,0.0,-0.0,1279.0,0.0,0.0,0.0,0.0,-0.0,-0.0,-0.129999999999999,-0.0055854065720642165,-0.0,0.0,0.0,0.0,0.0,-0.0,-0.22999999999999687,-0.004460397194287681,-0.0,0.0,0.0,0.0,0.0,-0.0,-0.39000000000000057,-0.0049767218139713945,-0.0,0.0,0.0,0.0,0.0,0.0,0.0,0.0,0.0,0.0,0.0,0.0,0.0,0.0
25,2024-02-07,2024-02-08,1,23.21,23.03,51.45,51.02,78.17,77.51,3.365610073816761,3.367603328072275,3.3677449992215225,77.55916733207167,1.5192081536652293,1.520359136887539,1.5204676814384839,77.57426110699146,1.0,1.0,1.0,77.51,0.000634134232680661,0.0008287251099571366,0.0,VCLT,IGLB,0.0,0.0008287251099571366,0.0008287251099571366,False,False,False,,,,,0,0,4344.0,0.0,0.0,0.0,0.0,-0.0,1961.0,0.0,0.0,0.0,0.0,-0.0,1290.0,0.0,0.0,0.0,0.0,-0.0,-0.0,-0.17999999999999972,-0.007785506453751852,-0.0,0.0,0.0,0.0,0.0,-0.0,-0.4299999999999997,-0.008392749566393293,-0.0,0.0,0.0,0.0,0.0,-0.0,-0.6599999999999966,-0.00847898193881892,-0.0,0.0,0.0,0.0,0.0,0.0,0.0,0.0,0.0,0.0,0.0,0.0,0.0,0.0
26,2024-02-08,2024-02-09,1,23.03,22.98,51.02,50.93,77.51,77.37,3.3668407310704964,3.3673939033805653,3.367603328072275,77.38752447910088,1.5191439230316122,1.520211915368437,1.520359136887539,77.43189084168236,1.0,1.0,1.0,77.37,0.0002264766024755553,0.0007996135530839933,0.0,VCLT,IGLB,0.0,0.0007996135530839933,0.0007996135530839933,False,False,False,,,,,0,0,4351.0,0.0,0.0,0.0,0.0,-0.0,1964.0,0.0,0.0,0.0,0.0,-0.0,1292.0,0.0,0.0,0.0,0.0,-0.0,-0.0,-0.05000000000000071,-0.002173441411984282,-0.0,0.0,0.0,0.0,0.0,-0.0,-0.09000000000000341,-0.0017655718171521,-0.0,0.0,0.0,0.0,0.0,-0.0,-0.14000000000000057,-0.001807851732056994,-0.0,0.0,0.0,0.0,0.0,0.0,0.0,0.0,0.0,0.0,0.0,0.0,0.0,0.0
27,2024-02-09,2024-02-12,3,22.98,22.97,50.93,50.9,77.37,77.29,3.3648236830648677,3.3670594324196914,3.3673939033805653,77.34903796065159,1.5184675834970531,1.5199752792673684,1.520211915368437,77.37878649225344,1.0,1.0,1.0,77.29,0.0007635583394532543,0.0011480855836460862,0.0,VCLT,IGLB,0.0,0.0011480855836460862,0.0011480855836460862,False,False,False,,,,,0,0,4357.0,0.0,0.0,0.0,0.0,-0.0,1967.0,0.0,0.0,0.0,0.0,-0.0,1294.0,0.0,0.0,0.0,0.0,-0.0,-0.0,-0.010000000000001563,-0.0004352557196028347,-0.0,0.0,0.0,0.0,0.0,-0.0,-0.030000000000001137,-0.0005892173400362351,-0.0,0.0,0.0,0.0,0.0,-0.0,-0.0799999999999983,-0.001034527442583418,-0.0,0.0,0.0,0.0,0.0,0.0,0.0,0.0,0.0,0.0,0.0,0.0,0.0,0.0
28,2024-02-12,2024-02-13,1,22.97,22.65,50.9,50.19,77.29,76.25,3.3664459161147904,3.367092705926975,3.3670594324196914,76.263896144306,1.5192269376369796,1.519954051125016,1.5199752792673684,76.28755926642921,1.0,1.0,1.0,76.25,0.00018222791097429413,0.0004924592653626519,0.0,VCLT,IGLB,0.0,0.0004924592653626519,0.0004924592653626519,False,False,False,,,,,0,0,4414.0,0.0,0.0,0.0,0.0,-0.0,1993.0,0.0,0.0,0.0,0.0,-0.0,1311.0,0.0,0.0,0.0,0.0,-0.0,-0.0,-0.3200000000000003,-0.014029164771963854,-0.0,0.0,0.0,0.0,0.0,-0.0,-0.7100000000000009,-0.014047119889634726,-0.0,0.0,0.0,0.0,0.0,-0.0,-1.0400000000000063,-0.013547165631258726,-0.0,0.0,0.0,0.0,0.0,0.0,0.0,0.0,0.0,0.0,0.0,0.0,0.0,0.0
29,2024-02-13,2024-02-14,1,22.65,22.78,50.19,50.52,76.25,76.68,3.366110623353819,3.3668200584005077,3.367092705926975,76.7023718410165,1.517814726840855,1.519773843485667,1.519954051125016,76.78807866283582,1.0,1.0,1.0,76.68,0.00029171332933010873,0.001408484183094516,0.0,VCLT,IGLB,0.0,0.001408484183094516,0.001408484183094516,False,False,False,,,,,0,0,4391.0,0.0,0.0,0.0,0.0,-0.0,1982.0,0.0,0.0,0.0,0.0,-0.0,1304.0,0.0,0.0,0.0,0.0,-0.0,-0.0,0.13000000000000256,0.005723106089993128,0.0,0.0,0.0,0.0,0.0,-0.0,0.3300000000000054,0.006553493815448278,0.0,0.0,0.0,0.0,0.0,-0.0,0.4300000000000068,0.005623502689922725,0.0,0.0,0.0,0.0,0.0,0.0,0.0,0.0,0.0,0.0,0.0,0.0,0.0,0.0
30,2024-02-14,2024-02-15,1,22.78,22.89,50.52,50.74,76.68,77.07,3.3669724770642198,3.3666477680665694,3.3668200584005077,77.06651113678762,1.5189199842333463,1.5196295000182063,1.519773843485667,77.11332481846274,1.0,1.0,1.0,77.07,-4.526978309330616e-05,0.0005619909890262944,0.0,SPLB,IGLB,-4.526978309330616e-05,0.0005619909890262944,0.0006072607721196006,False,False,False,,,,,0,0,4370.0,0.0,0.0,0.0,0.0,-0.0,1973.0,0.0,0.0,0.0,0.0,-0.0,1298.0,0.0,0.0,0.0,0.0,-0.0,-0.0,0.10999999999999943,0.004817175945439125,0.0,0.0,0.0,0.0,0.0,-0.0,0.21999999999999886,0.004345256688845507,0.0,0.0,0.0,0.0,0.0,-0.0,0.38999999999998636,0.005073181612458061,0.0,0.0,0.0,0.0,0.0,0.0,0.0,0.0,0.0,0.0,0.0,0.0,0.0,0.0
31,2024-02-15,2024-02-16,1,22.89,22.8,50.74,50.51,77.07,76.75,3.3662280701754383,3.3665154914377657,3.3666477680665694,76.75956911191778,1.5195010888932885,1.5195859281532085,1.5196295000182063,76.7564860459196,1.0,1.0,1.0,76.75,0.0001246712108637454,8.450517096092932e-05,0.0,VCLT,SPLB,0.0,0.0001246712108637454,0.0001246712108637454,False,False,True,,,,,0,0,4387.0,0.0,0.0,0.0,0.0,-0.0,1980.0,0.0,0.0,0.0,0.0,-0.0,1303.0,0.0,0.0,0.0,0.0,-0.0,-0.0,-0.08999999999999986,-0.003939598004080203,-0.0,0.0,0.0,0.0,0.0,-0.0,-0.23000000000000398,-0.004543217691174642,-0.0,0.0,0.0,0.0,0.0,-0.0,-0.3199999999999932,-0.004160713322595299,-0.0,0.0,0.0,0.0,0.0,0.0,0.0,0.0,0.0,0.0,0.0,0.0,0.0,0.0
32,2024-02-16,2024-02-20,4,22.8,22.87,50.51,50.7,76.75,77.03,3.3681679055531264,3.3664926822576424,3.3665154914377657,76.9922092891817,1.5193293885601578,1.5194730171359114,1.5195859281532085,77.04300655736768,1.0,1.0,1.0,77.03,-0.0004907176926113686,0.00016883628987566788,0.0,SPLB,IGLB,-0.0004907176926113686,0.00016883628987566788,0.0006595539824870365,False,False,False,,,,,0,0,4370.0,0.0,0.0,0.0,0.0,-0.0,1972.0,0.0,0.0,0.0,0.0,-0.0,1298.0,0.0,0.0,0.0,0.0,-0.0,-0.0,0.07000000000000028,0.0030654720742946395,0.0,0.0,0.0,0.0,0.0,-0.0,0.19000000000000483,0.0037545741171763135,0.0,0.0,0.0,0.0,0.0,-0.0,0.28000000000000114,0.003641569897567971,0.0,0.0,0.0,0.0,0.0,0.0,0.0,0.0,0.0,0.0,0.0,0.0,0.0,0.0
33,2024-02-20,2024-02-21,1,22.87,22.8,50.7,50.52,77.03,76.71,3.364473684210526,3.3663542975026517,3.3664926822576424,76.75603315547426,1.5184085510688834,1.519356847453615,1.5194730171359114,76.76377682570624,1.0,1.0,1.0,76.71,0.0005999132955788968,0.0007007950024999288,0.0,VCLT,IGLB,0.0,0.0007007950024999288,0.0007007950024999288,False,False,False,,,,,0,0,4390.0,0.0,0.0,0.0,0.0,-0.0,1981.0,0.0,0.0,0.0,0.0,-0.0,1304.0,0.0,0.0,0.0,0.0,-0.0,-0.0,-0.07000000000000028,-0.0030654720742947167,-0.0,0.0,0.0,0.0,0.0,-0.0,-0.17999999999999972,-0.0035566131148471155,-0.0,0.0,0.0,0.0,0.0,-0.0,-0.3200000000000074,-0.004162878393669618,-0.0,0.0,0.0,0.0,0.0,0.0,0.0,0.0,0.0,0.0,0.0,0.0,0.0,0.0
34,2024-02-21,2024-02-22,1,22.8,22.85,50.52,50.67,76.71,76.99,3.369365426695842,3.3665720288806398,3.3663542975026517,76.9211956979356,1.5194395105585157,1.5192991528663737,1.519356847453615,76.98581146047468,1.0,1.0,1.0,76.99,-0.000894077995246003,-5.440516255923252e-05,0.0,SPLB,VCLT,-0.000894077995246003,0.0,0.000894077995246003,False,False,False,,,,,0,0,4373.0,0.0,0.0,0.0,0.0,-0.0,1974.0,0.0,0.0,0.0,0.0,-0.0,1299.0,0.0,0.0,0.0,0.0,-0.0,-0.0,0.05000000000000071,0.0021905813798186818,0.0,0.0,0.0,0.0,0.0,-0.0,0.14999999999999858,0.002964722005528102,0.0,0.0,0.0,0.0,0.0,-0.0,0.28000000000000114,0.0036434653187533738,0.0,0.0,0.0,0.0,0.0,0.0,0.0,0.0,0.0,0.0,0.0,0.0,0.0,0.0
35,2024-02-22,2024-02-23,1,22.85,22.99,50.67,50.98,76.99,77.36,3.364941278816877,3.366553568196216,3.3665720288806398,77.3974909439659,1.5174578265986662,1.5191612103793213,1.5192991528663737,77.45387081312772,1.0,1.0,1.0,77.36,0.0004845121805820403,0.0012126926888235048,0.0,VCLT,IGLB,0.0,0.0012126926888235048,0.0012126926888235048,False,False,False,,,,,0,0,4353.0,0.0,0.0,0.0,0.0,-0.0,1964.0,0.0,0.0,0.0,0.0,-0.0,1293.0,0.0,0.0,0.0,0.0,-0.0,-0.0,0.13999999999999702,0.0061082214348763385,0.0,0.0,0.0,0.0,0.0,-0.0,0.30999999999999517,0.006099379460150816,0.0,0.0,0.0,0.0,0.0,-0.0,0.37000000000000455,0.0047943078550807495,0.0,0.0,0.0,0.0,0.0,0.0,0.0,0.0,0.0,0.0,0.0,0.0,0.0,0.0
36,2024-02-23,2024-02-26,3,22.99,22.89,50.98,50.73,77.36,77.08,3.367409349060725,3.366574229031289,3.366553568196216,77.06041117601139,1.519416518825153,1.5191083607917608,1.5191612103793213,77.06704820254296,1.0,1.0,1.0,77.08,-0.00025416857194832755,-0.0001680447032692291,0.0,SPLB,VCLT,-0.00025416857194832755,0.0,0.00025416857194832755,False,False,False,,,,,0,0,4366.0,0.0,0.0,0.0,0.0,-0.0,1970.0,0.0,0.0,0.0,0.0,-0.0,1297.0,0.0,0.0,0.0,0.0,-0.0,-0.0,-0.09999999999999787,-0.004359204810614813,-0.0,0.0,0.0,0.0,0.0,-0.0,-0.25,-0.004915947369370748,-0.0,0.0,0.0,0.0,0.0,-0.0,-0.28000000000000114,-0.0036260075988732493,-0.0,0.0,0.0,0.0,0.0,0.0,0.0,0.0,0.0,0.0,0.0,0.0,0.0,0.0
37,2024-02-26,2024-02-27,1,22.89,22.85,50.73,50.65,77.08,76.9,3.365426695842451,3.3664346283257616,3.366574229031289,76.92622113336496,1.518262586377098,1.5189848459447526,1.5191083607917608,76.94283847410269,1.0,1.0,1.0,76.9,0.0003409189073973437,0.0005569121791405336,0.0,VCLT,IGLB,0.0,0.0005569121791405336,0.0005569121791405336,False,False,False,,,,,0,0,4377.0,0.0,0.0,0.0,0.0,-0.0,1975.0,0.0,0.0,0.0,0.0,-0.0,1300.0,0.0,0.0,0.0,0.0,-0.0,-0.0,-0.03999999999999915,-0.0017490166242616178,-0.0,0.0,0.0,0.0,0.0,-0.0,-0.0799999999999983,-0.0015782208839061858,-0.0,0.0,0.0,0.0,0.0,-0.0,-0.1799999999999926,-0.0023379670345672608,-0.0,0.0,0.0,0.0,0.0,0.0,0.0,0.0,0.0,0.0,0.0,0.0,0.0,0.0
38,2024-02-27,2024-02-28,1,22.85,22.83,50.65,50.6,76.9,76.83,3.3653088042049935,3.3663773509139303,3.3664346283257616,76.85570256467713,1.5183794466403162,1.518906885761431,1.5189848459447526,76.86063320480449,1.0,1.0,1.0,76.83,0.00033448218653843453,0.0003986346411797058,0.0,VCLT,IGLB,0.0,0.0003986346411797058,0.0003986346411797058,False,False,False,,,,,0,0,4383.0,0.0,0.0,0.0,0.0,-0.0,1978.0,0.0,0.0,0.0,0.0,-0.0,1302.0,0.0,0.0,0.0,0.0,-0.0,-0.0,-0.020000000000003126,-0.0008756567985097329,-0.0,0.0,0.0,0.0,0.0,-0.0,-0.04999999999999716,-0.0009876544012724297,-0.0,0.0,0.0,0.0,0.0,-0.0,-0.07000000000000739,-0.0009106876320548533,-0.0,0.0,0.0,0.0,0.0,0.0,0.0,0.0,0.0,0.0,0.0,0.0,0.0,0.0
39,2024-02-28,2024-02-29,1,22.83,22.89,50.6,50.72,76.83,77.02,3.364788117081695,3.3663271716706404,3.3663773509139303,77.05637756241987,1.5185331230283912,1.5190326265810428,1.518906885761431,77.03895724581977,1.0,1.0,1.0,77.02,0.0004722016920610607,0.00024610378071312594,0.0,VCLT,SPLB,0.0,0.0004722016920610607,0.0004722016920610607,True,False,False,,,,,0,0,4370.0,0.0,0.0,0.0,0.0,-0.0,1972.0,0.0,0.0,0.0,0.0,-0.0,1298.0,0.0,0.0,0.0,0.0,-0.0,-0.0,0.060000000000002274,0.0026246734227713016,0.0,0.0,0.0,0.0,0.0,-0.0,0.11999999999999744,0.00236873383555061,0.0,0.0,0.0,0.0,0.0,-0.0,0.18999999999999773,0.0024699395072192874,0.0,0.0,0.0,0.0,0.0,0.0,0.0,0.0,0.0,0.0,0.0,0.0,0.0,0.0
40,2024-02-29,2024-03-01,1,22.89,22.96,50.72,50.9,77.02,77.26,3.3649825783972127,3.366298989666131,3.3663271716706404,77.2908718615579,1.5178781925343814,1.5189014792601534,1.5190326265810428,77.31876069297508,1.0,1.0,1.0,77.26,0.0003995042098003394,0.0007602686881690982,0.0,VCLT,IGLB,0.0,0.0007602686881690982,0.0007602686881690982,False,False,False,,,,,0,0,4356.0,0.0,0.0,0.0,0.0,-0.0,1966.0,0.0,0.0,0.0,0.0,-0.0,1294.0,0.0,0.0,0.0,0.0,-0.0,-0.0,0.07000000000000028,0.003053437486890248,0.0,0.0,0.0,0.0,0.0,-0.0,0.17999999999999972,0.0035426134275066638,0.0,0.0,0.0,0.0,0.0,-0.0,0.2400000000000091,0.0031112288513725182,0.0,0.0,0.0,0.0,0.0,0.0,0.0,0.0,0.0,0.0,0.0,0.0,0.0,0.0
41,2024-03-01,2024-03-04,3,22.96,22.89,50.9,50.74,77.26,77.06,3.3665356050677153,3.3662562509752854,3.366298989666131,77.05458387345773,1.5187229010642491,1.5188821797195502,1.5189014792601534,77.06906105766019,1.0,1.0,1.0,77.06,-7.028700864475101e-05,0.00011757753675319609,0.0,SPLB,IGLB,-7.028700864475101e-05,0.00011757753675319609,0.00018786454539794712,False,False,True,,,,,0,0,4369.0,0.0,0.0,0.0,0.0,-0.0,1972.0,0.0,0.0,0.0,0.0,-0.0,1298.0,0.0,0.0,0.0,0.0,-0.0,-0.0,-0.07000000000000028,-0.003053437486890343,-0.0,0.0,0.0,0.0,0.0,-0.0,-0.1599999999999966,-0.003148369385341227,-0.0,0.0,0.0,0.0,0.0,-0.0,-0.20000000000000284,-0.0025920180401237756,-0.0,0.0,0.0,0.0,0.0,0.0,0.0,0.0,0.0,0.0,0.0,0.0,0.0,0.0
42,2024-03-04,2024-03-05,1,22.89,23.08,50.74,51.16,77.06,77.76,3.3691507798960143,3.3663711054642595,3.3662562509752854,77.69319427250959,1.5199374511336985,1.5188755448717142,1.5188821797195502,77.70601231445218,1.0,1.0,1.0,77.76,-0.0008594964151839172,-0.0006945272077704619,0.0,SPLB,VCLT,-0.0008594964151839172,0.0,0.0008594964151839172,False,False,False,,,,,0,0,4329.0,0.0,0.0,0.0,0.0,-0.0,1953.0,0.0,0.0,0.0,0.0,-0.0,1286.0,0.0,0.0,0.0,0.0,-0.0,-0.0,0.18999999999999773,0.008266307675423487,0.0,0.0,0.0,0.0,0.0,-0.0,0.4199999999999946,0.008243422539506072,0.0,0.0,0.0,0.0,0.0,-0.0,0.7000000000000028,0.009042820954172217,0.0,0.0,0.0,0.0,0.0,0.0,0.0,0.0,0.0,0.0,0.0,0.0,0.0,0.0
43,2024-03-05,2024-03-06,1,23.08,23.2,51.16,51.4,77.76,78.08,3.3655172413793104,3.3663521946112027,3.3663711054642595,78.09980964677082,1.5190661478599221,1.518822660314246,1.5188755448717142,78.0702030064061,1.0,1.0,1.0,78.08,0.0002536774365630716,-0.00012548166340007612,0.0,IGLB,SPLB,-0.00012548166340007612,0.0002536774365630716,0.00037915909996314774,False,False,False,,,,,0,0,4312.0,0.0,0.0,0.0,0.0,-0.0,1946.0,0.0,0.0,0.0,0.0,-0.0,1281.0,0.0,0.0,0.0,0.0,-0.0,-0.0,0.120000000000001,0.0051858370323654155,0.0,0.0,0.0,0.0,0.0,-0.0,0.240000000000002,0.0046801957504774986,0.0,0.0,0.0,0.0,0.0,-0.0,0.3199999999999932,0.004106781952653281,0.0,0.0,0.0,0.0,0.0,0.0,0.0,0.0,0.0,0.0,0.0,0.0,0.0,0.0
44,2024-03-06,2024-03-07,1,23.2,23.23,51.4,51.51,78.08,78.24,3.368058544984933,3.3663578792925906,3.3663521946112027,78.20036148081824,1.5189283634245778,1.5188021202736188,1.518822660314246,78.23455523278682,1.0,1.0,1.0,78.24,-0.0005067556691228589,-6.959300452746271e-05,0.0,SPLB,VCLT,-0.0005067556691228589,0.0,0.0005067556691228589,False,False,False,,,,,0,0,4302.0,0.0,0.0,0.0,0.0,-0.0,1941.0,0.0,0.0,0.0,0.0,-0.0,1278.0,0.0,0.0,0.0,0.0,-0.0,-0.0,0.030000000000001137,0.0012922681100535742,0.0,0.0,0.0,0.0,0.0,-0.0,0.10999999999999943,0.002137791116374423,0.0,0.0,0.0,0.0,0.0,-0.0,0.1599999999999966,0.002047083621724823,0.0,0.0,0.0,0.0,0.0,0.0,0.0,0.0,0.0,0.0,0.0,0.0,0.0,0.0
45,2024-03-07,2024-03-08,1,23.23,23.26,51.51,51.54,78.24,78.28,3.3654342218400686,3.3663490866937558,3.3663578792925906,78.30148427234566,1.5188203337213815,1.5187827292764262,1.5188021202736188,78.27906127890232,1.0,1.0,1.0,78.28,0.00027441651329746886,-1.199191014596414e-05,0.0,IGLB,SPLB,-1.199191014596414e-05,0.00027441651329746886,0.00028640842344343297,False,False,False,,,,,0,0,4299.0,0.0,0.0,0.0,0.0,-0.0,1940.0,0.0,0.0,0.0,0.0,-0.0,1277.0,0.0,0.0,0.0,0.0,-0.0,-0.0,0.030000000000001137,0.001290600308200719,0.0,0.0,0.0,0.0,0.0,-0.0,0.030000000000001137,0.0005822416467251893,0.0,0.0,0.0,0.0,0.0,-0.0,0.04000000000000625,0.0005111168013137684,0.0,0.0,0.0,0.0,0.0,0.0,0.0,0.0,0.0,0.0,0.0,0.0,0.0,0.0
46,2024-03-08,2024-03-11,3,23.26,23.29,51.54,51.64,78.28,78.42,3.3671103477887505,3.3663625675296687,3.3663490866937558,78.40227022909757,1.5185902401239348,1.5187550451310423,1.5187827292764262,78.42994013983466,1.0,1.0,1.0,78.42,-0.0002261129232739071,0.00012674712963366047,0.0,SPLB,IGLB,-0.0002261129232739071,0.00012674712963366047,0.0003528600529075676,False,False,False,,,,,0,0,4292.0,0.0,0.0,0.0,0.0,-0.0,1936.0,0.0,0.0,0.0,0.0,-0.0,1275.0,0.0,0.0,0.0,0.0,-0.0,-0.0,0.029999999999997584,0.0012889368057312528,0.0,0.0,0.0,0.0,0.0,-0.0,0.10000000000000142,0.0019383607542228266,0.0,0.0,0.0,0.0,0.0,-0.0,0.14000000000000057,0.0017868543363101796,0.0,0.0,0.0,0.0,0.0,0.0,0.0,0.0,0.0,0.0,0.0,0.0,0.0,0.0
47,2024-03-11,2024-03-12,1,23.29,23.18,51.64,51.39,78.42,78.05,3.3671268334771356,3.366477725050282,3.3663625675296687,78.03228431533772,1.518777972368165,1.5187705645745981,1.5187550451310423,78.04882176928426,1.0,1.0,1.0,78.05,-0.00022700442674924212,-1.5095959116203073e-05,0.0,SPLB,VCLT,-0.00022700442674924212,0.0,0.00022700442674924212,False,False,False,,,,,0,0,4312.0,0.0,0.0,0.0,0.0,-0.0,1946.0,0.0,0.0,0.0,0.0,-0.0,1281.0,0.0,0.0,0.0,0.0,-0.0,-0.0,-0.10999999999999943,-0.004734245984643906,-0.0,0.0,0.0,0.0,0.0,-0.0,-0.25,-0.004852964974303549,-0.0,0.0,0.0,0.0,0.0,-0.0,-0.37000000000000455,-0.004729349902744577,-0.0,0.0,0.0,0.0,0.0,0.0,0.0,0.0,0.0,0.0,0.0,0.0,0.0,0.0
48,2024-03-12,2024-03-13,1,23.18,23.13,51.39,51.29,78.05,77.91,3.3683527885862516,3.3665730686738558,3.366477725050282,77.86662978041302,1.5190095535192045,1.5187596953687093,1.5187705645745981,77.89774225703114,1.0,1.0,1.0,77.91,-0.000556825767365787,-0.0001573444658985102,0.0,SPLB,VCLT,-0.000556825767365787,0.0,0.000556825767365787,False,False,False,,,,,0,0,4323.0,0.0,0.0,0.0,0.0,-0.0,1950.0,0.0,0.0,0.0,0.0,-0.0,1284.0,0.0,0.0,0.0,0.0,-0.0,-0.0,-0.05000000000000071,-0.0021593616682578217,-0.0,0.0,0.0,0.0,0.0,-0.0,-0.10000000000000142,-0.001947799602961164,-0.0,0.0,0.0,0.0,0.0,-0.0,-0.14000000000000057,-0.0017953326186742633,-0.0,0.0,0.0,0.0,0.0,0.0,0.0,0.0,0.0,0.0,0.0,0.0,0.0,0.0
49,2024-03-13,2024-03-14,1,23.13,22.88,51.29,50.73,77.91,77.05,3.36756993006993,3.366646034009661,3.3665730686738558,77.02719181125782,1.5188251527695644,1.518810216665145,1.5187596953687093,77.04667934605462,1.0,1.0,1.0,77.05,-0.00029606184589229026,-4.309831931471409e-05,0.0,SPLB,VCLT,-0.00029606184589229026,0.0,0.00029606184589229026,False,False,False,,,,,0,0,4370.0,0.0,0.0,0.0,0.0,-0.0,1971.0,0.0,0.0,0.0,0.0,-0.0,1298.0,0.0,0.0,0.0,0.0,-0.0,-0.0,-0.25,-0.010867309731750624,-0.0,0.0,0.0,0.0,0.0,-0.0,-0.5600000000000023,-0.010978349822578505,-0.0,0.0,0.0,0.0,0.0,-0.0,-0.8599999999999994,-0.01109975257664198,-0.0,0.0,0.0,0.0,0.0,0.0,0.0,0.0,0.0,0.0,0.0,0.0,0.0,0.0
50,2024-03-14,2024-03-15,1,22.88,22.93,50.73,50.82,77.05,77.19,3.366332315743567,3.3666140259436284,3.366646034009661,77.19719355984152,1.5188902007083824,1.5188087274888966,1.518810216665145,77.18593521092266,1.0,1.0,1.0,77.19,9.31885563932722e-05,-5.2660915999923604e-05,0.0,IGLB,SPLB,-5.2660915999923604e-05,9.31885563932722e-05,0.0001458494723931958,False,False,True,,,,,0,0,4363.0,0.0,0.0,0.0,0.0,-0.0,1968.0,0.0,0.0,0.0,0.0,-0.0,1296.0,0.0,0.0,0.0,0.0,-0.0,-0.0,0.05000000000000071,0.002182930358216036,0.0,0.0,0.0,0.0,0.0,-0.0,0.09000000000000341,0.001772526313419502,0.0,0.0,0.0,0.0,0.0,-0.0,0.14000000000000057,0.0018153531956377352,0.0,0.0,0.0,0.0,0.0,0.0,0.0,0.0,0.0,0.0,0.0,0.0,0.0,0.0
51,2024-03-15,2024-03-18,3,22.93,22.84,50.82,50.64,77.19,76.89,3.3664623467600703,3.36662573977286,3.3666140259436284,76.89346435255247,1.5183649289099526,1.5187519194897299,1.5188087274888966,76.91247396003773,1.0,1.0,1.0,76.89,4.505494225464614e-05,0.00029224445639960847,0.0,VCLT,IGLB,0.0,0.00029224445639960847,0.00029224445639960847,False,False,False,,,,,0,0,4380.0,0.0,0.0,0.0,0.0,-0.0,1976.0,0.0,0.0,0.0,0.0,-0.0,1301.0,0.0,0.0,0.0,0.0,-0.0,-0.0,-0.08999999999999986,-0.003932712082003571,-0.0,0.0,0.0,0.0,0.0,-0.0,-0.17999999999999972,-0.003548200056097219,-0.0,0.0,0.0,0.0,0.0,-0.0,-0.29999999999999716,-0.0038940859176729826,-0.0,0.0,0.0,0.0,0.0,0.0,0.0,0.0,0.0,0.0,0.0,0.0,0.0,0.0
52,2024-03-18,2024-03-19,1,22.84,22.91,50.64,50.79,76.89,77.1,3.365342645133129,3.3664844767518596,3.36662573977286,77.12939569819622,1.5180153573538098,1.5186862179294125,1.5187519194897299,77.13740999088338,1.0,1.0,1.0,77.1,0.0003811944982227377,0.0004850962113433736,0.0,VCLT,IGLB,0.0,0.0004850962113433736,0.0004850962113433736,False,False,False,,,,,0,0,4367.0,0.0,0.0,0.0,0.0,-0.0,1970.0,0.0,0.0,0.0,0.0,-0.0,1297.0,0.0,0.0,0.0,0.0,-0.0,-0.0,0.07000000000000028,0.003060111677594622,0.0,0.0,0.0,0.0,0.0,-0.0,0.14999999999999858,0.00295770697723277,0.0,0.0,0.0,0.0,0.0,-0.0,0.20999999999999375,0.002727451525194267,0.0,0.0,0.0,0.0,0.0,0.0,0.0,0.0,0.0,0.0,0.0,0.0,0.0,0.0
53,2024-03-19,2024-03-20,1,22.91,22.94,50.79,50.88,77.1,77.21,3.3657367044463813,3.366547627763653,3.3664844767518596,77.22715389668767,1.5174921383647797,1.5186403972942073,1.5186862179294125,77.27075476824851,1.0,1.0,1.0,77.21,0.0002221472790114976,0.000786567510911184,0.0,VCLT,IGLB,0.0,0.000786567510911184,0.000786567510911184,False,False,False,,,,,0,0,4360.0,0.0,0.0,0.0,0.0,-0.0,1967.0,0.0,0.0,0.0,0.0,-0.0,1295.0,0.0,0.0,0.0,0.0,-0.0,-0.0,0.030000000000001137,0.0013086152358205007,0.0,0.0,0.0,0.0,0.0,-0.0,0.09000000000000341,0.001770434218713193,0.0,0.0,0.0,0.0,0.0,-0.0,0.10999999999999943,0.0014257017514405967,0.0,0.0,0.0,0.0,0.0,0.0,0.0,0.0,0.0,0.0,0.0,0.0,0.0,0.0
54,2024-03-20,2024-03-21,1,22.94,23.0,50.88,51.0,77.21,77.41,3.3656521739130434,3.3663619651245127,3.366547627763653,77.43059543856401,1.517843137254902,1.5185605786290266,1.5186403972942073,77.45066026200458,1.0,1.0,1.0,77.41,0.00026602117651561394,0.000525120619660677,0.0,VCLT,IGLB,0.0,0.000525120619660677,0.000525120619660677,False,False,False,,,,,0,0,4350.0,0.0,0.0,0.0,0.0,-0.0,1962.0,0.0,0.0,0.0,0.0,-0.0,1292.0,0.0,0.0,0.0,0.0,-0.0,-0.0,0.05999999999999872,0.002612104227924961,0.0,0.0,0.0,0.0,0.0,-0.0,0.11999999999999744,0.0023557136924589835,0.0,0.0,0.0,0.0,0.0,-0.0,0.20000000000000284,0.0025869888958976635,0.0,0.0,0.0,0.0,0.0,0.0,0.0,0.0,0.0,0.0,0.0,0.0,0.0,0.0
55,2024-03-21,2024-03-22,1,23.0,23.13,51.0,51.27,77.41,77.85,3.3657587548638133,3.3664028389268594,3.3663619651245127,77.86395225332997,1.5184318314803977,1.5186092788731131,1.5185605786290266,77.8566008663102,1.0,1.0,1.0,77.85,0.00017920363802221965,8.478595354909103e-05,0.0,VCLT,SPLB,0.0,0.00017920363802221965,0.00017920363802221965,False,False,True,,,,,0,0,4326.0,0.0,0.0,0.0,0.0,-0.0,1951.0,0.0,0.0,0.0,0.0,-0.0,1285.0,0.0,0.0,0.0,0.0,-0.0,-0.0,0.129999999999999,0.005636260314198156,0.0,0.0,0.0,0.0,0.0,-0.0,0.2700000000000031,0.005280153071283511,0.0,0.0,0.0,0.0,0.0,-0.0,0.4399999999999977,0.005667927063385278,0.0,0.0,0.0,0.0,0.0,0.0,0.0,0.0,0.0,0.0,0.0,0.0,0.0,0.0
56,2024-03-22,2024-03-25,3,23.13,23.0,51.27,51.01,77.85,77.44,3.36695652173913,3.3663801975607797,3.3664028389268594,77.42726529531777,1.5181336992746521,1.518545137895588,1.5186092788731131,77.46425931531749,1.0,1.0,1.0,77.44,-0.0001644596059296615,0.0003132168943972689,0.0,SPLB,IGLB,-0.0001644596059296615,0.0003132168943972689,0.0004776765003269304,False,False,False,,,,,0,0,4346.0,0.0,0.0,0.0,0.0,-0.0,1961.0,0.0,0.0,0.0,0.0,-0.0,1291.0,0.0,0.0,0.0,0.0,-0.0,-0.0,-0.129999999999999,-0.005636260314198102,-0.0,0.0,0.0,0.0,0.0,-0.0,-0.2600000000000051,-0.005084093860774121,-0.0,0.0,0.0,0.0,0.0,-0.0,-0.4099999999999966,-0.005280455311685726,-0.0,0.0,0.0,0.0,0.0,0.0,0.0,0.0,0.0,0.0,0.0,0.0,0.0,0.0
57,2024-03-25,2024-03-26,1,23.0,23.0,51.01,51.01,77.44,77.46,3.3678260869565215,3.366500167116483,3.3663801975607797,77.42674454389794,1.5185257792589688,1.5185582975396816,1.518545137895588,77.46098748405394,1.0,1.0,1.0,77.46,-0.0004294164321292102,1.2748228242146839e-05,0.0,SPLB,IGLB,-0.0004294164321292102,1.2748228242146839e-05,0.00044216466037135703,False,False,False,,,,,0,0,4346.0,0.0,0.0,0.0,0.0,-0.0,1960.0,0.0,0.0,0.0,0.0,-0.0,1291.0,0.0,0.0,0.0,0.0,-0.0,-0.0,0.0,0.0,0.0,0.0,0.0,0.0,0.0,-0.0,0.0,0.0,0.0,0.0,0.0,0.0,0.0,-0.0,0.01999999999999602,0.00025823111828460356,0.0,0.0,0.0,0.0,0.0,0.0,0.0,0.0,0.0,0.0,0.0,0.0,0.0,0.0
58,2024-03-26,2024-03-27,1,23.0,23.22,51.01,51.54,77.46,78.2,3.3677863910422055,3.3666240464583437,3.366500167116483,78.17013388044474,1.517268141249515,1.5185027322701417,1.5185582975396816,78.26649465519519,1.0,1.0,1.0,78.2,-0.0003819926373059357,0.0008499539705906031,0.0,SPLB,IGLB,-0.0003819926373059357,0.0008499539705906031,0.001231946607896539,False,False,False,,,,,0,0,4306.0,0.0,0.0,0.0,0.0,-0.0,1942.0,0.0,0.0,0.0,0.0,-0.0,1279.0,0.0,0.0,0.0,0.0,-0.0,-0.0,0.21999999999999886,0.009519760340595738,0.0,0.0,0.0,0.0,0.0,-0.0,0.5300000000000011,0.010336513289383776,0.0,0.0,0.0,0.0,0.0,-0.0,0.7400000000000091,0.009507973464659324,0.0,0.0,0.0,0.0,0.0,0.0,0.0,0.0,0.0,0.0,0.0,0.0,0.0,0.0
59,2024-03-27,2024-03-28,1,23.22,23.24,51.54,51.51,78.2,78.23,3.3661790017211706,3.3666935906903177,3.3666240464583437,78.2403428396919,1.518734226363813,1.5185127874369129,1.5185027322701417,78.21807573923499,1.0,1.0,1.0,78.23,0.00013220191787482614,-0.00015243729565557544,0.0,IGLB,SPLB,-0.00015243729565557544,0.00013220191787482614,0.0002846392135304016,True,False,False,,,,,0,0,4303.0,0.0,0.0,0.0,0.0,-0.0,1941.0,0.0,0.0,0.0,0.0,-0.0,1278.0,0.0,0.0,0.0,0.0,-0.0,-0.0,0.019999999999999574,0.0008609557139649925,0.0,0.0,0.0,0.0,0.0,-0.0,-0.030000000000001137,-0.0005822416467251516,-0.0,0.0,0.0,0.0,0.0,-0.0,0.030000000000001137,0.00038355814572392185,0.0,0.0,0.0,0.0,0.0,0.0,0.0,0.0,0.0,0.0,0.0,0.0,0.0,0.0
60,2024-03-28,2024-04-01,4,23.24,22.79,51.51,50.56,78.23,76.75,3.3677051338306274,3.3668297184619886,3.3666935906903177,76.72694693183234,1.5179984177215189,1.5185187986962696,1.5185127874369129,76.77600653281031,1.0,1.0,1.0,76.75,-0.0003004108278393763,0.00033878993724115457,0.0,SPLB,IGLB,-0.0003004108278393763,0.00033878993724115457,0.0006392007650805309,False,False,False,,,,,0,0,4387.0,0.0,0.0,0.0,0.0,-0.0,1979.0,0.0,0.0,0.0,0.0,-0.0,1303.0,0.0,0.0,0.0,0.0,-0.0,-0.0,-0.4499999999999993,-0.019553088726117544,-0.0,0.0,0.0,0.0,0.0,-0.0,-0.9499999999999957,-0.01861521373889183,-0.0,0.0,0.0,0.0,0.0,-0.0,-1.480000000000004,-0.01909981922968276,-0.0,0.0,0.0,0.0,0.0,0.0,0.0,0.0,0.0,0.0,0.0,0.0,0.0,0.0
61,2024-04-01,2024-04-02,1,22.79,22.75,50.56,50.43,76.75,76.59,3.366593406593407,3.366832608538273,3.3668297184619886,76.59537609501024,1.5187388459250446,1.5185195959393092,1.5185187986962696,76.57890301825287,1.0,1.0,1.0,76.59,7.019070814047798e-05,-0.00014489862560709314,0.0,IGLB,SPLB,-0.00014489862560709314,7.019070814047798e-05,0.00021508933374757112,False,False,False,,,,,0,0,4397.0,0.0,0.0,0.0,0.0,-0.0,1983.0,0.0,0.0,0.0,0.0,-0.0,1306.0,0.0,0.0,0.0,0.0,-0.0,-0.0,-0.03999999999999915,-0.001756697860633441,-0.0,0.0,0.0,0.0,0.0,-0.0,-0.13000000000000256,-0.002574513749968149,-0.0,0.0,0.0,0.0,0.0,-0.0,-0.1599999999999966,-0.0020868665458043945,-0.0,0.0,0.0,0.0,0.0,0.0,0.0,0.0,0.0,0.0,0.0,0.0,0.0,0.0
62,2024-04-02,2024-04-03,1,22.75,22.75,50.43,50.44,76.59,76.55,3.364835164835165,3.3666168277852306,3.366832608538273,76.59544184424571,1.517644726407613,1.518404959703005,1.5185195959393092,76.59412841917876,1.0,1.0,1.0,76.55,0.0005934469225087124,0.0005762992137616149,0.0,VCLT,SPLB,0.0,0.0005934469225087124,0.0005934469225087124,False,False,False,,,,,0,0,4397.0,0.0,0.0,0.0,0.0,-0.0,1983.0,0.0,0.0,0.0,0.0,-0.0,1306.0,0.0,0.0,0.0,0.0,-0.0,-0.0,0.0,0.0,0.0,0.0,0.0,0.0,0.0,-0.0,0.00999999999999801,0.0001982750080847896,0.0,0.0,0.0,0.0,0.0,-0.0,-0.04000000000000625,-0.0005223978178094305,-0.0,0.0,0.0,0.0,0.0,0.0,0.0,0.0,0.0,0.0,0.0,0.0,0.0,0.0
63,2024-04-03,2024-04-04,1,22.75,22.78,50.44,50.51,76.55,76.66,3.36523266022827,3.3666025987276784,3.3666168277852306,76.69153133694756,1.517719263512176,1.5183376154856176,1.518404959703005,76.69463451459877,1.0,1.0,1.0,76.66,0.0004112295080072475,0.0004516917965637107,0.0,VCLT,IGLB,0.0,0.0004516917965637107,0.0004516917965637107,False,False,False,,,,,0,0,4390.0,0.0,0.0,0.0,0.0,-0.0,1980.0,0.0,0.0,0.0,0.0,-0.0,1304.0,0.0,0.0,0.0,0.0,-0.0,-0.0,0.030000000000001137,0.001317812622076743,0.0,0.0,0.0,0.0,0.0,-0.0,0.07000000000000028,0.0013868253832423935,0.0,0.0,0.0,0.0,0.0,-0.0,0.10999999999999943,0.0014359378487163639,0.0,0.0,0.0,0.0,0.0,0.0,0.0,0.0,0.0,0.0,0.0,0.0,0.0,0.0
64,2024-04-04,2024-04-05,1,22.78,22.64,50.51,50.19,76.66,76.18,3.3648409893992937,3.3664417209483966,3.3666025987276784,76.21988283519464,1.5178322374975097,1.5182828091892642,1.5183376154856176,76.20536492122315,1.0,1.0,1.0,76.18,0.0005233972016662999,0.00033290495410122454,0.0,VCLT,SPLB,0.0,0.0005233972016662999,0.0005233972016662999,False,False,False,,,,,0,0,4420.0,0.0,0.0,0.0,0.0,-0.0,1994.0,0.0,0.0,0.0,0.0,-0.0,1313.0,0.0,0.0,0.0,0.0,-0.0,-0.0,-0.14000000000000057,-0.006164704684053901,-0.0,0.0,0.0,0.0,0.0,-0.0,-0.3200000000000003,-0.006355532813118918,-0.0,0.0,0.0,0.0,0.0,-0.0,-0.47999999999998977,-0.006281098901950915,-0.0,0.0,0.0,0.0,0.0,0.0,0.0,0.0,0.0,0.0,0.0,0.0,0.0,0.0
65,2024-04-05,2024-04-08,3,22.64,22.7,50.19,50.32,76.18,76.37,3.3643171806167405,3.3663858688872303,3.3664417209483966,76.4182270655286,1.5176868044515104,1.5182261327257707,1.5182828091892642,76.39999095840378,1.0,1.0,1.0,76.37,0.0006312929740270594,0.000392628926674653,0.0,VCLT,SPLB,0.0,0.0006312929740270594,0.0006312929740270594,False,False,False,,,,,0,0,4407.0,0.0,0.0,0.0,0.0,-0.0,1987.0,0.0,0.0,0.0,0.0,-0.0,1309.0,0.0,0.0,0.0,0.0,-0.0,-0.0,0.05999999999999872,0.0026466711523748247,0.0,0.0,0.0,0.0,0.0,-0.0,0.13000000000000256,0.0025868087253428673,0.0,0.0,0.0,0.0,0.0,-0.0,0.18999999999999773,0.002490987849834852,0.0,0.0,0.0,0.0,0.0,0.0,0.0,0.0,0.0,0.0,0.0,0.0,0.0,0.0
66,2024-04-08,2024-04-09,1,22.7,22.86,50.32,50.67,76.37,76.95,3.366141732283465,3.366337438111966,3.3663858688872303,76.95558096276208,1.5186500888099468,1.5182291251600712,1.5182261327257707,76.92851814521481,1.0,1.0,1.0,76.95,7.252450144580404e-05,-0.0002792053781603244,0.0,IGLB,SPLB,-0.0002792053781603244,7.252450144580404e-05,0.00035172987960612845,False,False,False,,,,,0,0,4376.0,0.0,0.0,0.0,0.0,-0.0,1974.0,0.0,0.0,0.0,0.0,-0.0,1300.0,0.0,0.0,0.0,0.0,-0.0,-0.0,0.16000000000000014,0.007023733879307705,0.0,0.0,0.0,0.0,0.0,-0.0,0.3500000000000014,0.006931407095633258,0.0,0.0,0.0,0.0,0.0,-0.0,0.5799999999999983,0.007565911384595378,0.0,0.0,0.0,0.0,0.0,0.0,0.0,0.0,0.0,0.0,0.0,0.0,0.0,0.0
67,2024-04-09,2024-04-10,1,22.86,22.42,50.67,49.7,76.95,75.44,3.364852809991079,3.3662237369376635,3.366337438111966,75.47328536247028,1.5179074446680079,1.5181855987750634,1.5182291251600712,75.45598752045555,1.0,1.0,1.0,75.44,0.0004411190562854152,0.00021190120132537693,0.0,VCLT,SPLB,0.0,0.0004411190562854152,0.0004411190562854152,False,False,False,,,,,0,0,4464.0,0.0,0.0,0.0,0.0,-0.0,2013.0,0.0,0.0,0.0,0.0,-0.0,1326.0,0.0,0.0,0.0,0.0,-0.0,-0.0,-0.4399999999999977,-0.0194352407226507,-0.0,0.0,0.0,0.0,0.0,-0.0,-0.9699999999999989,-0.01932908638523533,-0.0,0.0,0.0,0.0,0.0,-0.0,-1.5100000000000051,-0.01981822195968621,-0.0,0.0,0.0,0.0,0.0,0.0,0.0,0.0,0.0,0.0,0.0,0.0,0.0,0.0
68,2024-04-10,2024-04-11,1,22.42,22.33,49.7,49.55,75.44,75.2,3.3676668159426786,3.3661894383054842,3.3662237369376635,75.16777604581802,1.5176589303733603,1.5181180676177712,1.5181855987750634,75.22609641930438,1.0,1.0,1.0,75.2,-0.00042860186567448964,0.00034696665256067004,0.0,SPLB,IGLB,-0.00042860186567448964,0.00034696665256067004,0.0007755685182351597,False,False,False,,,,,0,0,4477.0,0.0,0.0,0.0,0.0,-0.0,2019.0,0.0,0.0,0.0,0.0,-0.0,1330.0,0.0,0.0,0.0,0.0,-0.0,-0.0,-0.09000000000000341,-0.004022351791947462,-0.0,0.0,0.0,0.0,0.0,-0.0,-0.15000000000000568,-0.0030226723265861215,-0.0,0.0,0.0,0.0,0.0,-0.0,-0.23999999999999488,-0.003186407369407869,-0.0,0.0,0.0,0.0,0.0,0.0,0.0,0.0,0.0,0.0,0.0,0.0,0.0,0.0
69,2024-04-11,2024-04-12,1,22.33,22.4,49.55,49.66,75.2,75.37,3.364732142857143,3.366047548944845,3.3661894383054842,75.40264341804284,1.5177204993958922,1.5180628349490877,1.5181180676177712,75.38974323789851,1.0,1.0,1.0,75.37,0.0004330151387261928,0.000261916577825707,0.0,VCLT,SPLB,0.0,0.0004330151387261928,0.0004330151387261928,False,False,False,,,,,0,0,4467.0,0.0,0.0,0.0,0.0,-0.0,2015.0,0.0,0.0,0.0,0.0,-0.0,1327.0,0.0,0.0,0.0,0.0,-0.0,-0.0,0.07000000000000028,0.0031298930089275656,0.0,0.0,0.0,0.0,0.0,-0.0,0.10999999999999943,0.002217519304023569,0.0,0.0,0.0,0.0,0.0,-0.0,0.1700000000000017,0.0022580868995843053,0.0,0.0,0.0,0.0,0.0,0.0,0.0,0.0,0.0,0.0,0.0,0.0,0.0,0.0
70,2024-04-12,2024-04-15,3,22.4,22.03,49.66,48.85,75.37,74.09,3.3631411711302768,3.3658879917141804,3.366047548944845,74.15402750325494,1.5166837256908905,1.517952511198213,1.5180628349490877,74.15736948726294,1.0,1.0,1.0,74.09,0.0008638123007662488,0.0009088794240808673,0.0,VCLT,IGLB,0.0,0.0009088794240808673,0.0009088794240808673,False,False,False,,,,,0,0,4544.0,0.0,0.0,0.0,0.0,-0.0,2049.0,0.0,0.0,0.0,0.0,-0.0,1350.0,0.0,0.0,0.0,0.0,-0.0,-0.0,-0.36999999999999744,-0.016655798046742297,-0.0,0.0,0.0,0.0,0.0,-0.0,-0.8099999999999952,-0.016445401591228724,-0.0,0.0,0.0,0.0,0.0,-0.0,-1.2800000000000011,-0.017128747426812953,-0.0,0.0,0.0,0.0,0.0,0.0,0.0,0.0,0.0,0.0,0.0,0.0,0.0,0.0
71,2024-04-15,2024-04-16,1,22.03,21.93,48.85,48.62,74.09,73.79,3.3647970816233475,3.365804728457344,3.3658879917141804,73.81392365829197,1.5176881941587825,1.5179186744606545,1.517952511198213,73.80285109445711,1.0,1.0,1.0,73.79,0.0003241601972159419,0.00017414250614821518,0.0,VCLT,SPLB,0.0,0.0003241601972159419,0.0003241601972159419,False,False,False,,,,,0,0,4561.0,0.0,0.0,0.0,0.0,-0.0,2057.0,0.0,0.0,0.0,0.0,-0.0,1355.0,0.0,0.0,0.0,0.0,-0.0,-0.0,-0.10000000000000142,-0.004549598384455038,-0.0,0.0,0.0,0.0,0.0,-0.0,-0.23000000000000398,-0.004719409600814503,-0.0,0.0,0.0,0.0,0.0,-0.0,-0.29999999999999716,-0.004057349358290211,-0.0,0.0,0.0,0.0,0.0,0.0,0.0,0.0,0.0,0.0,0.0,0.0,0.0,0.0
72,2024-04-16,2024-04-17,1,21.93,22.1,48.62,49.03,73.79,74.39,3.366063348416289,3.3658407636215024,3.365804728457344,74.3842844989073,1.5172343463185805,1.517879623908893,1.5179186744606545,74.42355260880589,1.0,1.0,1.0,74.39,-7.68345297678083e-05,0.00045093486159360674,0.0,SPLB,IGLB,-7.68345297678083e-05,0.00045093486159360674,0.000527769391361415,False,False,False,,,,,0,0,4524.0,0.0,0.0,0.0,0.0,-0.0,2040.0,0.0,0.0,0.0,0.0,-0.0,1344.0,0.0,0.0,0.0,0.0,-0.0,-0.0,0.1700000000000017,0.0077220460939103185,0.0,0.0,0.0,0.0,0.0,-0.0,0.4100000000000037,0.008397386775164632,0.0,0.0,0.0,0.0,0.0,-0.0,0.5999999999999943,0.008098303132974664,0.0,0.0,0.0,0.0,0.0,0.0,0.0,0.0,0.0,0.0,0.0,0.0,0.0,0.0
73,2024-04-17,2024-04-18,1,22.1,22.04,49.03,48.89,74.39,74.19,3.3661524500907443,3.3658615509037206,3.3658407636215024,74.18313043021791,1.5174882389036612,1.517879428935837,1.517879623908893,74.20913481290577,1.0,1.0,1.0,74.19,-9.259856912198199e-05,0.00025788308046333585,0.0,SPLB,IGLB,-9.259856912198199e-05,0.00025788308046333585,0.00035048164958531786,False,False,False,,,,,0,0,4537.0,0.0,0.0,0.0,0.0,-0.0,2046.0,0.0,0.0,0.0,0.0,-0.0,1348.0,0.0,0.0,0.0,0.0,-0.0,-0.0,-0.060000000000002274,-0.0027186242389934958,-0.0,0.0,0.0,0.0,0.0,-0.0,-0.14000000000000057,-0.002859479072587727,-0.0,0.0,0.0,0.0,0.0,-0.0,-0.20000000000000284,-0.002692154001815532,-0.0,0.0,0.0,0.0,0.0,0.0,0.0,0.0,0.0,0.0,0.0,0.0,0.0,0.0
74,2024-04-18,2024-04-19,1,22.04,22.07,48.89,48.98,74.19,74.31,3.3670140462165836,3.3659296445188973,3.3658615509037206,74.28456442844511,1.5171498570845245,1.5178447649273183,1.517879428935837,74.3457344292773,1.0,1.0,1.0,74.31,-0.00034234861687110554,0.0004807675950447503,0.0,SPLB,IGLB,-0.00034234861687110554,0.0004807675950447503,0.0008231162119158558,False,False,False,,,,,0,0,4530.0,0.0,0.0,0.0,0.0,-0.0,2043.0,0.0,0.0,0.0,0.0,-0.0,1346.0,0.0,0.0,0.0,0.0,-0.0,-0.0,0.030000000000001137,0.0013602359839314396,0.0,0.0,0.0,0.0,0.0,-0.0,0.0899999999999963,0.0018391749334673159,0.0,0.0,0.0,0.0,0.0,-0.0,0.12000000000000455,0.0016161619679433332,0.0,0.0,0.0,0.0,0.0,0.0,0.0,0.0,0.0,0.0,0.0,0.0,0.0,0.0
75,2024-04-19,2024-04-22,3,22.07,22.12,48.98,49.08,74.31,74.44,3.365280289330922,3.365905721242253,3.3659296445188973,74.45436373675801,1.5167074164629177,1.5177585441764443,1.5178447649273183,74.49582106263279,1.0,1.0,1.0,74.44,0.0001929386236268056,0.0007495989191628957,0.0,VCLT,IGLB,0.0,0.0007495989191628957,0.0007495989191628957,False,False,False,,,,,0,0,4520.0,0.0,0.0,0.0,0.0,-0.0,2038.0,0.0,0.0,0.0,0.0,-0.0,1343.0,0.0,0.0,0.0,0.0,-0.0,-0.0,0.05000000000000071,0.0022629563854890456,0.0,0.0,0.0,0.0,0.0,-0.0,0.10000000000000142,0.002039568318689089,0.0,0.0,0.0,0.0,0.0,-0.0,0.12999999999999545,0.0017478996046720995,0.0,0.0,0.0,0.0,0.0,0.0,0.0,0.0,0.0,0.0,0.0,0.0,0.0,0.0
76,2024-04-22,2024-04-23,1,22.12,22.16,49.08,49.15,74.44,74.61,3.3668772563176894,3.365901757971181,3.365905721242253,74.58847078272834,1.5180061037639878,1.5177521644009109,1.5177585441764443,74.59783244627224,1.0,1.0,1.0,74.61,-0.00028859836576265106,-0.00016309537582906533,0.0,SPLB,VCLT,-0.00028859836576265106,0.0,0.00028859836576265106,False,False,False,,,,,0,0,4510.0,0.0,0.0,0.0,0.0,-0.0,2034.0,0.0,0.0,0.0,0.0,-0.0,1340.0,0.0,0.0,0.0,0.0,-0.0,-0.0,0.03999999999999915,0.0018066852249490513,0.0,0.0,0.0,0.0,0.0,-0.0,0.07000000000000028,0.0014252267504648911,0.0,0.0,0.0,0.0,0.0,-0.0,0.1700000000000017,0.002281114709373089,0.0,0.0,0.0,0.0,0.0,0.0,0.0,0.0,0.0,0.0,0.0,0.0,0.0,0.0
77,2024-04-23,2024-04-24,1,22.16,22.01,49.15,48.83,74.61,74.09,3.3661971830985915,3.365820312778284,3.365901757971181,74.0834976929457,1.5173049354904773,1.5176911222124865,1.5177521644009109,74.11183818769648,1.0,1.0,1.0,74.09,-8.776612767757211e-05,0.0002947087313029041,0.0,SPLB,IGLB,-8.776612767757211e-05,0.0002947087313029041,0.0003824748589804762,False,False,False,,,,,0,0,4544.0,0.0,0.0,0.0,0.0,-0.0,2049.0,0.0,0.0,0.0,0.0,-0.0,1350.0,0.0,0.0,0.0,0.0,-0.0,-0.0,-0.14999999999999858,-0.006791966340712746,-0.0,0.0,0.0,0.0,0.0,-0.0,-0.3200000000000003,-0.006531968519606682,-0.0,0.0,0.0,0.0,0.0,-0.0,-0.519999999999996,-0.006993976054857426,-0.0,0.0,0.0,0.0,0.0,0.0,0.0,0.0,0.0,0.0,0.0,0.0,0.0,0.0
78,2024-04-24,2024-04-25,1,22.01,21.93,48.83,48.64,74.09,73.81,3.3657090743274054,3.3657164469425447,3.365820312778284,73.81243945922776,1.5174753289473684,1.517701481597379,1.5176911222124865,73.82049618441535,1.0,1.0,1.0,73.81,3.304997853870864e-05,0.00014219534180686698,0.0,VCLT,IGLB,0.0,0.00014219534180686698,0.00014219534180686698,False,False,True,,,,,0,0,4561.0,0.0,0.0,0.0,0.0,-0.0,2056.0,0.0,0.0,0.0,0.0,-0.0,1355.0,0.0,0.0,0.0,0.0,-0.0,-0.0,-0.08000000000000185,-0.0036413331085736037,-0.0,0.0,0.0,0.0,0.0,-0.0,-0.18999999999999773,-0.003898640415657309,-0.0,0.0,0.0,0.0,0.0,-0.0,-0.28000000000000114,-0.003786346646604604,-0.0,0.0,0.0,0.0,0.0,0.0,0.0,0.0,0.0,0.0,0.0,0.0,0.0,0.0
79,2024-04-25,2024-04-26,1,21.93,22.05,48.64,48.89,73.81,74.22,3.365986394557823,3.365706816584377,3.3657164469425447,74.2140476550831,1.5181018613213335,1.517669863345255,1.517701481597379,74.20042543529587,1.0,1.0,1.0,74.22,-8.020188109285506e-05,-0.00026377184622958206,0.0,IGLB,VCLT,-0.00026377184622958206,0.0,0.00026377184622958206,False,False,False,,,,,0,0,4534.0,0.0,0.0,0.0,0.0,-0.0,2044.0,0.0,0.0,0.0,0.0,-0.0,1347.0,0.0,0.0,0.0,0.0,-0.0,-0.0,0.120000000000001,0.005457039463058117,0.0,0.0,0.0,0.0,0.0,-0.0,0.25,0.005126638932642654,0.0,0.0,0.0,0.0,0.0,-0.0,0.4099999999999966,0.005539431850490447,0.0,0.0,0.0,0.0,0.0,0.0,0.0,0.0,0.0,0.0,0.0,0.0,0.0,0.0
80,2024-04-26,2024-04-29,3,22.05,22.18,48.89,49.21,74.22,74.69,3.3674481514878267,3.3656939674672373,3.365706816584377,74.65137719184148,1.5177809388335703,1.5176589894008576,1.517669863345255,74.68453397522,1.0,1.0,1.0,74.69,-0.0005172419023564097,-7.318549737991298e-05,0.0,SPLB,VCLT,-0.0005172419023564097,0.0,0.0005172419023564097,False,False,False,,,,,0,0,4507.0,0.0,0.0,0.0,0.0,-0.0,2032.0,0.0,0.0,0.0,0.0,-0.0,1339.0,0.0,0.0,0.0,0.0,-0.0,-0.0,0.129999999999999,0.0058783800293659245,0.0,0.0,0.0,0.0,0.0,-0.0,0.3200000000000003,0.0065239782873326106,0.0,0.0,0.0,0.0,0.0,-0.0,0.46999999999999886,0.006312558736523653,0.0,0.0,0.0,0.0,0.0,0.0,0.0,0.0,0.0,0.0,0.0,0.0,0.0,0.0
81,2024-04-29,2024-04-30,1,22.18,22.0,49.21,48.8,74.69,74.08,3.367272727272727,3.3657279335012027,3.3656939674672373,74.04526728427922,1.518032786885246,1.517623686448868,1.5176589894008576,74.06175868276185,1.0,1.0,1.0,74.08,-0.0004689641003742554,-0.0002462684052428817,0.0,SPLB,VCLT,-0.0004689641003742554,0.0,0.0004689641003742554,True,False,False,,,,,0,0,4544.0,0.0,0.0,0.0,0.0,-0.0,2049.0,0.0,0.0,0.0,0.0,-0.0,1350.0,0.0,0.0,0.0,0.0,-0.0,-0.0,-0.17999999999999972,-0.008148528563905057,-0.0,0.0,0.0,0.0,0.0,-0.0,-0.4100000000000037,-0.008366542018785455,-0.0,0.0,0.0,0.0,0.0,-0.0,-0.6099999999999994,-0.008200624031051401,-0.0,0.0,0.0,0.0,0.0,0.0,0.0,0.0,0.0,0.0,0.0,0.0,0.0,0.0
82,2024-04-30,2024-05-01,1,22.0,22.04,48.8,48.86,74.08,74.19,3.3661524500907443,3.365793797763982,3.3657279335012027,74.1806436543665,1.5184199754400327,1.5176624489004888,1.517623686448868,74.15109331989169,1.0,1.0,1.0,74.19,-0.00012612125169028697,-0.000524557020980575,0.0,IGLB,VCLT,-0.000524557020980575,0.0,0.000524557020980575,False,False,False,,,,,0,0,4537.0,0.0,0.0,0.0,0.0,-0.0,2046.0,0.0,0.0,0.0,0.0,-0.0,1348.0,0.0,0.0,0.0,0.0,-0.0,-0.0,0.03999999999999915,0.0018165309263977853,0.0,0.0,0.0,0.0,0.0,-0.0,0.060000000000002274,0.0012287529704929014,0.0,0.0,0.0,0.0,0.0,-0.0,0.10999999999999943,0.001483779863510531,0.0,0.0,0.0,0.0,0.0,0.0,0.0,0.0,0.0,0.0,0.0,0.0,0.0,0.0
83,2024-05-01,2024-05-02,1,22.04,22.2,48.86,49.27,74.19,74.72,3.365765765765766,3.3658204530408566,3.365793797763982,74.7206223103604,1.516541505987416,1.5176035610242509,1.5176624489004888,74.7752288573271,1.0,1.0,1.0,74.72,8.328530098198952e-06,0.0007388712036074607,0.0,VCLT,IGLB,0.0,0.0007388712036074607,0.0007388712036074607,False,False,False,,,,,0,0,4503.0,0.0,0.0,0.0,0.0,-0.0,2031.0,0.0,0.0,0.0,0.0,-0.0,1338.0,0.0,0.0,0.0,0.0,-0.0,-0.0,0.16000000000000014,0.007233304593520061,0.0,0.0,0.0,0.0,0.0,-0.0,0.4100000000000037,0.0083563107262774,0.0,0.0,0.0,0.0,0.0,-0.0,0.5300000000000011,0.0071184237191526415,0.0,0.0,0.0,0.0,0.0,0.0,0.0,0.0,0.0,0.0,0.0,0.0,0.0,0.0
84,2024-05-02,2024-05-03,1,22.2,22.4,49.27,49.67,74.72,75.37,3.364732142857143,3.3658150107137494,3.3658204530408566,75.39437814811518,1.5174149385947253,1.5175826960791117,1.5176035610242509,75.37936887607454,1.0,1.0,1.0,75.37,0.0003233940089439689,0.0001242973838823101,0.0,VCLT,SPLB,0.0,0.0003233940089439689,0.0003233940089439689,False,False,False,,,,,0,0,4466.0,0.0,0.0,0.0,0.0,-0.0,2014.0,0.0,0.0,0.0,0.0,-0.0,1327.0,0.0,0.0,0.0,0.0,-0.0,-0.0,0.1999999999999993,0.008968669982760316,0.0,0.0,0.0,0.0,0.0,-0.0,0.3999999999999986,0.00808575256338747,0.0,0.0,0.0,0.0,0.0,-0.0,0.6500000000000057,0.008661523934791323,0.0,0.0,0.0,0.0,0.0,0.0,0.0,0.0,0.0,0.0,0.0,0.0,0.0,0.0
85,2024-05-03,2024-05-06,3,22.4,22.5,49.67,49.91,75.37,75.72,3.365333333333333,3.3658658183495787,3.3658150107137494,75.73083774105936,1.517130835503907,1.5175548976317315,1.5175826960791117,75.74255236130846,1.0,1.0,1.0,75.72,0.00014311893205094396,0.0002977945521652173,0.0,VCLT,IGLB,0.0,0.0002977945521652173,0.0002977945521652173,False,False,False,,,,,0,0,4446.0,0.0,0.0,0.0,0.0,-0.0,2005.0,0.0,0.0,0.0,0.0,-0.0,1321.0,0.0,0.0,0.0,0.0,-0.0,-0.0,0.10000000000000142,0.004454350349380375,0.0,0.0,0.0,0.0,0.0,-0.0,0.23999999999999488,0.004820254362258709,0.0,0.0,0.0,0.0,0.0,-0.0,0.3499999999999943,0.004633008485743405,0.0,0.0,0.0,0.0,0.0,0.0,0.0,0.0,0.0,0.0,0.0,0.0,0.0,0.0
86,2024-05-06,2024-05-07,1,22.5,22.53,49.91,50.0,75.72,75.85,3.366622281402574,3.3658898458055346,3.3658658183495787,75.83295688741602,1.517,1.5174723931912342,1.5175548976317315,75.87774488158658,1.0,1.0,1.0,75.85,-0.00022472020595361015,0.0003657192943515105,0.0,SPLB,IGLB,-0.00022472020595361015,0.0003657192943515105,0.0005904395003051206,False,False,False,,,,,0,0,4436.0,0.0,0.0,0.0,0.0,-0.0,2000.0,0.0,0.0,0.0,0.0,-0.0,1318.0,0.0,0.0,0.0,0.0,-0.0,-0.0,0.030000000000001137,0.0013324452337786948,0.0,0.0,0.0,0.0,0.0,-0.0,0.09000000000000341,0.0018016219466282205,0.0,0.0,0.0,0.0,0.0,-0.0,0.12999999999999545,0.0017153794534191804,0.0,0.0,0.0,0.0,0.0,0.0,0.0,0.0,0.0,0.0,0.0,0.0,0.0,0.0
87,2024-05-07,2024-05-08,1,22.53,22.43,50.0,49.77,75.85,75.57,3.3691484618814087,3.3661046284000506,3.3658898458055346,75.49690924141814,1.5183845690174802,1.5174962494087079,1.5174723931912342,75.52460100912774,1.0,1.0,1.0,75.57,-0.0009676608153592275,-0.00060093467185803,0.0,SPLB,VCLT,-0.0009676608153592275,0.0,0.0009676608153592275,False,False,False,,,,,0,0,4453.0,0.0,0.0,0.0,0.0,-0.0,2008.0,0.0,0.0,0.0,0.0,-0.0,1323.0,0.0,0.0,0.0,0.0,-0.0,-0.0,-0.10000000000000142,-0.00444840591203613,-0.0,0.0,0.0,0.0,0.0,-0.0,-0.22999999999999687,-0.004610612557683182,-0.0,0.0,0.0,0.0,0.0,-0.0,-0.28000000000000114,-0.0036983267619127664,-0.0,0.0,0.0,0.0,0.0,0.0,0.0,0.0,0.0,0.0,0.0,0.0,0.0,0.0
88,2024-05-08,2024-05-09,1,22.43,22.5,49.77,49.92,75.57,75.71,3.364888888888889,3.3659657320473615,3.3661046284000506,75.73735413900114,1.5166266025641024,1.5174446330182447,1.5174962494087079,75.7534127704827,1.0,1.0,1.0,75.71,0.0003612362784957362,0.0005732443350832836,0.0,VCLT,IGLB,0.0,0.0005732443350832836,0.0005732443350832836,False,False,False,,,,,0,0,4447.0,0.0,0.0,0.0,0.0,-0.0,2005.0,0.0,0.0,0.0,0.0,-0.0,1321.0,0.0,0.0,0.0,0.0,-0.0,-0.0,0.07000000000000028,0.0031159606782575474,0.0,0.0,0.0,0.0,0.0,-0.0,0.14999999999999858,0.0030093311907094062,0.0,0.0,0.0,0.0,0.0,-0.0,0.14000000000000057,0.0018508730825866546,0.0,0.0,0.0,0.0,0.0,0.0,0.0,0.0,0.0,0.0,0.0,0.0,0.0,0.0
89,2024-05-09,2024-05-10,1,22.5,22.41,49.92,49.71,75.71,75.43,3.3659080767514507,3.3660245287420762,3.3659657320473615,75.43129205518137,1.5174009253671294,1.5174286543168065,1.5174446330182447,75.43217270733695,1.0,1.0,1.0,75.43,1.712904833028595e-05,2.8803871747309662e-05,0.0,VCLT,IGLB,0.0,2.8803871747309662e-05,2.8803871747309662e-05,False,False,True,,,,,0,0,4463.0,0.0,0.0,0.0,0.0,-0.0,2012.0,0.0,0.0,0.0,0.0,-0.0,1326.0,0.0,0.0,0.0,0.0,-0.0,-0.0,-0.08999999999999986,-0.004008021397538822,-0.0,0.0,0.0,0.0,0.0,-0.0,-0.21000000000000085,-0.004215603954591059,-0.0,0.0,0.0,0.0,0.0,-0.0,-0.2799999999999869,-0.003705178249675623,-0.0,0.0,0.0,0.0,0.0,0.0,0.0,0.0,0.0,0.0,0.0,0.0,0.0,0.0
90,2024-05-10,2024-05-13,3,22.41,22.42,49.71,49.74,75.43,75.45,3.3652988403211417,3.3661324122016203,3.3660245287420762,75.46626993439736,1.516887816646562,1.5174388588645902,1.5174286543168065,75.47690126571796,1.0,1.0,1.0,75.45,0.00021561538020328964,0.00035648073043619943,0.0,VCLT,IGLB,0.0,0.00035648073043619943,0.00035648073043619943,False,False,False,,,,,0,0,4460.0,0.0,0.0,0.0,0.0,-0.0,2011.0,0.0,0.0,0.0,0.0,-0.0,1325.0,0.0,0.0,0.0,0.0,-0.0,-0.0,0.010000000000001563,0.0004461298311783019,0.0,0.0,0.0,0.0,0.0,-0.0,0.030000000000001137,0.0006033182686773806,0.0,0.0,0.0,0.0,0.0,-0.0,0.01999999999999602,0.0002651113483183375,0.0,0.0,0.0,0.0,0.0,0.0,0.0,0.0,0.0,0.0,0.0,0.0,0.0,0.0
91,2024-05-13,2024-05-14,1,22.42,22.51,49.74,49.93,75.45,75.73,3.3642825410928476,3.366106685175095,3.3661324122016203,75.77164059865848,1.516723412777889,1.5173906197955456,1.5174388588645902,75.76572222310898,1.0,1.0,1.0,75.73,0.0005497049344481478,0.00047159382782331285,0.0,VCLT,SPLB,0.0,0.0005497049344481478,0.0005497049344481478,False,False,False,,,,,0,0,4443.0,0.0,0.0,0.0,0.0,-0.0,2003.0,0.0,0.0,0.0,0.0,-0.0,1320.0,0.0,0.0,0.0,0.0,-0.0,-0.0,0.08999999999999986,0.004006237274626919,0.0,0.0,0.0,0.0,0.0,-0.0,0.18999999999999773,0.0038125861372593018,0.0,0.0,0.0,0.0,0.0,-0.0,0.28000000000000114,0.003704197911873365,0.0,0.0,0.0,0.0,0.0,0.0,0.0,0.0,0.0,0.0,0.0,0.0,0.0,0.0
92,2024-05-14,2024-05-15,1,22.51,22.77,49.93,50.58,75.73,76.7,3.36846728151076,3.3662268818298187,3.366106685175095,76.64624922143692,1.516409648082246,1.517349384883729,1.5173906197955456,76.74961754925869,1.0,1.0,1.0,76.7,-0.0007010380891260716,0.000646695010132407,0.0,SPLB,IGLB,-0.0007010380891260716,0.000646695010132407,0.0013477330992584787,False,False,False,,,,,0,0,4389.0,0.0,0.0,0.0,0.0,-0.0,1979.0,0.0,0.0,0.0,0.0,-0.0,1304.0,0.0,0.0,0.0,0.0,-0.0,-0.0,0.259999999999998,0.011484225157007286,0.0,0.0,0.0,0.0,0.0,-0.0,0.6499999999999986,0.012934216729301232,0.0,0.0,0.0,0.0,0.0,-0.0,0.9699999999999989,0.012727325247479188,0.0,0.0,0.0,0.0,0.0,0.0,0.0,0.0,0.0,0.0,0.0,0.0,0.0,0.0
93,2024-05-15,2024-05-16,1,22.77,22.74,50.58,50.47,76.7,76.59,3.368073878627969,3.3663229532566796,3.3662268818298187,76.54799929281008,1.517535169407569,1.5173517314089242,1.517349384883729,76.58062345508179,1.0,1.0,1.0,76.59,-0.0005485341121997248,-0.00012243267956237792,0.0,SPLB,VCLT,-0.0005485341121997248,0.0,0.0005485341121997248,False,False,False,,,,,0,0,4396.0,0.0,0.0,0.0,0.0,-0.0,1982.0,0.0,0.0,0.0,0.0,-0.0,1306.0,0.0,0.0,0.0,0.0,-0.0,-0.0,-0.030000000000001137,-0.0013183917532583356,-0.0,0.0,0.0,0.0,0.0,-0.0,-0.10999999999999943,-0.0021771408896480507,-0.0,0.0,0.0,0.0,0.0,-0.0,-0.10999999999999943,-0.0014351884517083986,-0.0,0.0,0.0,0.0,0.0,0.0,0.0,0.0,0.0,0.0,0.0,0.0,0.0,0.0
94,2024-05-16,2024-05-17,1,22.74,22.67,50.47,50.29,76.59,76.28,3.364799294221438,3.3662122156569225,3.3663229532566796,76.31454135032894,1.516802545237622,1.5173343658165792,1.5173517314089242,76.3076185725548,1.0,1.0,1.0,76.28,0.0004527206623936846,0.000362002803566592,0.0,VCLT,SPLB,0.0,0.0004527206623936846,0.0004527206623936846,False,False,False,,,,,0,0,4413.0,0.0,0.0,0.0,0.0,-0.0,1989.0,0.0,0.0,0.0,0.0,-0.0,1311.0,0.0,0.0,0.0,0.0,-0.0,-0.0,-0.06999999999999673,-0.003083023802952231,-0.0,0.0,0.0,0.0,0.0,-0.0,-0.17999999999999972,-0.003572850168297667,-0.0,0.0,0.0,0.0,0.0,-0.0,-0.3100000000000023,-0.004055739189283848,-0.0,0.0,0.0,0.0,0.0,0.0,0.0,0.0,0.0,0.0,0.0,0.0,0.0,0.0
95,2024-05-17,2024-05-20,3,22.67,22.64,50.29,50.24,76.28,76.2,3.3657243816254416,3.366234420271648,3.3662122156569225,76.21104456247272,1.51671974522293,1.5173349822545796,1.5173343658165792,76.23087853862495,1.0,1.0,1.0,76.2,0.00014493126169118887,0.0004051480821124348,0.0,VCLT,IGLB,0.0,0.0004051480821124348,0.0004051480821124348,False,False,False,,,,,0,0,4416.0,0.0,0.0,0.0,0.0,-0.0,1991.0,0.0,0.0,0.0,0.0,-0.0,1312.0,0.0,0.0,0.0,0.0,-0.0,-0.0,-0.030000000000001137,-0.0013242111844554935,-0.0,0.0,0.0,0.0,0.0,-0.0,-0.04999999999999716,-0.000994728023930047,-0.0,0.0,0.0,0.0,0.0,-0.0,-0.0799999999999983,-0.0010493180396177464,-0.0,0.0,0.0,0.0,0.0,0.0,0.0,0.0,0.0,0.0,0.0,0.0,0.0,0.0
96,2024-05-20,2024-05-21,1,22.64,22.69,50.24,50.36,76.2,76.35,3.3649184662847067,3.36613648077,3.366234420271648,76.3798589959637,1.5160841938046068,1.5172388867566107,1.5173349822545796,76.41298970634062,1.0,1.0,1.0,76.35,0.00039100404518676093,0.0008246723899758006,0.0,VCLT,IGLB,0.0,0.0008246723899758006,0.0008246723899758006,False,False,False,,,,,0,0,4410.0,0.0,0.0,0.0,0.0,-0.0,1988.0,0.0,0.0,0.0,0.0,-0.0,1310.0,0.0,0.0,0.0,0.0,-0.0,-0.0,0.05000000000000071,0.0022060454567681903,0.0,0.0,0.0,0.0,0.0,-0.0,0.11999999999999744,0.0023856870162031526,0.0,0.0,0.0,0.0,0.0,-0.0,0.14999999999999147,0.0019665689720408473,0.0,0.0,0.0,0.0,0.0,0.0,0.0,0.0,0.0,0.0,0.0,0.0,0.0,0.0
97,2024-05-21,2024-05-22,1,22.69,22.69,50.36,50.35,76.35,76.39,3.3666813574261787,3.366160689486379,3.36613648077,76.3776367486713,1.5171797418073485,1.517232627072454,1.5172388867566107,76.39297794819535,1.0,1.0,1.0,76.39,-0.00016185694324810174,3.898272223401967e-05,0.0,SPLB,IGLB,-0.00016185694324810174,3.898272223401967e-05,0.00020083966548212141,False,False,False,,,,,0,0,4406.0,0.0,0.0,0.0,0.0,-0.0,1986.0,0.0,0.0,0.0,0.0,-0.0,1309.0,0.0,0.0,0.0,0.0,-0.0,-0.0,0.0,0.0,0.0,0.0,0.0,0.0,0.0,-0.0,-0.00999999999999801,-0.00019859001157511886,-0.0,0.0,0.0,0.0,0.0,-0.0,0.04000000000000625,0.000523765888627018,0.0,0.0,0.0,0.0,0.0,0.0,0.0,0.0,0.0,0.0,0.0,0.0,0.0,0.0
98,2024-05-22,2024-05-23,1,22.69,22.53,50.35,50.02,76.39,75.87,3.367509986684421,3.3662507351042295,3.366160689486379,75.83960033412812,1.5167932826869253,1.5171985247594322,1.517232627072454,75.89197600616416,1.0,1.0,1.0,75.87,-0.00040076127300844736,0.0002896114942106234,0.0,SPLB,IGLB,-0.00040076127300844736,0.0002896114942106234,0.0006903727672190707,False,False,False,,,,,0,0,4437.0,0.0,0.0,0.0,0.0,-0.0,2000.0,0.0,0.0,0.0,0.0,-0.0,1318.0,0.0,0.0,0.0,0.0,-0.0,-0.0,-0.16000000000000014,-0.007076544347597304,-0.0,0.0,0.0,0.0,0.0,-0.0,-0.3299999999999983,-0.006575693715098294,-0.0,0.0,0.0,0.0,0.0,-0.0,-0.519999999999996,-0.006830448203284849,-0.0,0.0,0.0,0.0,0.0,0.0,0.0,0.0,0.0,0.0,0.0,0.0,0.0,0.0
99,2024-05-23,2024-05-24,1,22.53,22.62,50.02,50.21,75.87,76.14,3.36604774535809,3.3662538026442426,3.3662507351042295,76.14459162805767,1.516430989842661,1.5171149811854985,1.5171985247594322,76.1785379281711,1.0,1.0,1.0,76.14,6.030325208837367e-05,0.0005060175802316485,0.0,VCLT,IGLB,0.0,0.0005060175802316485,0.0005060175802316485,False,False,False,,,,,0,0,4420.0,0.0,0.0,0.0,0.0,-0.0,1992.0,0.0,0.0,0.0,0.0,-0.0,1313.0,0.0,0.0,0.0,0.0,-0.0,-0.0,0.08999999999999986,0.003986716243821383,0.0,0.0,0.0,0.0,0.0,-0.0,0.18999999999999773,0.0037912845971411315,0.0,0.0,0.0,0.0,0.0,-0.0,0.269999999999996,0.0035524016043677006,0.0,0.0,0.0,0.0,0.0,0.0,0.0,0.0,0.0,0.0,0.0,0.0,0.0,0.0
100,2024-05-24,2024-05-28,4,22.62,22.4,50.21,49.75,76.14,75.43,3.3674107142857146,3.366251930784137,3.3662538026442426,75.40408517923103,1.5161809045226131,1.5170349794699507,1.5171149811854985,75.47647031397855,1.0,1.0,1.0,75.43,-0.0003436202234153203,0.0006158823455449637,0.0,SPLB,IGLB,-0.0003436202234153203,0.0006158823455449637,0.000959502568960284,False,False,False,,,,,0,0,4464.0,0.0,0.0,0.0,0.0,-0.0,2012.0,0.0,0.0,0.0,0.0,-0.0,1326.0,0.0,0.0,0.0,0.0,-0.0,-0.0,-0.22000000000000242,-0.009773511826980294,-0.0,0.0,0.0,0.0,0.0,-0.0,-0.46000000000000085,-0.009203746442012386,-0.0,0.0,0.0,0.0,0.0,-0.0,-0.7099999999999937,-0.009368677088811709,-0.0,0.0,0.0,0.0,0.0,0.0,0.0,0.0,0.0,0.0,0.0,0.0,0.0,0.0
101,2024-05-28,2024-05-29,1,22.4,22.22,49.75,49.34,75.43,74.75,3.364086408640864,3.366092614852544,3.366251930784137,74.79811790202352,1.5149979732468584,1.516883238788031,1.5170349794699507,74.85050588704738,1.0,1.0,1.0,74.75,0.0006435106554203374,0.0013436572499894754,0.0,VCLT,IGLB,0.0,0.0013436572499894754,0.0013436572499894754,False,False,False,,,,,0,0,4504.0,0.0,0.0,0.0,0.0,-0.0,2030.0,0.0,0.0,0.0,0.0,-0.0,1338.0,0.0,0.0,0.0,0.0,-0.0,-0.0,-0.17999999999999972,-0.008068174649510203,-0.0,0.0,0.0,0.0,0.0,-0.0,-0.4099999999999966,-0.008275352503391042,-0.0,0.0,0.0,0.0,0.0,-0.0,-0.6800000000000068,-0.009055861594743817,-0.0,0.0,0.0,0.0,0.0,0.0,0.0,0.0,0.0,0.0,0.0,0.0,0.0,0.0
102,2024-05-29,2024-05-30,1,22.22,22.4,49.34,49.75,74.75,75.41,3.366517857142857,3.36611088520515,3.366092614852544,75.40047457269698,1.5157788944723618,1.5167511847396475,1.516883238788031,75.46494112970454,1.0,1.0,1.0,75.41,-0.00012632315285359373,0.0007283002958829264,0.0,SPLB,IGLB,-0.00012632315285359373,0.0007283002958829264,0.0008546234487365202,False,False,False,,,,,0,0,4463.0,0.0,0.0,0.0,0.0,-0.0,2011.0,0.0,0.0,0.0,0.0,-0.0,1326.0,0.0,0.0,0.0,0.0,-0.0,-0.0,0.17999999999999972,0.00806817464951018,0.0,0.0,0.0,0.0,0.0,-0.0,0.4099999999999966,0.008275352503391105,0.0,0.0,0.0,0.0,0.0,-0.0,0.6599999999999966,0.008790679943759733,0.0,0.0,0.0,0.0,0.0,0.0,0.0,0.0,0.0,0.0,0.0,0.0,0.0,0.0
103,2024-05-30,2024-05-31,1,22.4,22.57,49.75,50.12,75.41,75.94,3.3646433318564464,3.366054763509683,3.36611088520515,75.97312267908023,1.5151636073423784,1.5166822898073957,1.5167511847396475,76.01956937915114,1.0,1.0,1.0,75.94,0.0004360739746636829,0.0010472441682790443,0.0,VCLT,IGLB,0.0,0.0010472441682790443,0.0010472441682790443,True,False,False,,,,,0,0,4433.0,0.0,0.0,0.0,0.0,-0.0,1998.0,0.0,0.0,0.0,0.0,-0.0,1317.0,0.0,0.0,0.0,0.0,-0.0,-0.0,0.1700000000000017,0.007560631968450296,0.0,0.0,0.0,0.0,0.0,-0.0,0.36999999999999744,0.0074096664232657945,0.0,0.0,0.0,0.0,0.0,-0.0,0.5300000000000011,0.007003662589100581,0.0,0.0,0.0,0.0,0.0,0.0,0.0,0.0,0.0,0.0,0.0,0.0,0.0,0.0
104,2024-05-31,2024-06-03,3,22.57,22.69,50.12,50.35,75.94,76.39,3.3666813574261787,3.366152224238135,3.366054763509683,76.37578258403471,1.5171797418073485,1.5166705299680268,1.5166822898073957,76.36495329180238,1.0,1.0,1.0,76.39,-0.00018613351453253046,-0.0003279331750930028,0.0,IGLB,VCLT,-0.0003279331750930028,0.0,0.0003279331750930028,False,False,False,,,,,0,0,4406.0,0.0,0.0,0.0,0.0,-0.0,1985.0,0.0,0.0,0.0,0.0,-0.0,1309.0,0.0,0.0,0.0,0.0,-0.0,-0.0,0.120000000000001,0.005302707962305998,0.0,0.0,0.0,0.0,0.0,-0.0,0.23000000000000398,0.00457848913670379,0.0,0.0,0.0,0.0,0.0,-0.0,0.45000000000000284,0.005908242749612149,0.0,0.0,0.0,0.0,0.0,0.0,0.0,0.0,0.0,0.0,0.0,0.0,0.0,0.0
105,2024-06-03,2024-06-04,1,22.69,22.83,50.35,50.65,76.39,76.86,3.366622864651774,3.3662167008040575,3.366152224238135,76.84925527935663,1.5174728529121422,1.5166876308384387,1.5166705299680268,76.81936234288055,1.0,1.0,1.0,76.86,-0.00013980577345644248,-0.0005288629188343693,0.0,IGLB,VCLT,-0.0005288629188343693,0.0,0.0005288629188343693,False,False,False,,,,,0,0,4379.0,0.0,0.0,0.0,0.0,-0.0,1973.0,0.0,0.0,0.0,0.0,-0.0,1301.0,0.0,0.0,0.0,0.0,-0.0,-0.0,0.13999999999999702,0.006151161749953714,0.0,0.0,0.0,0.0,0.0,-0.0,0.29999999999999716,0.005940611530120934,0.0,0.0,0.0,0.0,0.0,-0.0,0.46999999999999886,0.006133787583429443,0.0,0.0,0.0,0.0,0.0,0.0,0.0,0.0,0.0,0.0,0.0,0.0,0.0,0.0
106,2024-06-04,2024-06-05,1,22.83,22.96,50.65,50.92,76.86,77.28,3.3658536585365852,3.3661782696607583,3.3662167008040575,77.28833545046116,1.5176747839748626,1.5167213700371818,1.5166876308384387,77.2297341622933,1.0,1.0,1.0,77.28,0.00010785456730131882,-0.0006506494849990465,0.0,IGLB,SPLB,-0.0006506494849990465,0.00010785456730131882,0.0007585040523003653,False,False,False,,,,,0,0,4356.0,0.0,0.0,0.0,0.0,-0.0,1963.0,0.0,0.0,0.0,0.0,-0.0,1294.0,0.0,0.0,0.0,0.0,-0.0,-0.0,0.13000000000000256,0.005678110909661612,0.0,0.0,0.0,0.0,0.0,-0.0,0.2700000000000031,0.005316542994513459,0.0,0.0,0.0,0.0,0.0,-0.0,0.4200000000000017,0.005449604767564685,0.0,0.0,0.0,0.0,0.0,0.0,0.0,0.0,0.0,0.0,0.0,0.0,0.0,0.0
107,2024-06-05,2024-06-06,1,22.96,22.93,50.92,50.84,77.28,77.15,3.364587876144789,3.3659502403739276,3.3661782696607583,77.18646772332119,1.5175059008654603,1.5166774366295808,1.5167213700371818,77.11011445269033,1.0,1.0,1.0,77.15,0.0004725742987099438,-0.0005171206872239091,0.0,IGLB,SPLB,-0.0005171206872239091,0.0004725742987099438,0.000989694985933853,False,False,False,,,,,0,0,4363.0,0.0,0.0,0.0,0.0,-0.0,1966.0,0.0,0.0,0.0,0.0,-0.0,1296.0,0.0,0.0,0.0,0.0,-0.0,-0.0,-0.030000000000001137,-0.0013074745815526137,-0.0,0.0,0.0,0.0,0.0,-0.0,-0.0799999999999983,-0.00157232736795241,-0.0,0.0,0.0,0.0,0.0,-0.0,-0.12999999999999545,-0.0016836110950926469,-0.0,0.0,0.0,0.0,0.0,0.0,0.0,0.0,0.0,0.0,0.0,0.0,0.0,0.0
108,2024-06-06,2024-06-07,1,22.93,22.63,50.84,50.21,77.15,76.15,3.365002209456474,3.3659559064023066,3.3659502403739276,76.17145393966197,1.5166301533559052,1.516677614169171,1.5166774366295808,76.15237409317125,1.0,1.0,1.0,76.15,0.00028169294933772074,3.117604942899438e-05,0.0,VCLT,SPLB,0.0,0.00028169294933772074,0.00028169294933772074,False,False,False,,,,,0,0,4419.0,0.0,0.0,0.0,0.0,-0.0,1991.0,0.0,0.0,0.0,0.0,-0.0,1313.0,0.0,0.0,0.0,0.0,-0.0,-0.0,-0.3000000000000007,-0.013169637224367139,-0.0,0.0,0.0,0.0,0.0,-0.0,-0.6300000000000026,-0.012469236274639226,-0.0,0.0,0.0,0.0,0.0,-0.0,-1.0,-0.013046499467999082,-0.0,0.0,0.0,0.0,0.0,0.0,0.0,0.0,0.0,0.0,0.0,0.0,0.0,0.0
109,2024-06-07,2024-06-10,3,22.63,22.54,50.21,50.02,76.15,75.86,3.365572315882875,3.3659391183588774,3.3659559064023066,75.868646130308,1.516593362654938,1.5166372360335614,1.516677614169171,75.86421426074193,1.0,1.0,1.0,75.86,0.0001139683314635244,5.5551590938131874e-05,0.0,VCLT,SPLB,0.0,0.0001139683314635244,0.0001139683314635244,False,False,True,,,,,0,0,4436.0,0.0,0.0,0.0,0.0,-0.0,1999.0,0.0,0.0,0.0,0.0,-0.0,1318.0,0.0,0.0,0.0,0.0,-0.0,-0.0,-0.08999999999999986,-0.003984951033815762,-0.0,0.0,0.0,0.0,0.0,-0.0,-0.18999999999999773,-0.0037912845971411267,-0.0,0.0,0.0,0.0,0.0,-0.0,-0.29000000000000625,-0.0038155430804180544,-0.0,0.0,0.0,0.0,0.0,0.0,0.0,0.0,0.0,0.0,0.0,0.0,0.0,0.0
110,2024-06-10,2024-06-11,1,22.54,22.68,50.02,50.31,75.86,76.33,3.365520282186949,3.3659501904521685,3.3659391183588774,76.33949920437934,1.517193400914331,1.5166525152469499,1.5166372360335614,76.30201934484847,1.0,1.0,1.0,76.33,0.00012444141680028207,-0.00036664201371471684,0.0,IGLB,SPLB,-0.00036664201371471684,0.00012444141680028207,0.0004910834305149989,False,False,False,,,,,0,0,4409.0,0.0,0.0,0.0,0.0,-0.0,1987.0,0.0,0.0,0.0,0.0,-0.0,1310.0,0.0,0.0,0.0,0.0,-0.0,-0.0,0.14000000000000057,0.006191970247921201,0.0,0.0,0.0,0.0,0.0,-0.0,0.28999999999999915,0.0057809390537542325,0.0,0.0,0.0,0.0,0.0,-0.0,0.46999999999999886,0.006176509549626206,0.0,0.0,0.0,0.0,0.0,0.0,0.0,0.0,0.0,0.0,0.0,0.0,0.0,0.0
111,2024-06-11,2024-06-12,1,22.68,22.85,50.31,50.69,76.33,76.9,3.365426695842451,3.366007398189648,3.3659501904521685,76.91196185183206,1.5170645097652398,1.5166695700963175,1.5166525152469499,76.87911599786788,1.0,1.0,1.0,76.9,0.00015553864227671756,-0.00027161038252810065,0.0,IGLB,SPLB,-0.00027161038252810065,0.00015553864227671756,0.0004271490248048182,False,False,False,,,,,0,0,4376.0,0.0,0.0,0.0,0.0,-0.0,1972.0,0.0,0.0,0.0,0.0,-0.0,1300.0,0.0,0.0,0.0,0.0,-0.0,-0.0,0.1700000000000017,0.007467638480662481,0.0,0.0,0.0,0.0,0.0,-0.0,0.37999999999999545,0.007524787981030622,0.0,0.0,0.0,0.0,0.0,-0.0,0.5700000000000074,0.007439830701219361,0.0,0.0,0.0,0.0,0.0,0.0,0.0,0.0,0.0,0.0,0.0,0.0,0.0,0.0
112,2024-06-12,2024-06-13,1,22.85,23.02,50.69,51.08,76.9,77.48,3.3657688966116424,3.3658724789446923,3.366007398189648,77.4854903063257,1.5168363351605327,1.5166909044502317,1.5166695700963175,77.4714816405199,1.0,1.0,1.0,77.48,7.085843844502306e-05,-0.00010994873231933988,0.0,IGLB,SPLB,-0.00010994873231933988,7.085843844502306e-05,0.00018080717076436294,False,False,True,,,,,0,0,4346.0,0.0,0.0,0.0,0.0,-0.0,1958.0,0.0,0.0,0.0,0.0,-0.0,1291.0,0.0,0.0,0.0,0.0,-0.0,-0.0,0.16999999999999815,0.007412285953522856,0.0,0.0,0.0,0.0,0.0,-0.0,0.39000000000000057,0.007664378680080455,0.0,0.0,0.0,0.0,0.0,-0.0,0.5799999999999983,0.007513962027196733,0.0,0.0,0.0,0.0,0.0,0.0,0.0,0.0,0.0,0.0,0.0,0.0,0.0,0.0
113,2024-06-13,2024-06-14,1,23.02,23.08,51.08,51.19,77.48,77.66,3.364818024263432,3.3657096862264657,3.3658724789446923,77.68433681404349,1.5170931822621605,1.516668805092961,1.5166909044502317,77.63940739880735,1.0,1.0,1.0,77.66,0.00031332734416621963,-0.0002651987107774771,0.0,IGLB,SPLB,-0.0002651987107774771,0.00031332734416621963,0.0005785260549436967,False,False,False,,,,,0,0,4335.0,0.0,0.0,0.0,0.0,-0.0,1953.0,0.0,0.0,0.0,0.0,-0.0,1288.0,0.0,0.0,0.0,0.0,-0.0,-0.0,0.05999999999999872,0.002603038346162208,0.0,0.0,0.0,0.0,0.0,-0.0,0.10999999999999943,0.0021511693051532413,0.0,0.0,0.0,0.0,0.0,-0.0,0.1799999999999926,0.0023204857647259724,0.0,0.0,0.0,0.0,0.0,0.0,0.0,0.0,0.0,0.0,0.0,0.0,0.0,0.0
114,2024-06-14,2024-06-17,3,23.08,22.91,51.19,50.83,77.66,77.08,3.364469663902226,3.3656932047105044,3.3657096862264657,77.10840891144834,1.5164273067086367,1.516650043166512,1.516668805092961,77.09227536287521,1.0,1.0,1.0,77.08,0.000368496075293479,0.00015924215780388726,0.0,VCLT,SPLB,0.0,0.000368496075293479,0.000368496075293479,False,False,False,,,,,0,0,4365.0,0.0,0.0,0.0,0.0,-0.0,1967.0,0.0,0.0,0.0,0.0,-0.0,1297.0,0.0,0.0,0.0,0.0,-0.0,-0.0,-0.16999999999999815,-0.0073929451744945964,-0.0,0.0,0.0,0.0,0.0,-0.0,-0.35999999999999943,-0.007057469010680727,-0.0,0.0,0.0,0.0,0.0,-0.0,-0.5799999999999983,-0.007496480757355602,-0.0,0.0,0.0,0.0,0.0,0.0,0.0,0.0,0.0,0.0,0.0,0.0,0.0,0.0
115,2024-06-17,2024-06-18,1,22.91,23.05,50.83,51.15,77.08,77.6,3.3665943600867676,3.3657367036335715,3.3656932047105044,77.57922836857713,1.5171065493646139,1.5166693833735962,1.516650043166512,77.57664970796708,1.0,1.0,1.0,77.6,-0.0002677114941902086,-0.0003009511064080279,0.0,IGLB,VCLT,-0.0003009511064080279,0.0,0.0003009511064080279,False,False,False,,,,,0,0,4338.0,0.0,0.0,0.0,0.0,-0.0,1955.0,0.0,0.0,0.0,0.0,-0.0,1289.0,0.0,0.0,0.0,0.0,-0.0,-0.0,0.14000000000000057,0.006092272977253328,0.0,0.0,0.0,0.0,0.0,-0.0,0.3200000000000003,0.006275760938824423,0.0,0.0,0.0,0.0,0.0,-0.0,0.519999999999996,0.006723583643007313,0.0,0.0,0.0,0.0,0.0,0.0,0.0,0.0,0.0,0.0,0.0,0.0,0.0,0.0
116,2024-06-18,2024-06-20,2,23.05,22.93,51.15,50.89,77.6,77.14,3.3641517662450937,3.36569836863159,3.3657367036335715,77.17634261431779,1.515818431911967,1.516656095278964,1.5166693833735962,77.18330491988232,1.0,1.0,1.0,77.14,0.00047101446773549396,0.0005612233491429507,0.0,VCLT,IGLB,0.0,0.0005612233491429507,0.0005612233491429507,False,False,False,,,,,0,0,4362.0,0.0,0.0,0.0,0.0,-0.0,1966.0,0.0,0.0,0.0,0.0,-0.0,1296.0,0.0,0.0,0.0,0.0,-0.0,-0.0,-0.120000000000001,-0.005219672572844493,-0.0,0.0,0.0,0.0,0.0,-0.0,-0.259999999999998,-0.005096051796894113,-0.0,0.0,0.0,0.0,0.0,-0.0,-0.45999999999999375,-0.0059454744090912,-0.0,0.0,0.0,0.0,0.0,0.0,0.0,0.0,0.0,0.0,0.0,0.0,0.0,0.0
117,2024-06-20,2024-06-21,1,22.93,22.94,50.89,50.91,77.14,77.23,3.366608544027899,3.3656947279616767,3.36569836863159,77.20912057640868,1.5169907680219998,1.5166466465896968,1.516656095278964,77.21296181065206,1.0,1.0,1.0,77.23,-0.0002703903472204397,-0.00022064054220815438,0.0,SPLB,VCLT,-0.0002703903472204397,0.0,0.0002703903472204397,False,False,False,,,,,0,0,4359.0,0.0,0.0,0.0,0.0,-0.0,1964.0,0.0,0.0,0.0,0.0,-0.0,1295.0,0.0,0.0,0.0,0.0,-0.0,-0.0,0.010000000000001563,0.0004360148314116171,0.0,0.0,0.0,0.0,0.0,-0.0,0.01999999999999602,0.0003929273135032925,0.0,0.0,0.0,0.0,0.0,-0.0,0.09000000000000341,0.0011660298010907353,0.0,0.0,0.0,0.0,0.0,0.0,0.0,0.0,0.0,0.0,0.0,0.0,0.0,0.0
118,2024-06-21,2024-06-24,3,22.94,22.98,50.91,50.98,77.23,77.29,3.3633594429939078,3.365487200777151,3.3656947279616767,77.34366484855933,1.516084739113378,1.5166112194110195,1.5166466465896968,77.31864604314273,1.0,1.0,1.0,77.29,0.0006940901357586287,0.00037056198606807387,0.0,VCLT,SPLB,0.0,0.0006940901357586287,0.0006940901357586287,False,False,False,,,,,0,0,4355.0,0.0,0.0,0.0,0.0,-0.0,1963.0,0.0,0.0,0.0,0.0,-0.0,1294.0,0.0,0.0,0.0,0.0,-0.0,-0.0,0.03999999999999915,0.0017421607193848518,0.0,0.0,0.0,0.0,0.0,-0.0,0.07000000000000028,0.0013740310337247686,0.0,0.0,0.0,0.0,0.0,-0.0,0.060000000000002274,0.0007765985376071859,0.0,0.0,0.0,0.0,0.0,0.0,0.0,0.0,0.0,0.0,0.0,0.0,0.0,0.0
119,2024-06-24,2024-06-25,1,22.98,22.98,50.98,50.99,77.29,77.32,3.3646649260226282,3.365418059810378,3.365487200777151,77.33889587385893,1.5163757599529317,1.5166084579165329,1.5166112194110195,77.33200607776789,1.0,1.0,1.0,77.32,0.0002443554746230258,0.00015526572330361413,0.0,VCLT,SPLB,0.0,0.0002443554746230258,0.0002443554746230258,False,False,False,,,,,0,0,4352.0,0.0,0.0,0.0,0.0,-0.0,1961.0,0.0,0.0,0.0,0.0,-0.0,1293.0,0.0,0.0,0.0,0.0,-0.0,-0.0,0.0,0.0,0.0,0.0,0.0,0.0,0.0,-0.0,0.010000000000005116,0.00019613611909515325,0.0,0.0,0.0,0.0,0.0,-0.0,0.029999999999986926,0.0003880732213502832,0.0,0.0,0.0,0.0,0.0,0.0,0.0,0.0,0.0,0.0,0.0,0.0,0.0,0.0
120,2024-06-25,2024-06-26,1,22.98,22.76,50.99,50.54,77.32,76.63,3.3668717047451664,3.3653911093333506,3.365418059810378,76.5969150412842,1.5162247724574593,1.5166106513132753,1.5166084579165329,76.64939146310157,1.0,1.0,1.0,76.63,-0.0004318426592487072,0.0002530211402840296,0.0,SPLB,IGLB,-0.0004318426592487072,0.0002530211402840296,0.0006848637995327369,False,False,False,,,,,0,0,4392.0,0.0,0.0,0.0,0.0,-0.0,1979.0,0.0,0.0,0.0,0.0,-0.0,1305.0,0.0,0.0,0.0,0.0,-0.0,-0.0,-0.21999999999999886,-0.009619663162479425,-0.0,0.0,0.0,0.0,0.0,-0.0,-0.45000000000000284,-0.00886443310701629,-0.0,0.0,0.0,0.0,0.0,-0.0,-0.6899999999999977,-0.008964009357817217,-0.0,0.0,0.0,0.0,0.0,0.0,0.0,0.0,0.0,0.0,0.0,0.0,0.0,0.0
121,2024-06-26,2024-06-27,1,22.76,22.82,50.54,50.67,76.63,76.81,3.3659070990359337,3.3654821438531037,3.3653911093333506,76.79822511498706,1.5158871126899547,1.51665510828543,1.5166106513132753,76.84666170204366,1.0,1.0,1.0,76.81,-0.0001533106059547403,0.00047718988989156656,0.0,SPLB,IGLB,-0.0001533106059547403,0.00047718988989156656,0.0006305004958463069,False,False,False,,,,,0,0,4382.0,0.0,0.0,0.0,0.0,-0.0,1975.0,0.0,0.0,0.0,0.0,-0.0,1302.0,0.0,0.0,0.0,0.0,-0.0,-0.0,0.05999999999999872,0.0026327351757993345,0.0,0.0,0.0,0.0,0.0,-0.0,0.13000000000000256,0.0025689175277703482,0.0,0.0,0.0,0.0,0.0,-0.0,0.18000000000000682,0.002346195028277725,0.0,0.0,0.0,0.0,0.0,0.0,0.0,0.0,0.0,0.0,0.0,0.0,0.0,0.0
122,2024-06-27,2024-06-28,1,22.82,22.55,50.67,50.04,76.81,75.86,3.3640798226164077,3.365360242126781,3.3654821438531037,75.89162234388749,1.5159872102318146,1.5166655240734026,1.51665510828543,75.89342161860291,1.0,1.0,1.0,75.86,0.0004167644978917925,0.0004404726929620435,0.0,VCLT,IGLB,0.0,0.0004404726929620435,0.0004404726929620435,True,False,False,,,,,0,0,4436.0,0.0,0.0,0.0,0.0,-0.0,1999.0,0.0,0.0,0.0,0.0,-0.0,1318.0,0.0,0.0,0.0,0.0,-0.0,-0.0,-0.2699999999999996,-0.011902278485242189,-0.0,0.0,0.0,0.0,0.0,-0.0,-0.6300000000000026,-0.012511333889108092,-0.0,0.0,0.0,0.0,0.0,-0.0,-0.9500000000000028,-0.012445303749837698,-0.0,0.0,0.0,0.0,0.0,0.0,0.0,0.0,0.0,0.0,0.0,0.0,0.0,0.0
123,2024-06-28,2024-07-01,3,22.55,22.25,50.04,49.38,75.86,74.85,3.3640449438202245,3.36533032272497,3.365360242126781,74.87926538732088,1.5157958687727824,1.516697137144923,1.5166655240734026,74.89294357874462,1.0,1.0,1.0,74.85,0.00039091072300210183,0.0005735639876656807,0.0,VCLT,IGLB,0.0,0.0005735639876656807,0.0005735639876656807,False,False,False,,,,,0,0,4496.0,0.0,0.0,0.0,0.0,-0.0,2026.0,0.0,0.0,0.0,0.0,-0.0,1336.0,0.0,0.0,0.0,0.0,-0.0,-0.0,-0.3000000000000007,-0.013393057336438136,-0.0,0.0,0.0,0.0,0.0,-0.0,-0.6599999999999966,-0.013277201681676863,-0.0,0.0,0.0,0.0,0.0,-0.0,-1.0100000000000051,-0.013403425395115569,-0.0,0.0,0.0,0.0,0.0,0.0,0.0,0.0,0.0,0.0,0.0,0.0,0.0,0.0
124,2024-07-01,2024-07-02,1,22.25,22.44,49.38,49.82,74.85,75.56,3.3672014260249554,3.3653563261549087,3.36533032272497,75.51801244194833,1.516659975913288,1.51667114885022,1.516697137144923,75.56185137256006,1.0,1.0,1.0,75.56,-0.0005558394428684743,2.4501718888782007e-05,0.0,SPLB,IGLB,-0.0005558394428684743,2.4501718888782007e-05,0.0005803411617572563,False,False,False,,,,,0,0,4452.0,0.0,0.0,0.0,0.0,-0.0,2007.0,0.0,0.0,0.0,0.0,-0.0,1323.0,0.0,0.0,0.0,0.0,-0.0,-0.0,0.19000000000000128,0.008503072042246394,0.0,0.0,0.0,0.0,0.0,-0.0,0.4399999999999977,0.008871025917000789,0.0,0.0,0.0,0.0,0.0,-0.0,0.710000000000008,0.00944093176767153,0.0,0.0,0.0,0.0,0.0,0.0,0.0,0.0,0.0,0.0,0.0,0.0,0.0,0.0
125,2024-07-02,2024-07-03,1,22.44,22.67,49.82,50.29,75.56,76.3,3.365681517423908,3.3653092587935154,3.3653563261549087,76.29262791393178,1.517200238616027,1.5166575181354143,1.51667114885022,76.27339207567756,1.0,1.0,1.0,76.3,-9.662440675848462e-05,-0.0003487885302960293,0.0,IGLB,VCLT,-0.0003487885302960293,0.0,0.0003487885302960293,False,False,False,,,,,0,0,4412.0,0.0,0.0,0.0,0.0,-0.0,1988.0,0.0,0.0,0.0,0.0,-0.0,1311.0,0.0,0.0,0.0,0.0,-0.0,-0.0,0.23000000000000043,0.010197383864942063,0.0,0.0,0.0,0.0,0.0,-0.0,0.46999999999999886,0.009389740349838917,0.0,0.0,0.0,0.0,0.0,-0.0,0.7399999999999949,0.009745895657102497,0.0,0.0,0.0,0.0,0.0,0.0,0.0,0.0,0.0,0.0,0.0,0.0,0.0,0.0
126,2024-07-03,2024-07-05,2,22.67,22.82,50.29,50.67,76.3,76.82,3.366345311130587,3.365333841423216,3.3653092587935154,76.79635728566802,1.5160844681270966,1.5165780023430258,1.5166575181354143,76.84903644392145,1.0,1.0,1.0,76.82,-0.0003078150652235838,0.0003779088479886697,0.0,SPLB,IGLB,-0.0003078150652235838,0.0003779088479886697,0.0006857239132122535,False,False,False,,,,,0,0,4382.0,0.0,0.0,0.0,0.0,-0.0,1975.0,0.0,0.0,0.0,0.0,-0.0,1302.0,0.0,0.0,0.0,0.0,-0.0,-0.0,0.14999999999999858,0.006594879914491991,0.0,0.0,0.0,0.0,0.0,-0.0,0.38000000000000256,0.007527769303945156,0.0,0.0,0.0,0.0,0.0,-0.0,0.519999999999996,0.006792084627347277,0.0,0.0,0.0,0.0,0.0,0.0,0.0,0.0,0.0,0.0,0.0,0.0,0.0,0.0
127,2024-07-05,2024-07-08,3,22.82,22.86,50.67,50.71,76.82,76.88,3.363079615048119,3.3652584283683824,3.365333841423216,76.93153161493471,1.516071780713863,1.516506296335446,1.5165780023430258,76.90567049881484,1.0,1.0,1.0,76.88,0.0006700618129438052,0.000333847737178734,0.0,VCLT,SPLB,0.0,0.0006700618129438052,0.0006700618129438052,False,False,False,,,,,0,0,4378.0,0.0,0.0,0.0,0.0,-0.0,1973.0,0.0,0.0,0.0,0.0,-0.0,1301.0,0.0,0.0,0.0,0.0,-0.0,-0.0,0.03999999999999915,0.00175131393273488,0.0,0.0,0.0,0.0,0.0,-0.0,0.03999999999999915,0.0007891103191092326,0.0,0.0,0.0,0.0,0.0,-0.0,0.060000000000002274,0.0007807417442784104,0.0,0.0,0.0,0.0,0.0,0.0,0.0,0.0,0.0,0.0,0.0,0.0,0.0,0.0
128,2024-07-08,2024-07-09,1,22.86,22.78,50.71,50.54,76.88,76.62,3.363476733977173,3.365182154594417,3.3652584283683824,76.66058699823175,1.51602690937871,1.5164761341365862,1.516506296335446,76.64422821679345,1.0,1.0,1.0,76.62,0.0005295778151054082,0.0003161627116405597,0.0,VCLT,SPLB,0.0,0.0005295778151054082,0.0005295778151054082,False,False,False,,,,,0,0,4392.0,0.0,0.0,0.0,0.0,-0.0,1979.0,0.0,0.0,0.0,0.0,-0.0,1305.0,0.0,0.0,0.0,0.0,-0.0,-0.0,-0.0799999999999983,-0.0035057003476283858,-0.0,0.0,0.0,0.0,0.0,-0.0,-0.1700000000000017,-0.00335802784687959,-0.0,0.0,0.0,0.0,0.0,-0.0,-0.2599999999999909,-0.0033876253895339706,-0.0,0.0,0.0,0.0,0.0,0.0,0.0,0.0,0.0,0.0,0.0,0.0,0.0,0.0
129,2024-07-09,2024-07-10,1,22.78,22.86,50.54,50.72,76.62,76.88,3.363079615048119,3.3650575195526797,3.365182154594417,76.92806405402837,1.5157728706624605,1.5164351095369624,1.5164761341365862,76.91566952340766,1.0,1.0,1.0,76.88,0.0006249874593832375,0.0004638560260865146,0.0,VCLT,SPLB,0.0,0.0006249874593832375,0.0006249874593832375,False,False,False,,,,,0,0,4378.0,0.0,0.0,0.0,0.0,-0.0,1973.0,0.0,0.0,0.0,0.0,-0.0,1301.0,0.0,0.0,0.0,0.0,-0.0,-0.0,0.0799999999999983,0.003505700347628487,0.0,0.0,0.0,0.0,0.0,-0.0,0.17999999999999972,0.003555208168922378,0.0,0.0,0.0,0.0,0.0,-0.0,0.2599999999999909,0.003387625389534033,0.0,0.0,0.0,0.0,0.0,0.0,0.0,0.0,0.0,0.0,0.0,0.0,0.0,0.0
130,2024-07-10,2024-07-11,1,22.86,23.02,50.72,51.06,76.88,77.42,3.3631624674196354,3.3649396288143136,3.3650575195526797,77.46362410010269,1.5162553858206032,1.516388208782276,1.5164351095369624,77.4291766929573,1.0,1.0,1.0,77.42,0.0005633145725989646,0.0001185242719920018,0.0,VCLT,SPLB,0.0,0.0005633145725989646,0.0005633145725989646,False,False,False,,,,,0,0,4348.0,0.0,0.0,0.0,0.0,-0.0,1959.0,0.0,0.0,0.0,0.0,-0.0,1292.0,0.0,0.0,0.0,0.0,-0.0,-0.0,0.16000000000000014,0.006974744927071951,0.0,0.0,0.0,0.0,0.0,-0.0,0.3400000000000034,0.006681101684367353,0.0,0.0,0.0,0.0,0.0,-0.0,0.5400000000000063,0.006999380487465051,0.0,0.0,0.0,0.0,0.0,0.0,0.0,0.0,0.0,0.0,0.0,0.0,0.0,0.0
131,2024-07-11,2024-07-12,1,23.02,23.13,51.06,51.33,77.42,77.84,3.365326415910074,3.3649346148176953,3.3649396288143136,77.83105361447507,1.5164621079290863,1.5163580886904682,1.516388208782276,77.83620675679423,1.0,1.0,1.0,77.84,-0.00011493961564548361,-4.8732472168427885e-05,0.0,SPLB,VCLT,-0.00011493961564548361,0.0,0.00011493961564548361,False,False,True,,,,,0,0,4324.0,0.0,0.0,0.0,0.0,-0.0,1949.0,0.0,0.0,0.0,0.0,-0.0,1285.0,0.0,0.0,0.0,0.0,-0.0,-0.0,0.10999999999999943,0.004767072949611267,0.0,0.0,0.0,0.0,0.0,-0.0,0.269999999999996,0.005273964758873884,0.0,0.0,0.0,0.0,0.0,-0.0,0.4200000000000017,0.0054102927282477006,0.0,0.0,0.0,0.0,0.0,0.0,0.0,0.0,0.0,0.0,0.0,0.0,0.0,0.0
132,2024-07-12,2024-07-15,3,23.13,22.92,51.33,50.86,77.84,77.13,3.3651832460732978,3.3649053322907774,3.3649346148176953,77.12430137162158,1.516515926071569,1.51634206823602,1.5163580886904682,77.12197239079721,1.0,1.0,1.0,77.13,-7.388615202730518e-05,-0.00010408436385751999,0.0,IGLB,VCLT,-0.00010408436385751999,0.0,0.00010408436385751999,False,False,True,,,,,0,0,4364.0,0.0,0.0,0.0,0.0,-0.0,1967.0,0.0,0.0,0.0,0.0,-0.0,1297.0,0.0,0.0,0.0,0.0,-0.0,-0.0,-0.2099999999999973,-0.009120584396808854,-0.0,0.0,0.0,0.0,0.0,-0.0,-0.46999999999999886,-0.009198616578238238,-0.0,0.0,0.0,0.0,0.0,-0.0,-0.710000000000008,-0.009163127931841937,-0.0,0.0,0.0,0.0,0.0,0.0,0.0,0.0,0.0,0.0,0.0,0.0,0.0,0.0
133,2024-07-15,2024-07-16,1,22.92,23.15,50.86,51.38,77.13,77.89,3.364578833693305,3.364893372762271,3.3649053322907774,77.89755844253149,1.5159595173219151,1.516285384989008,1.51634206823602,77.90965546596671,1.0,1.0,1.0,77.89,9.703525253221807e-05,0.0002523171955958198,0.0,VCLT,IGLB,0.0,0.0002523171955958198,0.0002523171955958198,False,False,False,,,,,0,0,4321.0,0.0,0.0,0.0,0.0,-0.0,1947.0,0.0,0.0,0.0,0.0,-0.0,1284.0,0.0,0.0,0.0,0.0,-0.0,-0.0,0.22999999999999687,0.009984888685704225,0.0,0.0,0.0,0.0,0.0,-0.0,0.5200000000000031,0.010172231687764084,0.0,0.0,0.0,0.0,0.0,-0.0,0.7600000000000051,0.009805264985949465,0.0,0.0,0.0,0.0,0.0,0.0,0.0,0.0,0.0,0.0,0.0,0.0,0.0,0.0
134,2024-07-16,2024-07-17,1,23.15,23.17,51.38,51.41,77.89,77.98,3.3655589123867067,3.364947835186496,3.364893372762271,77.96457944690182,1.5168255203267849,1.5163052956699152,1.516285384989008,77.95223164228489,1.0,1.0,1.0,77.98,-0.00019776965897932915,-0.0003561593099283716,0.0,IGLB,VCLT,-0.0003561593099283716,0.0,0.0003561593099283716,False,False,False,,,,,0,0,4314.0,0.0,0.0,0.0,0.0,-0.0,1944.0,0.0,0.0,0.0,0.0,-0.0,1282.0,0.0,0.0,0.0,0.0,-0.0,-0.0,0.020000000000003126,0.0008635579120419842,0.0,0.0,0.0,0.0,0.0,-0.0,0.02999999999999403,0.0005837143856755806,0.0,0.0,0.0,0.0,0.0,-0.0,0.09000000000000341,0.0011548086225941522,0.0,0.0,0.0,0.0,0.0,0.0,0.0,0.0,0.0,0.0,0.0,0.0,0.0,0.0
135,2024-07-17,2024-07-18,1,23.17,23.02,51.41,51.06,77.98,77.48,3.3657688966116424,3.3649065620127394,3.364947835186496,77.46109916599313,1.517430473952213,1.5163214918992953,1.5163052956699152,77.42254839690588,1.0,1.0,1.0,77.48,-0.000243974441931307,-0.0007417774119665608,0.0,IGLB,VCLT,-0.0007417774119665608,0.0,0.0007417774119665608,False,False,False,,,,,0,0,4344.0,0.0,0.0,0.0,0.0,-0.0,1958.0,0.0,0.0,0.0,0.0,-0.0,1291.0,0.0,0.0,0.0,0.0,-0.0,-0.0,-0.15000000000000213,-0.0064949351505483735,-0.0,0.0,0.0,0.0,0.0,-0.0,-0.3499999999999943,-0.006831294254075399,-0.0,0.0,0.0,0.0,0.0,-0.0,-0.5,-0.006432545015656149,-0.0,0.0,0.0,0.0,0.0,0.0,0.0,0.0,0.0,0.0,0.0,0.0,0.0,0.0
136,2024-07-18,2024-07-19,1,23.02,22.89,51.06,50.79,77.48,77.03,3.3652249890782002,3.3649602231543945,3.3649065620127394,77.0227112044716,1.5166371332939554,1.5163624269683946,1.5163214918992953,77.01396857356521,1.0,1.0,1.0,77.03,-9.462729317577768e-05,-0.00020814091770190754,0.0,IGLB,VCLT,-0.00020814091770190754,0.0,0.00020814091770190754,False,False,False,,,,,0,0,4368.0,0.0,0.0,0.0,0.0,-0.0,1968.0,0.0,0.0,0.0,0.0,-0.0,1298.0,0.0,0.0,0.0,0.0,-0.0,-0.0,-0.129999999999999,-0.005663269329261252,-0.0,0.0,0.0,0.0,0.0,-0.0,-0.2700000000000031,-0.005301927000184201,-0.0,0.0,0.0,0.0,0.0,-0.0,-0.45000000000000284,-0.005824882173920757,-0.0,0.0,0.0,0.0,0.0,0.0,0.0,0.0,0.0,0.0,0.0,0.0,0.0,0.0
137,2024-07-19,2024-07-22,3,22.89,22.85,50.79,50.71,77.03,76.91,3.3658643326039384,3.3649230125831964,3.3649602231543945,76.88934109907792,1.516663380003944,1.5163460575674919,1.5163624269683946,76.8947386715673,1.0,1.0,1.0,76.91,-0.000268647458418052,-0.00019845069293186767,0.0,SPLB,VCLT,-0.000268647458418052,0.0,0.000268647458418052,False,False,False,,,,,0,0,4374.0,0.0,0.0,0.0,0.0,-0.0,1971.0,0.0,0.0,0.0,0.0,-0.0,1300.0,0.0,0.0,0.0,0.0,-0.0,-0.0,-0.03999999999999915,-0.0017490166242616178,-0.0,0.0,0.0,0.0,0.0,-0.0,-0.0799999999999983,-0.0015763550062259097,-0.0,0.0,0.0,0.0,0.0,-0.0,-0.12000000000000455,-0.0015590492959120822,-0.0,0.0,0.0,0.0,0.0,0.0,0.0,0.0,0.0,0.0,0.0,0.0,0.0,0.0
138,2024-07-22,2024-07-23,1,22.85,22.81,50.71,50.61,76.91,76.75,3.364752301622096,3.364992655514606,3.3649230125831964,76.75389391702271,1.51649871566884,1.5163667563952647,1.5163460575674919,76.74227397349077,1.0,1.0,1.0,76.75,5.073378823396006e-05,-0.00010066990755629802,0.0,IGLB,SPLB,-0.00010066990755629802,5.073378823396006e-05,0.00015140369579025808,False,False,True,,,,,0,0,4384.0,0.0,0.0,0.0,0.0,-0.0,1976.0,0.0,0.0,0.0,0.0,-0.0,1303.0,0.0,0.0,0.0,0.0,-0.0,-0.0,-0.0400000000000027,-0.0017520810439171945,-0.0,0.0,0.0,0.0,0.0,-0.0,-0.10000000000000142,-0.0019739445809411264,-0.0,0.0,0.0,0.0,0.0,-0.0,-0.1599999999999966,-0.0020825206016558432,-0.0,0.0,0.0,0.0,0.0,0.0,0.0,0.0,0.0,0.0,0.0,0.0,0.0,0.0
139,2024-07-23,2024-07-24,1,22.81,22.56,50.61,50.1,76.75,75.95,3.3665780141843973,3.3650883099226947,3.364992655514606,75.9142343084095,1.5159680638722555,1.5163463715912313,1.5163667563952647,75.96997449540277,1.0,1.0,1.0,75.95,-0.0004710219284300261,0.000262960753965429,0.0,SPLB,IGLB,-0.0004710219284300261,0.000262960753965429,0.0007339826823954551,False,False,False,,,,,0,0,4432.0,0.0,0.0,0.0,0.0,-0.0,1997.0,0.0,0.0,0.0,0.0,-0.0,1317.0,0.0,0.0,0.0,0.0,-0.0,-0.0,-0.25,-0.011020609666438506,-0.0,0.0,0.0,0.0,0.0,-0.0,-0.509999999999998,-0.010128177135167473,-0.0,0.0,0.0,0.0,0.0,-0.0,-0.7999999999999972,-0.010478157425524609,-0.0,0.0,0.0,0.0,0.0,0.0,0.0,0.0,0.0,0.0,0.0,0.0,0.0,0.0
140,2024-07-24,2024-07-25,1,22.56,22.72,50.1,50.43,75.95,76.43,3.36399647887324,3.364944548629098,3.3650883099226947,76.45480640144362,1.5155661312710689,1.5163134395319118,1.5163463715912313,76.46934751934579,1.0,1.0,1.0,76.43,0.00032451101250916,0.0005146852599798636,0.0,VCLT,IGLB,0.0,0.0005146852599798636,0.0005146852599798636,False,False,False,,,,,0,0,4402.0,0.0,0.0,0.0,0.0,-0.0,1983.0,0.0,0.0,0.0,0.0,-0.0,1308.0,0.0,0.0,0.0,0.0,-0.0,-0.0,0.16000000000000014,0.007067167223092353,0.0,0.0,0.0,0.0,0.0,-0.0,0.3299999999999983,0.006565227997814879,0.0,0.0,0.0,0.0,0.0,-0.0,0.480000000000004,0.006300060213010919,0.0,0.0,0.0,0.0,0.0,0.0,0.0,0.0,0.0,0.0,0.0,0.0,0.0,0.0
141,2024-07-25,2024-07-26,1,22.72,22.9,50.43,50.83,76.43,77.04,3.364192139737992,3.3648588006642006,3.364944548629098,77.05723016360633,1.515640369860319,1.5163011023904298,1.5163134395319118,77.07421213140708,1.0,1.0,1.0,77.04,0.00022362716915601028,0.0004439841270433514,0.0,VCLT,IGLB,0.0,0.0004439841270433514,0.0004439841270433514,False,False,False,,,,,0,0,4368.0,0.0,0.0,0.0,0.0,-0.0,1968.0,0.0,0.0,0.0,0.0,-0.0,1298.0,0.0,0.0,0.0,0.0,-0.0,-0.0,0.17999999999999972,0.007891316707243272,0.0,0.0,0.0,0.0,0.0,-0.0,0.3999999999999986,0.00790049537017723,0.0,0.0,0.0,0.0,0.0,-0.0,0.6099999999999994,0.007949478235077476,0.0,0.0,0.0,0.0,0.0,0.0,0.0,0.0,0.0,0.0,0.0,0.0,0.0,0.0
142,2024-07-26,2024-07-29,3,22.9,22.96,50.83,50.97,77.04,77.27,3.3654181184668985,3.364925715456726,3.3648588006642006,77.25715806325005,1.5159897979203452,1.5163012317748563,1.5163011023904298,77.2858671888402,1.0,1.0,1.0,77.27,-0.00016620944745849117,0.00020532625754744,0.0,SPLB,IGLB,-0.00016620944745849117,0.00020532625754744,0.00037153570500593117,False,False,False,,,,,0,0,4354.0,0.0,0.0,0.0,0.0,-0.0,1962.0,0.0,0.0,0.0,0.0,-0.0,1294.0,0.0,0.0,0.0,0.0,-0.0,-0.0,0.060000000000002274,0.0026166608911719104,0.0,0.0,0.0,0.0,0.0,-0.0,0.14000000000000057,0.002750492893139323,0.0,0.0,0.0,0.0,0.0,-0.0,0.22999999999998977,0.0029810144556222883,0.0,0.0,0.0,0.0,0.0,0.0,0.0,0.0,0.0,0.0,0.0,0.0,0.0,0.0
143,2024-07-29,2024-07-30,1,22.96,22.97,50.97,51.01,77.27,77.3,3.365259033521985,3.364986419941814,3.364925715456726,77.29234368404099,1.5153891393844345,1.516280895305439,1.5163012317748563,77.34652583283541,1.0,1.0,1.0,77.3,-9.905168370973222e-05,0.0006017055215249799,0.0,SPLB,IGLB,-9.905168370973222e-05,0.0006017055215249799,0.0007007572052347121,False,False,False,,,,,0,0,4354.0,0.0,0.0,0.0,0.0,-0.0,1962.0,0.0,0.0,0.0,0.0,-0.0,1294.0,0.0,0.0,0.0,0.0,-0.0,-0.0,0.00999999999999801,0.00043544524964107134,0.0,0.0,0.0,0.0,0.0,-0.0,0.03999999999999915,0.0007844675828847396,0.0,0.0,0.0,0.0,0.0,-0.0,0.030000000000001137,0.0003881736478838421,0.0,0.0,0.0,0.0,0.0,0.0,0.0,0.0,0.0,0.0,0.0,0.0,0.0,0.0
144,2024-07-30,2024-07-31,1,22.97,23.17,51.01,51.41,77.3,77.98,3.3655589123867067,3.364904294259901,3.364986419941814,77.96673535005183,1.5168255203267849,1.5162891725261138,1.516280895305439,77.95200082765261,1.0,1.0,1.0,77.98,-0.00017011770012858665,-0.0003591202896094742,0.0,IGLB,VCLT,-0.0003591202896094742,0.0,0.0003591202896094742,True,False,False,,,,,0,0,4314.0,0.0,0.0,0.0,0.0,-0.0,1944.0,0.0,0.0,0.0,0.0,-0.0,1282.0,0.0,0.0,0.0,0.0,-0.0,-0.0,0.20000000000000284,0.008669321743278132,0.0,0.0,0.0,0.0,0.0,-0.0,0.3999999999999986,0.007811014132578,0.0,0.0,0.0,0.0,0.0,-0.0,0.6800000000000068,0.008758427961074976,0.0,0.0,0.0,0.0,0.0,0.0,0.0,0.0,0.0,0.0,0.0,0.0,0.0,0.0
145,2024-07-31,2024-08-01,1,23.17,23.17,51.41,51.42,77.98,77.96,3.364695727233491,3.3648550047503805,3.364904294259901,77.96483249800191,1.5161415791520807,1.5162362395529165,1.5162891725261138,77.96758925129278,1.0,1.0,1.0,77.96,6.198496962996314e-05,9.734327754603038e-05,0.0,VCLT,IGLB,0.0,9.734327754603038e-05,9.734327754603038e-05,False,False,True,,,,,0,0,4317.0,0.0,0.0,0.0,0.0,-0.0,1945.0,0.0,0.0,0.0,0.0,-0.0,1283.0,0.0,0.0,0.0,0.0,-0.0,-0.0,0.0,0.0,0.0,0.0,0.0,0.0,0.0,-0.0,0.010000000000005116,0.00019449577033020028,0.0,0.0,0.0,0.0,0.0,-0.0,-0.020000000000010232,-0.00025650891509133123,-0.0,0.0,0.0,0.0,0.0,0.0,0.0,0.0,0.0,0.0,0.0,0.0,0.0,0.0
146,2024-08-01,2024-08-02,1,23.17,23.5,51.42,52.16,77.96,79.09,3.365531914893617,3.364814334938532,3.3648550047503805,79.07409261163394,1.5162960122699387,1.5162468167600585,1.5162362395529165,79.08688225508013,1.0,1.0,1.0,79.09,-0.00020115044011613932,-3.942099345790302e-05,0.0,SPLB,VCLT,-0.00020115044011613932,0.0,0.00020115044011613932,False,False,False,,,,,0,0,4253.0,0.0,0.0,0.0,0.0,-0.0,1917.0,0.0,0.0,0.0,0.0,-0.0,1264.0,0.0,0.0,0.0,0.0,-0.0,-0.0,0.3299999999999983,0.014142082705828308,0.0,0.0,0.0,0.0,0.0,-0.0,0.7399999999999949,0.014288715780653926,0.0,0.0,0.0,0.0,0.0,-0.0,1.1300000000000097,0.01439056989196591,0.0,0.0,0.0,0.0,0.0,0.0,0.0,0.0,0.0,0.0,0.0,0.0,0.0,0.0
147,2024-08-02,2024-08-05,3,23.5,23.45,52.16,52.03,79.09,78.9,3.3646055437100215,3.364890631371627,3.364814334938532,78.90489615430857,1.5164328272150682,1.5162648690851188,1.5162468167600585,78.89032187602584,1.0,1.0,1.0,78.9,6.205326234425134e-05,-0.00012267069198207393,0.0,IGLB,SPLB,-0.00012267069198207393,6.205326234425134e-05,0.00018472395432632527,False,False,True,,,,,0,0,4263.0,0.0,0.0,0.0,0.0,-0.0,1921.0,0.0,0.0,0.0,0.0,-0.0,1267.0,0.0,0.0,0.0,0.0,-0.0,-0.0,-0.05000000000000071,-0.002129926257824965,-0.0,0.0,0.0,0.0,0.0,-0.0,-0.12999999999999545,-0.0024954423161852855,-0.0,0.0,0.0,0.0,0.0,-0.0,-0.18999999999999773,-0.002405216679497301,-0.0,0.0,0.0,0.0,0.0,0.0,0.0,0.0,0.0,0.0,0.0,0.0,0.0,0.0
148,2024-08-05,2024-08-06,1,23.45,23.19,52.03,51.46,78.9,78.04,3.3652436394997847,3.3649789766477576,3.364890631371627,78.03181374150803,1.516517683637777,1.5162894077980722,1.5162648690851188,78.02699016312022,1.0,1.0,1.0,78.04,-0.00010490374018516114,-0.00016672118679707156,0.0,IGLB,VCLT,-0.00016672118679707156,0.0,0.00016672118679707156,False,False,True,,,,,0,0,4310.0,0.0,0.0,0.0,0.0,-0.0,1942.0,0.0,0.0,0.0,0.0,-0.0,1281.0,0.0,0.0,0.0,0.0,-0.0,-0.0,-0.259999999999998,-0.01114934362484801,-0.0,0.0,0.0,0.0,0.0,-0.0,-0.5700000000000003,-0.011015668448614067,-0.0,0.0,0.0,0.0,0.0,-0.0,-0.8599999999999994,-0.010959712096918086,-0.0,0.0,0.0,0.0,0.0,0.0,0.0,0.0,0.0,0.0,0.0,0.0,0.0,0.0
149,2024-08-06,2024-08-07,1,23.19,23.02,51.46,51.13,78.04,77.5,3.366637706342311,3.3651568812124664,3.3649789766477576,77.46181604243138,1.5157441814981418,1.5162879733398564,1.5162894077980722,77.52787742071544,1.0,1.0,1.0,77.5,-0.000492817641359804,0.00035964397474478623,0.0,SPLB,IGLB,-0.000492817641359804,0.00035964397474478623,0.0008524616161045902,False,False,False,,,,,0,0,4341.0,0.0,0.0,0.0,0.0,-0.0,1956.0,0.0,0.0,0.0,0.0,-0.0,1290.0,0.0,0.0,0.0,0.0,-0.0,-0.0,-0.1700000000000017,-0.007357747973703723,-0.0,0.0,0.0,0.0,0.0,-0.0,-0.3299999999999983,-0.00643339776169025,-0.0,0.0,0.0,0.0,0.0,-0.0,-0.5400000000000063,-0.006943579395609187,-0.0,0.0,0.0,0.0,0.0,0.0,0.0,0.0,0.0,0.0,0.0,0.0,0.0,0.0
150,2024-08-07,2024-08-08,1,23.02,23.02,51.13,51.13,77.5,77.5,3.366637706342311,3.365330643158601,3.3651568812124664,77.46591140551098,1.5157441814981418,1.5162624131237332,1.5162879733398564,77.52780407686686,1.0,1.0,1.0,77.5,-0.0004399495957488445,0.00035869794235349005,0.0,SPLB,IGLB,-0.0004399495957488445,0.00035869794235349005,0.0007986475381023346,False,False,False,,,,,0,0,4341.0,0.0,0.0,0.0,0.0,-0.0,1956.0,0.0,0.0,0.0,0.0,-0.0,1290.0,0.0,0.0,0.0,0.0,-0.0,-0.0,0.0,0.0,0.0,0.0,0.0,0.0,0.0,-0.0,0.0,0.0,0.0,0.0,0.0,0.0,0.0,-0.0,0.0,0.0,0.0,0.0,0.0,0.0,0.0,0.0,0.0,0.0,0.0,0.0,0.0,0.0,0.0,0.0
151,2024-08-08,2024-08-09,1,23.02,23.22,51.13,51.57,77.5,78.15,3.365633074935401,3.3653459761098667,3.365330643158601,78.14297753414272,1.5154159394997093,1.5162101047022642,1.5162624131237332,78.19365264479092,1.0,1.0,1.0,78.15,-8.986284569928397e-05,0.0005584191642809672,0.0,SPLB,IGLB,-8.986284569928397e-05,0.0005584191642809672,0.0006482820099802511,False,False,False,,,,,0,0,4308.0,0.0,0.0,0.0,0.0,-0.0,1941.0,0.0,0.0,0.0,0.0,-0.0,1280.0,0.0,0.0,0.0,0.0,-0.0,-0.0,0.1999999999999993,0.008650572976008864,0.0,0.0,0.0,0.0,0.0,-0.0,0.4399999999999977,0.008568698970959562,0.0,0.0,0.0,0.0,0.0,-0.0,0.6500000000000057,0.008352120508184447,0.0,0.0,0.0,0.0,0.0,0.0,0.0,0.0,0.0,0.0,0.0,0.0,0.0,0.0
152,2024-08-09,2024-08-12,3,23.22,23.27,51.57,51.66,78.15,78.28,3.3639879673399227,3.3652862121731983,3.3653459761098667,78.3116008640766,1.5152922957801007,1.516148923187691,1.5162101047022642,78.32741400891896,1.0,1.0,1.0,78.28,0.00040360867800325344,0.0006055142493439204,0.0,VCLT,IGLB,0.0,0.0006055142493439204,0.0006055142493439204,False,False,False,,,,,0,0,4298.0,0.0,0.0,0.0,0.0,-0.0,1936.0,0.0,0.0,0.0,0.0,-0.0,1277.0,0.0,0.0,0.0,0.0,-0.0,-0.0,0.05000000000000071,0.0021510010444550274,0.0,0.0,0.0,0.0,0.0,-0.0,0.0899999999999963,0.0017436796048268374,0.0,0.0,0.0,0.0,0.0,-0.0,0.12999999999999545,0.0016620856603898674,0.0,0.0,0.0,0.0,0.0,0.0,0.0,0.0,0.0,0.0,0.0,0.0,0.0,0.0
153,2024-08-12,2024-08-13,1,23.27,23.48,51.66,52.15,78.28,79.05,3.3666950596252128,3.3653920234697936,3.3652862121731983,79.0169202618267,1.5158197507190796,1.5161419348575493,1.516148923187691,79.06716634423809,1.0,1.0,1.0,79.05,-0.00041855359238270816,0.00021713447948036146,0.0,SPLB,IGLB,-0.00041855359238270816,0.00021713447948036146,0.0006356880718630697,False,False,False,,,,,0,0,4257.0,0.0,0.0,0.0,0.0,-0.0,1918.0,0.0,0.0,0.0,0.0,-0.0,1265.0,0.0,0.0,0.0,0.0,-0.0,-0.0,0.21000000000000085,0.008984017645695449,0.0,0.0,0.0,0.0,0.0,-0.0,0.490000000000002,0.009440393779087126,0.0,0.0,0.0,0.0,0.0,-0.0,0.769999999999996,0.009788421127605544,0.0,0.0,0.0,0.0,0.0,0.0,0.0,0.0,0.0,0.0,0.0,0.0,0.0,0.0
154,2024-08-13,2024-08-14,1,23.48,23.68,52.15,52.51,79.05,79.67,3.3644425675675675,3.365336206228837,3.3653920234697936,79.69248311576472,1.5172348124166826,1.516162399462044,1.5161419348575493,79.61261299936992,1.0,1.0,1.0,79.67,0.00028216322279006666,-0.0007205683286141369,0.0,IGLB,SPLB,-0.0007205683286141369,0.00028216322279006666,0.0010027315514042035,False,False,False,,,,,0,0,4224.0,0.0,0.0,0.0,0.0,-0.0,1903.0,0.0,0.0,0.0,0.0,-0.0,1255.0,0.0,0.0,0.0,0.0,-0.0,-0.0,0.1999999999999993,0.00848181505590913,0.0,0.0,0.0,0.0,0.0,-0.0,0.35999999999999943,0.006879446202986439,0.0,0.0,0.0,0.0,0.0,-0.0,0.6200000000000045,0.007812539736793625,0.0,0.0,0.0,0.0,0.0,0.0,0.0,0.0,0.0,0.0,0.0,0.0,0.0,0.0
155,2024-08-14,2024-08-15,1,23.68,23.6,52.51,52.39,79.67,79.42,3.3652542372881356,3.3653104732626615,3.365336206228837,79.42193446700055,1.5159381561366674,1.5160877835712667,1.516162399462044,79.43174810781647,1.0,1.0,1.0,79.42,2.4357132228730553e-05,0.00014791285557554047,0.0,VCLT,IGLB,0.0,0.00014791285557554047,0.00014791285557554047,False,False,True,,,,,0,0,4237.0,0.0,0.0,0.0,0.0,-0.0,1909.0,0.0,0.0,0.0,0.0,-0.0,1259.0,0.0,0.0,0.0,0.0,-0.0,-0.0,-0.0799999999999983,-0.003384097984240457,-0.0,0.0,0.0,0.0,0.0,-0.0,-0.11999999999999744,-0.0022878942296394975,-0.0,0.0,0.0,0.0,0.0,-0.0,-0.25,-0.0031428776891693133,-0.0,0.0,0.0,0.0,0.0,0.0,0.0,0.0,0.0,0.0,0.0,0.0,0.0,0.0
156,2024-08-15,2024-08-16,1,23.6,23.7,52.39,52.55,79.42,79.73,3.364135021097047,3.3652559748636035,3.3653104732626615,79.75785821632508,1.517221693625119,1.5161170115878249,1.5160877835712667,79.67041302667006,1.0,1.0,1.0,79.73,0.0003493459241344537,-0.0007476389172913333,0.0,IGLB,SPLB,-0.0007476389172913333,0.0003493459241344537,0.001096984841425787,False,False,False,,,,,0,0,4220.0,0.0,0.0,0.0,0.0,-0.0,1901.0,0.0,0.0,0.0,0.0,-0.0,1254.0,0.0,0.0,0.0,0.0,-0.0,-0.0,0.09999999999999787,0.004228336109521105,0.0,0.0,0.0,0.0,0.0,-0.0,0.1599999999999966,0.0030493639028316404,0.0,0.0,0.0,0.0,0.0,-0.0,0.3100000000000023,0.0038957008112988053,0.0,0.0,0.0,0.0,0.0,0.0,0.0,0.0,0.0,0.0,0.0,0.0,0.0,0.0
157,2024-08-16,2024-08-19,3,23.7,23.79,52.55,52.78,79.73,80.05,3.3648591845313156,3.3652057174599728,3.3652559748636035,80.05943964200513,1.5166729821902234,1.516117491697139,1.5161170115878249,80.0206558716054,1.0,1.0,1.0,80.05,0.00011791487169248983,-0.0003666397012435776,0.0,IGLB,SPLB,-0.0003666397012435776,0.00011791487169248983,0.00048455457293606745,False,False,False,,,,,0,0,4203.0,0.0,0.0,0.0,0.0,-0.0,1894.0,0.0,0.0,0.0,0.0,-0.0,1249.0,0.0,0.0,0.0,0.0,-0.0,-0.0,0.08999999999999986,0.003790276173780827,0.0,0.0,0.0,0.0,0.0,-0.0,0.23000000000000398,0.004367233752217848,0.0,0.0,0.0,0.0,0.0,-0.0,0.3199999999999932,0.004005512928319456,0.0,0.0,0.0,0.0,0.0,0.0,0.0,0.0,0.0,0.0,0.0,0.0,0.0,0.0
158,2024-08-19,2024-08-20,1,23.79,23.89,52.78,52.99,80.05,80.37,3.364169108413562,3.365176557799546,3.3652057174599728,80.39476459011875,1.5167012643895075,1.5161276191331723,1.516117491697139,80.3390658850314,1.0,1.0,1.0,80.37,0.00030808480176316327,-0.00038497038334823,0.0,IGLB,SPLB,-0.00038497038334823,0.00030808480176316327,0.0006930551851113933,False,False,False,,,,,0,0,4186.0,0.0,0.0,0.0,0.0,-0.0,1886.0,0.0,0.0,0.0,0.0,-0.0,1244.0,0.0,0.0,0.0,0.0,-0.0,-0.0,0.10000000000000142,0.004194637022851828,0.0,0.0,0.0,0.0,0.0,-0.0,0.21000000000000085,0.00397088542949272,0.0,0.0,0.0,0.0,0.0,-0.0,0.3200000000000074,0.003989532781903441,0.0,0.0,0.0,0.0,0.0,0.0,0.0,0.0,0.0,0.0,0.0,0.0,0.0,0.0
159,2024-08-20,2024-08-21,1,23.89,23.94,52.99,53.12,80.37,80.56,3.365079365079365,3.365101625344294,3.365176557799546,80.56232679372114,1.5165662650602412,1.5161575291925715,1.5161276191331723,80.5366991283541,1.0,1.0,1.0,80.56,2.8882325219677586e-05,-0.00028927807874975944,0.0,IGLB,SPLB,-0.00028927807874975944,2.8882325219677586e-05,0.000318160403969437,False,False,False,,,,,0,0,4176.0,0.0,0.0,0.0,0.0,-0.0,1882.0,0.0,0.0,0.0,0.0,-0.0,1241.0,0.0,0.0,0.0,0.0,-0.0,-0.0,0.05000000000000071,0.002090738792108913,0.0,0.0,0.0,0.0,0.0,-0.0,0.12999999999999545,0.002450288663507515,0.0,0.0,0.0,0.0,0.0,-0.0,0.18999999999999773,0.0023612761856796854,0.0,0.0,0.0,0.0,0.0,0.0,0.0,0.0,0.0,0.0,0.0,0.0,0.0,0.0
160,2024-08-21,2024-08-22,1,23.94,23.79,53.12,52.77,80.56,80.01,3.363177805800757,3.3650606916906702,3.365101625344294,80.05576766694075,1.5162023877202957,1.5161893420150327,1.5161575291925715,80.007632815492,1.0,1.0,1.0,80.01,0.0005718607901628317,-2.9586545764094248e-05,0.0,IGLB,SPLB,-2.9586545764094248e-05,0.0005718607901628317,0.000601447335926926,False,False,False,,,,,0,0,4206.0,0.0,0.0,0.0,0.0,-0.0,1895.0,0.0,0.0,0.0,0.0,-0.0,1250.0,0.0,0.0,0.0,0.0,-0.0,-0.0,-0.15000000000000213,-0.006285375814960865,-0.0,0.0,0.0,0.0,0.0,-0.0,-0.3499999999999943,-0.006610657750601806,-0.0,0.0,0.0,0.0,0.0,-0.0,-0.5499999999999972,-0.006850621548274229,-0.0,0.0,0.0,0.0,0.0,0.0,0.0,0.0,0.0,0.0,0.0,0.0,0.0,0.0
161,2024-08-22,2024-08-23,1,23.79,23.97,52.77,53.16,80.01,80.66,3.3650396328744265,3.365103066347492,3.3650606916906702,80.66050477982536,1.517306245297216,1.5162726357868777,1.5161893420150327,80.60062542151914,1.0,1.0,1.0,80.66,6.258098758710934e-06,-0.0007363803905470256,0.0,IGLB,SPLB,-0.0007363803905470256,6.258098758710934e-06,0.0007426384893057366,False,False,False,,,,,0,0,4173.0,0.0,0.0,0.0,0.0,-0.0,1880.0,0.0,0.0,0.0,0.0,-0.0,1240.0,0.0,0.0,0.0,0.0,-0.0,-0.0,0.17999999999999972,0.007537724131426673,0.0,0.0,0.0,0.0,0.0,-0.0,0.38999999999999346,0.007363386427468016,0.0,0.0,0.0,0.0,0.0,-0.0,0.6499999999999915,0.008091162583189423,0.0,0.0,0.0,0.0,0.0,0.0,0.0,0.0,0.0,0.0,0.0,0.0,0.0,0.0
162,2024-08-23,2024-08-26,3,23.97,23.91,53.16,53.07,80.66,80.45,3.3647009619406107,3.3650672085211775,3.365103066347492,80.45961431636853,1.5159223666855097,1.516269264225136,1.5162726357868777,80.4685887812096,1.0,1.0,1.0,80.45,0.0001194995888942436,0.00023103336206304844,0.0,VCLT,IGLB,0.0,0.00023103336206304844,0.00023103336206304844,False,False,False,,,,,0,0,4183.0,0.0,0.0,0.0,0.0,-0.0,1885.0,0.0,0.0,0.0,0.0,-0.0,1243.0,0.0,0.0,0.0,0.0,-0.0,-0.0,-0.05999999999999872,-0.0025062669760596117,-0.0,0.0,0.0,0.0,0.0,-0.0,-0.0899999999999963,-0.0016944370052409002,-0.0,0.0,0.0,0.0,0.0,-0.0,-0.20999999999999375,-0.0026069160068298426,-0.0,0.0,0.0,0.0,0.0,0.0,0.0,0.0,0.0,0.0,0.0,0.0,0.0,0.0
163,2024-08-26,2024-08-27,1,23.91,23.87,53.07,52.96,80.45,80.29,3.3636363636363638,3.3649860750268963,3.3650672085211775,80.32415426740052,1.5160498489425982,1.5163022997030442,1.516269264225136,80.30162023336321,1.0,1.0,1.0,80.29,0.0004252958659976779,0.0001447178049090201,0.0,VCLT,SPLB,0.0,0.0004252958659976779,0.0004252958659976779,False,False,False,,,,,0,0,4190.0,0.0,0.0,0.0,0.0,-0.0,1888.0,0.0,0.0,0.0,0.0,-0.0,1245.0,0.0,0.0,0.0,0.0,-0.0,-0.0,-0.03999999999999915,-0.001674341119494575,-0.0,0.0,0.0,0.0,0.0,-0.0,-0.10999999999999943,-0.00207488521105077,-0.0,0.0,0.0,0.0,0.0,-0.0,-0.1599999999999966,-0.001990793241799595,-0.0,0.0,0.0,0.0,0.0,0.0,0.0,0.0,0.0,0.0,0.0,0.0,0.0,0.0
164,2024-08-27,2024-08-28,1,23.87,23.8,52.96,52.8,80.29,80.04,3.3630252100840337,3.364859389911763,3.3649860750268963,80.08666858564014,1.515909090909091,1.5162564782321595,1.5163022997030442,80.06076142432073,1.0,1.0,1.0,80.04,0.0005828958707967113,0.0002593544746746598,0.0,VCLT,SPLB,0.0,0.0005828958707967113,0.0005828958707967113,False,False,False,,,,,0,0,4203.0,0.0,0.0,0.0,0.0,-0.0,1894.0,0.0,0.0,0.0,0.0,-0.0,1249.0,0.0,0.0,0.0,0.0,-0.0,-0.0,-0.07000000000000028,-0.0029368596733097135,-0.0,0.0,0.0,0.0,0.0,-0.0,-0.1600000000000037,-0.0030257209165370676,-0.0,0.0,0.0,0.0,0.0,-0.0,-0.25,-0.0031185704810599716,-0.0,0.0,0.0,0.0,0.0,0.0,0.0,0.0,0.0,0.0,0.0,0.0,0.0,0.0
165,2024-08-28,2024-08-29,1,23.8,23.73,52.8,52.68,80.04,79.82,3.3636746734091862,3.3648083372205475,3.364859389911763,79.84811332260614,1.5151860288534547,1.5162087007172282,1.5162564782321595,79.87639127327016,1.0,1.0,1.0,79.82,0.0003521469918024669,0.0007062310571251028,0.0,VCLT,IGLB,0.0,0.0007062310571251028,0.0007062310571251028,False,False,False,,,,,0,0,4216.0,0.0,0.0,0.0,0.0,-0.0,1900.0,0.0,0.0,0.0,0.0,-0.0,1253.0,0.0,0.0,0.0,0.0,-0.0,-0.0,-0.07000000000000028,-0.002945510229756803,-0.0,0.0,0.0,0.0,0.0,-0.0,-0.11999999999999744,-0.002275313837135428,-0.0,0.0,0.0,0.0,0.0,-0.0,-0.22000000000001307,-0.0027524100949450217,-0.0,0.0,0.0,0.0,0.0,0.0,0.0,0.0,0.0,0.0,0.0,0.0,0.0,0.0
166,2024-08-29,2024-08-30,1,23.73,23.6,52.68,52.38,79.82,79.37,3.363135593220339,3.364688521136884,3.3648083372205475,79.40947675840492,1.5152730049637266,1.5161575503519176,1.5162087007172282,79.41901174356842,1.0,1.0,1.0,79.37,0.0004972526679680265,0.0006173191027099788,0.0,VCLT,IGLB,0.0,0.0006173191027099788,0.0006173191027099788,True,False,False,,,,,0,0,4240.0,0.0,0.0,0.0,0.0,-0.0,1910.0,0.0,0.0,0.0,0.0,-0.0,1260.0,0.0,0.0,0.0,0.0,-0.0,-0.0,-0.129999999999999,-0.00549335841610773,-0.0,0.0,0.0,0.0,0.0,-0.0,-0.29999999999999716,-0.005711037795514393,-0.0,0.0,0.0,0.0,0.0,-0.0,-0.44999999999998863,-0.005653636517803484,-0.0,0.0,0.0,0.0,0.0,0.0,0.0,0.0,0.0,0.0,0.0,0.0,0.0,0.0
167,2024-08-30,2024-09-03,4,23.6,23.62,52.38,52.46,79.37,79.52,3.3666384419983064,3.3647901660512978,3.364688521136884,79.47394286925321,1.5158215783454059,1.5161269879084345,1.5161575503519176,79.53762509146159,1.0,1.0,1.0,79.52,-0.0005793570648529407,0.00022161894500302758,0.0,SPLB,IGLB,-0.0005793570648529407,0.00022161894500302758,0.0008009760098559683,False,False,False,,,,,0,0,4233.0,0.0,0.0,0.0,0.0,-0.0,1907.0,0.0,0.0,0.0,0.0,-0.0,1258.0,0.0,0.0,0.0,0.0,-0.0,-0.0,0.019999999999999574,0.0008470987376519031,0.0,0.0,0.0,0.0,0.0,-0.0,0.0799999999999983,0.0015261353591618444,0.0,0.0,0.0,0.0,0.0,-0.0,0.14999999999999147,0.001888099245534364,0.0,0.0,0.0,0.0,0.0,0.0,0.0,0.0,0.0,0.0,0.0,0.0,0.0,0.0
168,2024-09-03,2024-09-04,1,23.62,23.84,52.46,52.88,79.52,80.19,3.363674496644295,3.3647117089085237,3.3647901660512978,80.21659755866294,1.5164523449319212,1.5161237209731415,1.5161269879084345,80.17279512059802,1.0,1.0,1.0,80.19,0.00033162674492832634,-0.00021457445232293804,0.0,IGLB,SPLB,-0.00021457445232293804,0.00033162674492832634,0.0005462011972512644,False,False,False,,,,,0,0,4196.0,0.0,0.0,0.0,0.0,-0.0,1891.0,0.0,0.0,0.0,0.0,-0.0,1247.0,0.0,0.0,0.0,0.0,-0.0,-0.0,0.21999999999999886,0.009271031427932714,0.0,0.0,0.0,0.0,0.0,-0.0,0.4200000000000017,0.00797422110470337,0.0,0.0,0.0,0.0,0.0,-0.0,0.6700000000000017,0.008390256470618777,0.0,0.0,0.0,0.0,0.0,0.0,0.0,0.0,0.0,0.0,0.0,0.0,0.0,0.0
169,2024-09-04,2024-09-05,1,23.84,24.03,52.88,53.3,80.19,80.84,3.3641281731169372,3.3645862322472544,3.3647117089085237,80.85402236507183,1.5166979362101314,1.516171408708741,1.5161237209731415,80.80939432786843,1.0,1.0,1.0,80.84,0.00017344320961117923,-0.0003786673327734057,0.0,IGLB,SPLB,-0.0003786673327734057,0.00017344320961117923,0.0005521105423845849,False,False,False,,,,,0,0,4162.0,0.0,0.0,0.0,0.0,-0.0,1875.0,0.0,0.0,0.0,0.0,-0.0,1237.0,0.0,0.0,0.0,0.0,-0.0,-0.0,0.19000000000000128,0.007938207551228487,0.0,0.0,0.0,0.0,0.0,-0.0,0.4199999999999946,0.007911135628367866,0.0,0.0,0.0,0.0,0.0,-0.0,0.6500000000000057,0.008073073716483083,0.0,0.0,0.0,0.0,0.0,0.0,0.0,0.0,0.0,0.0,0.0,0.0,0.0,0.0
170,2024-09-05,2024-09-06,1,24.03,23.99,53.3,53.21,80.84,80.65,3.3618174239266367,3.3643452181264712,3.3645862322472544,80.71642371161163,1.5156925389964293,1.5161688265836555,1.516171408708741,80.67548065739211,1.0,1.0,1.0,80.65,0.0008232656315415629,0.00031589129628091154,0.0,VCLT,SPLB,0.0,0.0008232656315415629,0.0008232656315415629,False,False,False,,,,,0,0,4172.0,0.0,0.0,0.0,0.0,-0.0,1880.0,0.0,0.0,0.0,0.0,-0.0,1240.0,0.0,0.0,0.0,0.0,-0.0,-0.0,-0.0400000000000027,-0.0016659728967744914,-0.0,0.0,0.0,0.0,0.0,-0.0,-0.0899999999999963,-0.0016899825635208858,-0.0,0.0,0.0,0.0,0.0,-0.0,-0.18999999999999773,-0.002353087964202357,-0.0,0.0,0.0,0.0,0.0,0.0,0.0,0.0,0.0,0.0,0.0,0.0,0.0,0.0
171,2024-09-06,2024-09-09,3,23.99,24.08,53.21,53.42,80.65,80.96,3.362126245847176,3.3641698766720594,3.3643452181264712,81.01343285248542,1.5155372519655559,1.516174892206948,1.5161688265836555,80.99373871609887,1.0,1.0,1.0,80.96,0.0006597730687397989,0.000416646344251391,0.0,VCLT,SPLB,0.0,0.0006597730687397989,0.0006597730687397989,False,False,False,,,,,0,0,4155.0,0.0,0.0,0.0,0.0,-0.0,1872.0,0.0,0.0,0.0,0.0,-0.0,1235.0,0.0,0.0,0.0,0.0,-0.0,-0.0,0.08999999999999986,0.003744543589017012,0.0,0.0,0.0,0.0,0.0,-0.0,0.21000000000000085,0.0039388590735369,0.0,0.0,0.0,0.0,0.0,-0.0,0.30999999999998806,0.003836400967937324,0.0,0.0,0.0,0.0,0.0,0.0,0.0,0.0,0.0,0.0,0.0,0.0,0.0,0.0
172,2024-09-09,2024-09-10,1,24.08,24.17,53.42,53.6,80.96,81.27,3.362432767894083,3.364092116699768,3.3641698766720594,81.31198591916367,1.516231343283582,1.5162218445821218,1.516174892206948,81.26697422229242,1.0,1.0,1.0,81.27,0.000516489202166603,-3.723186951652453e-05,0.0,IGLB,SPLB,-3.723186951652453e-05,0.000516489202166603,0.0005537210716831275,False,False,False,,,,,0,0,4138.0,0.0,0.0,0.0,0.0,-0.0,1865.0,0.0,0.0,0.0,0.0,-0.0,1230.0,0.0,0.0,0.0,0.0,-0.0,-0.0,0.09000000000000341,0.003730574274771393,0.0,0.0,0.0,0.0,0.0,-0.0,0.17999999999999972,0.0033638603949414036,0.0,0.0,0.0,0.0,0.0,-0.0,0.3100000000000023,0.003821739225957985,0.0,0.0,0.0,0.0,0.0,0.0,0.0,0.0,0.0,0.0,0.0,0.0,0.0,0.0
173,2024-09-10,2024-09-11,1,24.17,24.19,53.6,53.67,81.27,81.42,3.3658536585365852,3.3640500466453362,3.364092116699768,81.37738830296739,1.5170486305198434,1.51628328857216,1.5162218445821218,81.37562639872249,1.0,1.0,1.0,81.42,-0.0005234936315617484,-0.0005451448955730313,0.0,IGLB,VCLT,-0.0005451448955730313,0.0,0.0005451448955730313,False,False,False,,,,,0,0,4131.0,0.0,0.0,0.0,0.0,-0.0,1862.0,0.0,0.0,0.0,0.0,-0.0,1228.0,0.0,0.0,0.0,0.0,-0.0,-0.0,0.019999999999999574,0.0008271299065441151,0.0,0.0,0.0,0.0,0.0,-0.0,0.07000000000000028,0.0013051181119811581,0.0,0.0,0.0,0.0,0.0,-0.0,0.15000000000000568,0.0018439983097193638,0.0,0.0,0.0,0.0,0.0,0.0,0.0,0.0,0.0,0.0,0.0,0.0,0.0,0.0
174,2024-09-11,2024-09-12,1,24.19,24.17,53.67,53.6,81.42,81.28,3.3628465039304922,3.363970243463483,3.3640500466453362,81.30908962741778,1.516417910447761,1.516242443473714,1.51628328857216,81.27278426746778,1.0,1.0,1.0,81.28,0.00035783000931767403,-8.878017770622827e-05,0.0,IGLB,SPLB,-8.878017770622827e-05,0.00035783000931767403,0.0004466101870239023,False,False,False,,,,,0,0,4138.0,0.0,0.0,0.0,0.0,-0.0,1865.0,0.0,0.0,0.0,0.0,-0.0,1230.0,0.0,0.0,0.0,0.0,-0.0,-0.0,-0.019999999999999574,-0.0008271299065442379,-0.0,0.0,0.0,0.0,0.0,-0.0,-0.07000000000000028,-0.0013051181119811555,-0.0,0.0,0.0,0.0,0.0,-0.0,-0.14000000000000057,-0.0017209592446610694,-0.0,0.0,0.0,0.0,0.0,0.0,0.0,0.0,0.0,0.0,0.0,0.0,0.0,0.0
175,2024-09-12,2024-09-13,1,24.17,24.25,53.6,53.8,81.28,81.6,3.364948453608247,3.363954954279488,3.363970243463483,81.57627840398946,1.516728624535316,1.5162819668936465,1.516242443473714,81.57384345888582,1.0,1.0,1.0,81.6,-0.00029074809659411917,-0.00032059723278879285,0.0,IGLB,VCLT,-0.00032059723278879285,0.0,0.00032059723278879285,False,False,False,,,,,0,0,4121.0,0.0,0.0,0.0,0.0,-0.0,1857.0,0.0,0.0,0.0,0.0,-0.0,1225.0,0.0,0.0,0.0,0.0,-0.0,-0.0,0.0799999999999983,0.0033044226681004925,0.0,0.0,0.0,0.0,0.0,-0.0,0.19999999999999574,0.0037243990909822727,0.0,0.0,0.0,0.0,0.0,-0.0,0.3199999999999932,0.003929278139889557,0.0,0.0,0.0,0.0,0.0,0.0,0.0,0.0,0.0,0.0,0.0,0.0,0.0,0.0
176,2024-09-13,2024-09-16,3,24.25,24.44,53.8,54.19,81.6,82.19,3.362929623567921,3.363894684403032,3.363954954279488,82.21505908259068,1.516700498246909,1.516255907124736,1.5162819668936465,82.1673197859667,1.0,1.0,1.0,82.19,0.0003048456406947732,-0.0002759866637737076,0.0,IGLB,SPLB,-0.0002759866637737076,0.0003048456406947732,0.0005808323044684808,False,False,False,,,,,0,0,4094.0,0.0,0.0,0.0,0.0,-0.0,1845.0,0.0,0.0,0.0,0.0,-0.0,1217.0,0.0,0.0,0.0,0.0,-0.0,-0.0,0.19000000000000128,0.0078045169199024746,0.0,0.0,0.0,0.0,0.0,-0.0,0.39000000000000057,0.007222922410284181,0.0,0.0,0.0,0.0,0.0,-0.0,0.5900000000000034,0.007204378190347404,0.0,0.0,0.0,0.0,0.0,0.0,0.0,0.0,0.0,0.0,0.0,0.0,0.0,0.0
177,2024-09-16,2024-09-17,1,24.44,24.44,54.19,54.2,82.19,82.2,3.3633387888707036,3.363818664620001,3.363894684403032,82.21358608681011,1.5166051660516604,1.5162525163178078,1.516255907124736,82.1810701661607,1.0,1.0,1.0,82.2,0.00016526720406001444,-0.00023031647018546545,0.0,IGLB,SPLB,-0.00023031647018546545,0.00016526720406001444,0.0003955836742454799,False,False,False,,,,,0,0,4094.0,0.0,0.0,0.0,0.0,-0.0,1845.0,0.0,0.0,0.0,0.0,-0.0,1217.0,0.0,0.0,0.0,0.0,-0.0,-0.0,0.0,0.0,0.0,0.0,0.0,0.0,0.0,-0.0,0.010000000000005116,0.00018451886757786577,0.0,0.0,0.0,0.0,0.0,-0.0,0.010000000000005116,0.00012166190172566319,0.0,0.0,0.0,0.0,0.0,0.0,0.0,0.0,0.0,0.0,0.0,0.0,0.0,0.0
178,2024-09-17,2024-09-18,1,24.44,24.29,54.2,53.83,82.2,81.68,3.362700699876493,3.363745244193148,3.363818664620001,81.70715536361982,1.517369496563255,1.516285927926495,1.5162525163178078,81.61987295338758,1.0,1.0,1.0,81.68,0.00033240512461845686,-0.0007364004422312451,0.0,IGLB,SPLB,-0.0007364004422312451,0.00033240512461845686,0.001068805566849702,False,False,False,,,,,0,0,4117.0,0.0,0.0,0.0,0.0,-0.0,1856.0,0.0,0.0,0.0,0.0,-0.0,1224.0,0.0,0.0,0.0,0.0,-0.0,-0.0,-0.15000000000000213,-0.00615639128931352,-0.0,0.0,0.0,0.0,0.0,-0.0,-0.37000000000000455,-0.006849975872734689,-0.0,0.0,0.0,0.0,0.0,-0.0,-0.519999999999996,-0.0063461282057240415,-0.0,0.0,0.0,0.0,0.0,0.0,0.0,0.0,0.0,0.0,0.0,0.0,0.0,0.0
179,2024-09-18,2024-09-19,1,24.29,24.29,53.83,53.83,81.68,81.66,3.3618773157678055,3.36358514172757,3.363745244193148,81.70537198145156,1.5169979565298162,1.5163075124999739,1.516285927926495,81.62167150028323,1.0,1.0,1.0,81.66,0.0005554663398718328,-0.00046947707074028184,0.0,IGLB,SPLB,-0.00046947707074028184,0.0005554663398718328,0.0010249434106121146,False,False,False,,,,,0,0,4121.0,0.0,0.0,0.0,0.0,-0.0,1857.0,0.0,0.0,0.0,0.0,-0.0,1225.0,0.0,0.0,0.0,0.0,-0.0,-0.0,0.0,0.0,0.0,0.0,0.0,0.0,0.0,-0.0,0.0,0.0,0.0,0.0,0.0,0.0,0.0,-0.0,-0.020000000000010232,-0.0002448879649805806,-0.0,0.0,0.0,0.0,0.0,0.0,0.0,0.0,0.0,0.0,0.0,0.0,0.0,0.0
180,2024-09-19,2024-09-20,1,24.29,24.29,53.83,53.85,81.66,81.7,3.363524083985179,3.3636024556367907,3.36358514172757,81.70148309256268,1.5171773444753947,1.516356260337729,1.5163075124999739,81.6531595481236,1.0,1.0,1.0,81.7,1.8152742981837727e-05,-0.0005734869566005741,0.0,IGLB,SPLB,-0.0005734869566005741,1.8152742981837727e-05,0.0005916396995824119,False,False,False,,,,,0,0,4117.0,0.0,0.0,0.0,0.0,-0.0,1856.0,0.0,0.0,0.0,0.0,-0.0,1224.0,0.0,0.0,0.0,0.0,-0.0,-0.0,0.0,0.0,0.0,0.0,0.0,0.0,0.0,-0.0,0.020000000000003126,0.00037147102953181163,0.0,0.0,0.0,0.0,0.0,-0.0,0.04000000000000625,0.0004897159745275297,0.0,0.0,0.0,0.0,0.0,0.0,0.0,0.0,0.0,0.0,0.0,0.0,0.0,0.0
181,2024-09-20,2024-09-23,3,24.29,24.24,53.85,53.74,81.7,81.48,3.3613861386138617,3.3634197809237625,3.3636024556367907,81.5337235246358,1.5161890584294753,1.516300400994342,1.516356260337729,81.48898543054956,1.0,1.0,1.0,81.48,0.0006591288809214665,0.00011027166346923863,0.0,VCLT,SPLB,0.0,0.0006591288809214665,0.0006591288809214665,False,False,False,,,,,0,0,4127.0,0.0,0.0,0.0,0.0,-0.0,1861.0,0.0,0.0,0.0,0.0,-0.0,1227.0,0.0,0.0,0.0,0.0,-0.0,-0.0,-0.05000000000000071,-0.0020605818129674153,-0.0,0.0,0.0,0.0,0.0,-0.0,-0.10999999999999943,-0.002044800415052344,-0.0,0.0,0.0,0.0,0.0,-0.0,-0.21999999999999886,-0.0026964105073520634,-0.0,0.0,0.0,0.0,0.0,0.0,0.0,0.0,0.0,0.0,0.0,0.0,0.0,0.0
182,2024-09-23,2024-09-24,1,24.24,24.29,53.74,53.84,81.48,81.67,3.3622890078221492,3.3632991832178396,3.3634197809237625,81.69746647863819,1.5169019316493313,1.5163493792425329,1.516300400994342,81.63761358953538,1.0,1.0,1.0,81.67,0.0003362539615630929,-0.0003966307531821234,0.0,IGLB,SPLB,-0.0003966307531821234,0.0003362539615630929,0.0007328847147452163,False,False,False,,,,,0,0,4117.0,0.0,0.0,0.0,0.0,-0.0,1856.0,0.0,0.0,0.0,0.0,-0.0,1224.0,0.0,0.0,0.0,0.0,-0.0,-0.0,0.05000000000000071,0.0020605818129674656,0.0,0.0,0.0,0.0,0.0,-0.0,0.10000000000000142,0.0018590821491272457,0.0,0.0,0.0,0.0,0.0,-0.0,0.18999999999999773,0.002329146011579238,0.0,0.0,0.0,0.0,0.0,0.0,0.0,0.0,0.0,0.0,0.0,0.0,0.0,0.0
183,2024-09-24,2024-09-25,1,24.29,24.07,53.84,53.4,81.67,80.98,3.364353967594516,3.3633350634157475,3.3632991832178396,80.9546113400534,1.5164794007490638,1.5163708568328562,1.5163493792425329,80.97305685155125,1.0,1.0,1.0,80.98,-0.0003135668149573815,-8.574272802240346e-05,0.0,SPLB,VCLT,-0.0003135668149573815,0.0,0.0003135668149573815,False,False,False,,,,,0,0,4154.0,0.0,0.0,0.0,0.0,-0.0,1873.0,0.0,0.0,0.0,0.0,-0.0,1235.0,0.0,0.0,0.0,0.0,-0.0,-0.0,-0.21999999999999886,-0.009098491219100452,-0.0,0.0,0.0,0.0,0.0,-0.0,-0.44000000000000483,-0.008205939370323292,-0.0,0.0,0.0,0.0,0.0,-0.0,-0.6899999999999977,-0.008484526766169197,-0.0,0.0,0.0,0.0,0.0,0.0,0.0,0.0,0.0,0.0,0.0,0.0,0.0,0.0
184,2024-09-25,2024-09-26,1,24.07,24.09,53.4,53.54,80.98,81.06,3.364881693648817,3.3634278875939865,3.3633350634157475,81.02274167768536,1.5140082181546508,1.5162758131951342,1.5163708568328562,81.18649567483112,1.0,1.0,1.0,81.06,-0.0004597444809391534,0.001559302713262128,0.0,SPLB,IGLB,-0.0004597444809391534,0.001559302713262128,0.0020190471942012813,False,True,False,,,SPLB,IGLB,0,1,4150.0,4150.0,0.0,4150.0,4150.0,-0.0,1871.0,-1871.0,0.0,-1871.0,0.0,1871.0,1234.0,0.0,0.0,0.0,0.0,-0.0,-20.75,0.019999999999999574,0.0008305648317994931,0.0,0.0,0.0,0.0,0.0,-9.355,0.14000000000000057,0.002618292126057367,0.0,0.0,0.0,0.0,0.0,-0.0,0.0799999999999983,0.0009874105961474144,0.0,0.0,0.0,0.0,0.0,-30.105,0.0,0.0,0.0,0.0,0.0,-30.105,-30.105,-30.105
185,2024-09-26,2024-09-27,1,24.09,24.22,53.54,53.72,81.06,81.48,3.364161849710983,3.3634522464090764,3.3634278875939865,81.46222343752635,1.5167535368577811,1.5163541885953504,1.5162758131951342,81.4543366848426,1.0,1.0,1.0,81.48,-0.000218194672555218,-0.00031501420623523783,0.0,IGLB,VCLT,-0.00031501420623523783,0.0,0.00031501420623523783,False,False,False,SPLB,IGLB,SPLB,IGLB,1,1,4127.0,4127.0,4150.0,-23.0,0.0,23.0,1860.0,-1860.0,-1871.0,11.0,11.0,-0.0,1227.0,0.0,0.0,0.0,0.0,-0.0,-0.115,0.129999999999999,0.005381921498166071,539.4999999999959,99973.5,0.0,99973.5,0.0,-0.055,0.17999999999999972,0.0033563335628303066,-336.77999999999946,-100173.34,-100173.34,0.0,-2.7825927777777775,-0.0,0.4200000000000017,0.005167970158442598,0.0,0.0,0.0,0.0,0.0,-0.17,202.71999999999645,-199.8399999999965,200146.84,-100173.34,-2.7825927777777775,199.76740722221868,169.6624072222187,0.0
186,2024-09-27,2024-09-30,3,24.22,24.16,53.72,53.59,81.48,81.23,3.362168874172186,3.363403910456669,3.3634522464090764,81.26100627324328,1.5157678671393917,1.5163789317041338,1.5163541885953504,81.26142096682483,1.0,1.0,1.0,81.23,0.0003816367973926101,0.00038674001408208717,0.0,VCLT,IGLB,0.0,0.00038674001408208717,0.00038674001408208717,True,False,False,SPLB,IGLB,,,1,0,4140.0,0.0,4127.0,-4127.0,0.0,4127.0,1867.0,0.0,-1860.0,1860.0,1860.0,-0.0,1231.0,0.0,0.0,0.0,0.0,-0.0,-20.635,-0.05999999999999872,-0.002480365058331954,-247.61999999999472,99955.94,0.0,99955.94,0.0,-9.3,-0.12999999999999545,-0.0024228881482778256,241.79999999999154,-99919.2,-99919.2,0.0,-8.326600000000001,-0.0,-0.25,-0.0030729542957425725,-0.0,0.0,0.0,0.0,0.0,-29.935000000000002,-5.820000000003176,36.74000000000524,199875.14,-99919.2,-8.326600000000001,-44.08160000000318,125.58080722221551,-44.08160000000318
187,2024-09-30,2024-10-01,1,24.16,24.22,53.59,53.72,81.23,81.45,3.3629232039636667,3.3632181485549366,3.363403910456669,81.46164271126052,1.5161950856291884,1.516397607068323,1.5163789317041338,81.45987621114607,1.0,1.0,1.0,81.45,0.0001429328326273034,0.00012124754358493242,0.0,VCLT,SPLB,0.0,0.0001429328326273034,0.0001429328326273034,False,False,True,,,,,0,0,4130.0,0.0,0.0,0.0,0.0,-0.0,1862.0,0.0,0.0,0.0,0.0,-0.0,1228.0,0.0,0.0,0.0,0.0,-0.0,-0.0,0.05999999999999872,0.002480365058331925,0.0,0.0,0.0,0.0,0.0,-0.0,0.12999999999999545,0.002422888148277755,0.0,0.0,0.0,0.0,0.0,-0.0,0.21999999999999886,0.0027046979851917162,0.0,0.0,0.0,0.0,0.0,0.0,0.0,0.0,0.0,0.0,0.0,0.0,125.58080722221551,-44.08160000000318
188,2024-10-01,2024-10-02,1,24.22,24.13,53.72,53.52,81.45,81.15,3.3630335681724,3.363186102131342,3.3632181485549366,81.15445392463062,1.516255605381166,1.5163877700907853,1.516397607068323,81.15759993029666,1.0,1.0,1.0,81.15,5.488357865763465e-05,9.364848356419392e-05,0.0,VCLT,IGLB,0.0,9.364848356419392e-05,9.364848356419392e-05,False,False,True,,,,,0,0,4143.0,0.0,0.0,0.0,0.0,-0.0,1868.0,0.0,0.0,0.0,0.0,-0.0,1232.0,0.0,0.0,0.0,0.0,-0.0,-0.0,-0.08999999999999986,-0.0037228584880058782,-0.0,0.0,0.0,0.0,0.0,-0.0,-0.19999999999999574,-0.003729955835063789,-0.0,0.0,0.0,0.0,0.0,-0.0,-0.29999999999999716,-0.003690041087453907,-0.0,0.0,0.0,0.0,0.0,0.0,0.0,0.0,0.0,0.0,0.0,0.0,125.58080722221551,-44.08160000000318
189,2024-10-02,2024-10-03,1,24.13,23.91,53.52,53.07,81.15,80.49,3.3663739021329984,3.3632983885821446,3.363186102131342,80.41377970196038,1.5166760881854153,1.5163866776895494,1.5163877700907853,80.47469895871798,1.0,1.0,1.0,80.49,-0.0009474022783291775,-0.00019011673276296662,0.0,SPLB,VCLT,-0.0009474022783291775,0.0,0.0009474022783291775,False,False,False,,,,,0,0,4177.0,0.0,0.0,0.0,0.0,-0.0,1883.0,0.0,0.0,0.0,0.0,-0.0,1242.0,0.0,0.0,0.0,0.0,-0.0,-0.0,-0.21999999999999886,-0.009159098166706969,-0.0,0.0,0.0,0.0,0.0,-0.0,-0.45000000000000284,-0.00844361898016952,-0.0,0.0,0.0,0.0,0.0,-0.0,-0.6600000000000108,-0.008166340854957928,-0.0,0.0,0.0,0.0,0.0,0.0,0.0,0.0,0.0,0.0,0.0,0.0,125.58080722221551,-44.08160000000318
190,2024-10-03,2024-10-04,1,23.91,23.76,53.07,52.72,80.49,79.93,3.364057239057239,3.363410379338675,3.3632983885821446,79.91196971271177,1.5161229135053111,1.5164081964149934,1.5163866776895494,79.94390564779304,1.0,1.0,1.0,79.93,-0.0002256014161626682,0.0001739576921169028,0.0,SPLB,IGLB,-0.0002256014161626682,0.0001739576921169028,0.00039955910827957103,False,False,False,,,,,0,0,4207.0,0.0,0.0,0.0,0.0,-0.0,1897.0,0.0,0.0,0.0,0.0,-0.0,1251.0,0.0,0.0,0.0,0.0,-0.0,-0.0,-0.14999999999999858,-0.006293286975789179,-0.0,0.0,0.0,0.0,0.0,-0.0,-0.3500000000000014,-0.006616906645551885,-0.0,0.0,0.0,0.0,0.0,-0.0,-0.5599999999999881,-0.0069817014677146395,-0.0,0.0,0.0,0.0,0.0,0.0,0.0,0.0,0.0,0.0,0.0,0.0,125.58080722221551,-44.08160000000318
191,2024-10-04,2024-10-07,3,23.76,23.58,52.72,52.35,79.93,79.33,3.3642917726887194,3.3635186556807524,3.363410379338675,79.30921674480595,1.5153772683858644,1.5164001972360088,1.5164081964149934,79.38396908232491,1.0,1.0,1.0,79.33,-0.00026201913674830376,0.0006800798280964832,0.0,SPLB,IGLB,-0.00026201913674830376,0.0006800798280964832,0.0009420989648447869,False,False,False,,,,,0,0,4241.0,0.0,0.0,0.0,0.0,-0.0,1912.0,0.0,0.0,0.0,0.0,-0.0,1261.0,0.0,0.0,0.0,0.0,-0.0,-0.0,-0.18000000000000327,-0.0076045993852194155,-0.0,0.0,0.0,0.0,0.0,-0.0,-0.36999999999999744,-0.007042952877705883,-0.0,0.0,0.0,0.0,0.0,-0.0,-0.6000000000000085,-0.0075348843240162,-0.0,0.0,0.0,0.0,0.0,0.0,0.0,0.0,0.0,0.0,0.0,0.0,125.58080722221551,-44.08160000000318
192,2024-10-07,2024-10-08,1,23.58,23.65,52.35,52.5,79.33,79.57,3.3644820295983084,3.3636211187659635,3.3635186556807524,79.54721620684978,1.5156190476190474,1.5163695824527823,1.5164001972360088,79.61101035489047,1.0,1.0,1.0,79.57,-0.0002863774750345178,0.0005152669367583714,0.0,SPLB,IGLB,-0.0002863774750345178,0.0005152669367583714,0.0008016444117928892,False,False,False,,,,,0,0,4228.0,0.0,0.0,0.0,0.0,-0.0,1906.0,0.0,0.0,0.0,0.0,-0.0,1257.0,0.0,0.0,0.0,0.0,-0.0,-0.0,0.07000000000000028,0.0029642198287172152,0.0,0.0,0.0,0.0,0.0,-0.0,0.14999999999999858,0.002861232281032195,0.0,0.0,0.0,0.0,0.0,-0.0,0.23999999999999488,0.0030207700755317765,0.0,0.0,0.0,0.0,0.0,0.0,0.0,0.0,0.0,0.0,0.0,0.0,125.58080722221551,-44.08160000000318
193,2024-10-08,2024-10-09,1,23.65,23.6,52.5,52.38,79.57,79.35,3.3622881355932197,3.3634428426187952,3.3636211187659635,79.38145840287675,1.5148911798396332,1.5162617099187716,1.5163695824527823,79.42743872887674,1.0,1.0,1.0,79.35,0.0003963726359620013,0.0009754375135006231,0.0,VCLT,IGLB,0.0,0.0009754375135006231,0.0009754375135006231,False,False,False,,,,,0,0,4238.0,0.0,0.0,0.0,0.0,-0.0,1911.0,0.0,0.0,0.0,0.0,-0.0,1260.0,0.0,0.0,0.0,0.0,-0.0,-0.0,-0.04999999999999716,-0.0021164029063775016,-0.0,0.0,0.0,0.0,0.0,-0.0,-0.11999999999999744,-0.0022883305180121626,-0.0,0.0,0.0,0.0,0.0,-0.0,-0.21999999999999886,-0.0027686904170253377,-0.0,0.0,0.0,0.0,0.0,0.0,0.0,0.0,0.0,0.0,0.0,0.0,125.58080722221551,-44.08160000000318
194,2024-10-09,2024-10-10,1,23.6,23.52,52.38,52.22,79.35,79.14,3.364795918367347,3.363540313340638,3.3634428426187952,79.10817565839406,1.5155112983531214,1.5162163793140395,1.5162617099187716,79.17918649195825,1.0,1.0,1.0,79.14,-0.0004022080115938731,0.0004950315072580275,0.0,SPLB,IGLB,-0.0004022080115938731,0.0004950315072580275,0.0008972395188519007,False,False,False,,,,,0,0,4251.0,0.0,0.0,0.0,0.0,-0.0,1917.0,0.0,0.0,0.0,0.0,-0.0,1264.0,0.0,0.0,0.0,0.0,-0.0,-0.0,-0.08000000000000185,-0.003395589001138272,-0.0,0.0,0.0,0.0,0.0,-0.0,-0.1600000000000037,-0.003059275808583076,-0.0,0.0,0.0,0.0,0.0,-0.0,-0.20999999999999375,-0.0026500110151397847,-0.0,0.0,0.0,0.0,0.0,0.0,0.0,0.0,0.0,0.0,0.0,0.0,125.58080722221551,-44.08160000000318
195,2024-10-10,2024-10-11,1,23.52,23.49,52.22,52.13,79.14,79.0,3.3631332481907195,3.363449553069762,3.363540313340638,79.00956196037158,1.515442163821216,1.5161520562783346,1.5162163793140395,79.04035985364088,1.0,1.0,1.0,79.0,0.00012103014861410106,0.000510753766387918,0.0,VCLT,IGLB,0.0,0.000510753766387918,0.000510753766387918,False,False,False,,,,,0,0,4258.0,0.0,0.0,0.0,0.0,-0.0,1920.0,0.0,0.0,0.0,0.0,-0.0,1266.0,0.0,0.0,0.0,0.0,-0.0,-0.0,-0.030000000000001137,-0.0012763243596047896,-0.0,0.0,0.0,0.0,0.0,-0.0,-0.0899999999999963,-0.0017249644909681557,-0.0,0.0,0.0,0.0,0.0,-0.0,-0.14000000000000057,-0.0017705834902567825,-0.0,0.0,0.0,0.0,0.0,0.0,0.0,0.0,0.0,0.0,0.0,0.0,125.58080722221551,-44.08160000000318
196,2024-10-11,2024-10-14,3,23.49,23.53,52.13,52.21,79.0,79.1,3.3616659583510407,3.363386369808918,3.363449553069762,79.1419679837315,1.5150354338249377,1.516068803057236,1.5161520562783346,79.15829885829186,1.0,1.0,1.0,79.1,0.00053042799265257,0.0007367558143810591,0.0,VCLT,IGLB,0.0,0.0007367558143810591,0.0007367558143810591,False,False,False,,,,,0,0,4251.0,0.0,0.0,0.0,0.0,-0.0,1916.0,0.0,0.0,0.0,0.0,-0.0,1264.0,0.0,0.0,0.0,0.0,-0.0,-0.0,0.0400000000000027,0.0017014040684498275,0.0,0.0,0.0,0.0,0.0,-0.0,0.0799999999999983,0.0015334486424464849,0.0,0.0,0.0,0.0,0.0,-0.0,0.09999999999999432,0.0012650223065867022,0.0,0.0,0.0,0.0,0.0,0.0,0.0,0.0,0.0,0.0,0.0,0.0,125.58080722221551,-44.08160000000318
197,2024-10-14,2024-10-15,1,23.53,23.7,52.21,52.6,79.1,79.73,3.364135021097047,3.363426181420235,3.363386369808918,79.71225696447135,1.5157794676806084,1.5160275181386835,1.516068803057236,79.74521904081061,1.0,1.0,1.0,79.73,-0.0002225637787584298,0.0001908640219884862,0.0,SPLB,IGLB,-0.0002225637787584298,0.0001908640219884862,0.000413427800746916,False,False,False,,,,,0,0,4218.0,0.0,0.0,0.0,0.0,-0.0,1901.0,0.0,0.0,0.0,0.0,-0.0,1254.0,0.0,0.0,0.0,0.0,-0.0,-0.0,0.16999999999999815,0.007198845401814343,0.0,0.0,0.0,0.0,0.0,-0.0,0.39000000000000057,0.0074420723212031215,0.0,0.0,0.0,0.0,0.0,-0.0,0.6300000000000097,0.007933051740795921,0.0,0.0,0.0,0.0,0.0,0.0,0.0,0.0,0.0,0.0,0.0,0.0,125.58080722221551,-44.08160000000318
198,2024-10-15,2024-10-16,1,23.7,23.8,52.6,52.82,79.73,80.09,3.365126050420168,3.3635474489474184,3.363426181420235,80.04954311780159,1.516281711472927,1.5159731288841671,1.5160275181386835,80.07657350808526,1.0,1.0,1.0,80.09,-0.000505270369472254,-0.00016765660464752218,0.0,SPLB,VCLT,-0.000505270369472254,0.0,0.000505270369472254,False,False,False,,,,,0,0,4201.0,0.0,0.0,0.0,0.0,-0.0,1894.0,0.0,0.0,0.0,0.0,-0.0,1249.0,0.0,0.0,0.0,0.0,-0.0,-0.0,0.10000000000000142,0.004210532536343679,0.0,0.0,0.0,0.0,0.0,-0.0,0.21999999999999886,0.004173787125321874,0.0,0.0,0.0,0.0,0.0,-0.0,0.35999999999999943,0.0045050758211867496,0.0,0.0,0.0,0.0,0.0,0.0,0.0,0.0,0.0,0.0,0.0,0.0,125.58080722221551,-44.08160000000318
199,2024-10-16,2024-10-17,1,23.8,23.54,52.82,52.23,80.09,79.16,3.362786745964316,3.3635929204572443,3.3635474489474184,79.17790694822223,1.5156040589699407,1.5159034340061734,1.5159731288841671,79.17927652162004,1.0,1.0,1.0,79.16,0.0002261864975193615,0.00024348376648855062,0.0,VCLT,IGLB,0.0,0.00024348376648855062,0.00024348376648855062,False,False,False,,,,,0,0,4248.0,0.0,0.0,0.0,0.0,-0.0,1915.0,0.0,0.0,0.0,0.0,-0.0,1263.0,0.0,0.0,0.0,0.0,-0.0,-0.0,-0.26000000000000156,-0.010984478845298426,-0.0,0.0,0.0,0.0,0.0,-0.0,-0.5900000000000034,-0.011232864420778806,-0.0,0.0,0.0,0.0,0.0,-0.0,-0.9300000000000068,-0.01167988160122598,-0.0,0.0,0.0,0.0,0.0,0.0,0.0,0.0,0.0,0.0,0.0,0.0,125.58080722221551,-44.08160000000318
200,2024-10-17,2024-10-18,1,23.54,23.47,52.23,52.11,79.16,78.95,3.363868768640818,3.3636101546900266,3.3635929204572443,78.94352584313152,1.5150642870850126,1.515797781136654,1.5159034340061734,78.9937279460617,1.0,1.0,1.0,78.95,-8.20066160095129e-05,0.0005537155257457953,0.0,SPLB,IGLB,-8.20066160095129e-05,0.0005537155257457953,0.0006357221417553083,False,False,False,,,,,0,0,4262.0,0.0,0.0,0.0,0.0,-0.0,1921.0,0.0,0.0,0.0,0.0,-0.0,1267.0,0.0,0.0,0.0,0.0,-0.0,-0.0,-0.07000000000000028,-0.0029780919691985083,-0.0,0.0,0.0,0.0,0.0,-0.0,-0.11999999999999744,-0.0023001735270840934,-0.0,0.0,0.0,0.0,0.0,-0.0,-0.20999999999999375,-0.0026563800327138363,-0.0,0.0,0.0,0.0,0.0,0.0,0.0,0.0,0.0,0.0,0.0,0.0,125.58080722221551,-44.08160000000318
201,2024-10-18,2024-10-21,3,23.47,23.11,52.11,51.31,78.95,77.72,3.363046300302899,3.363693162774478,3.3636101546900266,77.7330306748865,1.5147144806080686,1.515724052245584,1.515797781136654,77.77558415012173,1.0,1.0,1.0,77.72,0.00016764774363622388,0.0007149290160624917,0.0,VCLT,IGLB,0.0,0.0007149290160624917,0.0007149290160624917,False,False,False,,,,,0,0,4329.0,0.0,0.0,0.0,0.0,-0.0,1951.0,0.0,0.0,0.0,0.0,-0.0,1287.0,0.0,0.0,0.0,0.0,-0.0,-0.0,-0.35999999999999943,-0.01545758557664281,-0.0,0.0,0.0,0.0,0.0,-0.0,-0.7999999999999972,-0.015471203967249762,-0.0,0.0,0.0,0.0,0.0,-0.0,-1.230000000000004,-0.01570211619241186,-0.0,0.0,0.0,0.0,0.0,0.0,0.0,0.0,0.0,0.0,0.0,0.0,125.58080722221551,-44.08160000000318
202,2024-10-21,2024-10-22,1,23.11,23.12,51.31,51.36,77.72,77.78,3.3641868512110724,3.3637880549439236,3.363693162774478,77.76858592334594,1.5144080996884735,1.515599360647541,1.515724052245584,77.84758732333319,1.0,1.0,1.0,77.78,-0.00014675898989108315,0.0008685777212738571,0.0,SPLB,IGLB,-0.00014675898989108315,0.0008685777212738571,0.0010153367111649402,False,False,False,,,,,0,0,4326.0,0.0,0.0,0.0,0.0,-0.0,1949.0,0.0,0.0,0.0,0.0,-0.0,1286.0,0.0,0.0,0.0,0.0,-0.0,-0.0,0.010000000000001563,0.000432619517887498,0.0,0.0,0.0,0.0,0.0,-0.0,0.04999999999999716,0.0009739944278322044,0.0,0.0,0.0,0.0,0.0,-0.0,0.060000000000002274,0.0007717042183618505,0.0,0.0,0.0,0.0,0.0,0.0,0.0,0.0,0.0,0.0,0.0,0.0,125.58080722221551,-44.08160000000318
203,2024-10-22,2024-10-23,1,23.12,23.02,51.36,51.11,77.78,77.37,3.360990443092963,3.363619878718846,3.3637880549439236,77.43440102480912,1.5137937781256114,1.5154650795163682,1.515599360647541,77.46228332269582,1.0,1.0,1.0,77.37,0.0008320309771305667,0.0011920425332887083,0.0,VCLT,IGLB,0.0,0.0011920425332887083,0.0011920425332887083,False,False,False,,,,,0,0,4346.0,0.0,0.0,0.0,0.0,-0.0,1958.0,0.0,0.0,0.0,0.0,-0.0,1292.0,0.0,0.0,0.0,0.0,-0.0,-0.0,-0.10000000000000142,-0.004334640510440147,-0.0,0.0,0.0,0.0,0.0,-0.0,-0.25,-0.0048794866015175855,-0.0,0.0,0.0,0.0,0.0,-0.0,-0.4099999999999966,-0.005285220166238067,-0.0,0.0,0.0,0.0,0.0,0.0,0.0,0.0,0.0,0.0,0.0,0.0,125.58080722221551,-44.08160000000318
204,2024-10-23,2024-10-24,1,23.02,23.13,51.11,51.35,77.37,77.79,3.3631647211413753,3.3635340300934744,3.363619878718846,77.80052779476691,1.5148977604673808,1.5155095566320047,1.5154650795163682,77.81913183316551,1.0,1.0,1.0,77.79,0.00013532693708524085,0.000374423186642807,0.0,VCLT,IGLB,0.0,0.000374423186642807,0.000374423186642807,False,False,False,,,,,0,0,4326.0,0.0,0.0,0.0,0.0,-0.0,1949.0,0.0,0.0,0.0,0.0,-0.0,1286.0,0.0,0.0,0.0,0.0,-0.0,-0.0,0.10999999999999943,0.004767072949611267,0.0,0.0,0.0,0.0,0.0,-0.0,0.240000000000002,0.004684763594379007,0.0,0.0,0.0,0.0,0.0,-0.0,0.4200000000000017,0.00541377965731959,0.0,0.0,0.0,0.0,0.0,0.0,0.0,0.0,0.0,0.0,0.0,0.0,125.58080722221551,-44.08160000000318
205,2024-10-24,2024-10-25,1,23.13,23.04,51.35,51.16,77.79,77.47,3.3624131944444446,3.3634465973301473,3.3635340300934744,77.49582405335364,1.5142689601250978,1.5153853277953706,1.5155095566320047,77.53346891729336,1.0,1.0,1.0,77.47,0.00033328708120579755,0.0008189354894292814,0.0,VCLT,IGLB,0.0,0.0008189354894292814,0.0008189354894292814,False,False,False,,,,,0,0,4342.0,0.0,0.0,0.0,0.0,-0.0,1957.0,0.0,0.0,0.0,0.0,-0.0,1291.0,0.0,0.0,0.0,0.0,-0.0,-0.0,-0.08999999999999986,-0.003898640415657309,-0.0,0.0,0.0,0.0,0.0,-0.0,-0.19000000000000483,-0.0037069596639253844,-0.0,0.0,0.0,0.0,0.0,-0.0,-0.3200000000000074,-0.004122123574871702,-0.0,0.0,0.0,0.0,0.0,0.0,0.0,0.0,0.0,0.0,0.0,0.0,125.58080722221551,-44.08160000000318
206,2024-10-25,2024-10-28,3,23.04,23.01,51.16,51.11,77.47,77.4,3.363754889178618,3.363525898080469,3.3634465973301473,77.3929062045667,1.5143807474075526,1.5153159718087787,1.5153853277953706,77.4513441036214,1.0,1.0,1.0,77.4,-9.165530400855427e-05,0.0006631405855747308,0.0,SPLB,IGLB,-9.165530400855427e-05,0.0006631405855747308,0.0007547958895832851,False,False,False,,,,,0,0,4346.0,0.0,0.0,0.0,0.0,-0.0,1958.0,0.0,0.0,0.0,0.0,-0.0,1292.0,0.0,0.0,0.0,0.0,-0.0,-0.0,-0.029999999999997584,-0.001302931780415906,-0.0,0.0,0.0,0.0,0.0,-0.0,-0.04999999999999716,-0.0009778039304537088,-0.0,0.0,0.0,0.0,0.0,-0.0,-0.06999999999999318,-0.0009039840481296312,-0.0,0.0,0.0,0.0,0.0,0.0,0.0,0.0,0.0,0.0,0.0,0.0,125.58080722221551,-44.08160000000318
207,2024-10-28,2024-10-29,1,23.01,23.06,51.11,51.21,77.4,77.56,3.3633998265394625,3.3635497292092587,3.363525898080469,77.56290720973561,1.514547939855497,1.5152336145200942,1.5153159718087787,77.59933091632756,1.0,1.0,1.0,77.56,3.7482661822677565e-05,0.0005069745652768698,0.0,VCLT,IGLB,0.0,0.0005069745652768698,0.0005069745652768698,False,False,False,,,,,0,0,4336.0,0.0,0.0,0.0,0.0,-0.0,1953.0,0.0,0.0,0.0,0.0,-0.0,1289.0,0.0,0.0,0.0,0.0,-0.0,-0.0,0.04999999999999716,0.0021706107936382245,0.0,0.0,0.0,0.0,0.0,-0.0,0.10000000000000142,0.001954652694270872,0.0,0.0,0.0,0.0,0.0,-0.0,0.1599999999999966,0.0020650497787696427,0.0,0.0,0.0,0.0,0.0,0.0,0.0,0.0,0.0,0.0,0.0,0.0,125.58080722221551,-44.08160000000318
208,2024-10-29,2024-10-30,1,23.06,23.06,51.21,51.21,77.56,77.55,3.362966175195143,3.363546359560396,3.3635497292092587,77.5634567555655,1.5143526654950203,1.5151384675257868,1.5152336145200942,77.59511339957403,1.0,1.0,1.0,77.55,0.0001735085514915719,0.0005815639288536013,0.0,VCLT,IGLB,0.0,0.0005815639288536013,0.0005815639288536013,False,False,False,,,,,0,0,4336.0,0.0,0.0,0.0,0.0,-0.0,1953.0,0.0,0.0,0.0,0.0,-0.0,1289.0,0.0,0.0,0.0,0.0,-0.0,-0.0,0.0,0.0,0.0,0.0,0.0,0.0,0.0,-0.0,0.0,0.0,0.0,0.0,0.0,0.0,0.0,-0.0,-0.010000000000005116,-0.0001289407519032922,-0.0,0.0,0.0,0.0,0.0,0.0,0.0,0.0,0.0,0.0,0.0,0.0,125.58080722221551,-44.08160000000318
209,2024-10-30,2024-10-31,1,23.06,23.01,51.21,51.09,77.55,77.36,3.362016514558887,3.363328490181691,3.363546359560396,77.39520173348471,1.5141906439616362,1.5150141953145977,1.5151384675257868,77.40842430589245,1.0,1.0,1.0,77.36,0.0004549344215578376,0.0006257646892742036,0.0,VCLT,IGLB,0.0,0.0006257646892742036,0.0006257646892742036,True,False,False,,,,,0,0,4349.0,0.0,0.0,0.0,0.0,-0.0,1959.0,0.0,0.0,0.0,0.0,-0.0,1293.0,0.0,0.0,0.0,0.0,-0.0,-0.0,-0.04999999999999716,-0.0021706107936383273,-0.0,0.0,0.0,0.0,0.0,-0.0,-0.11999999999999744,-0.0023460421317523152,-0.0,0.0,0.0,0.0,0.0,-0.0,-0.18999999999999773,-0.002453038477508916,-0.0,0.0,0.0,0.0,0.0,0.0,0.0,0.0,0.0,0.0,0.0,0.0,125.58080722221551,-44.08160000000318
210,2024-10-31,2024-11-01,1,23.01,22.7,51.09,50.43,77.36,76.36,3.363876651982379,3.3633194608279475,3.363328490181691,76.34755672712438,1.5141780686099544,1.51491695306983,1.5150141953145977,76.40216586971516,1.0,1.0,1.0,76.36,-0.0001629686594409033,0.0005520459931418701,0.0,SPLB,IGLB,-0.0001629686594409033,0.0005520459931418701,0.0007150146525827733,False,False,False,,,,,0,0,4406.0,0.0,0.0,0.0,0.0,-0.0,1985.0,0.0,0.0,0.0,0.0,-0.0,1310.0,0.0,0.0,0.0,0.0,-0.0,-0.0,-0.3100000000000023,-0.013563979559917626,-0.0,0.0,0.0,0.0,0.0,-0.0,-0.6600000000000037,-0.013002547254072747,-0.0,0.0,0.0,0.0,0.0,-0.0,-1.0,-0.013010852287492039,-0.0,0.0,0.0,0.0,0.0,0.0,0.0,0.0,0.0,0.0,0.0,0.0,125.58080722221551,-44.08160000000318
211,2024-11-01,2024-11-04,3,22.7,22.96,50.43,50.99,76.36,77.21,3.36280487804878,3.3632451160959507,3.3633194608279475,77.22181482060968,1.5142184742106293,1.5148590133610682,1.51491695306983,77.24561543703064,1.0,1.0,1.0,77.21,0.0001530101895967488,0.0004611737496378966,0.0,VCLT,IGLB,0.0,0.0004611737496378966,0.0004611737496378966,False,False,False,,,,,0,0,4355.0,0.0,0.0,0.0,0.0,-0.0,1962.0,0.0,0.0,0.0,0.0,-0.0,1295.0,0.0,0.0,0.0,0.0,-0.0,-0.0,0.26000000000000156,0.01138864696400881,0.0,0.0,0.0,0.0,0.0,-0.0,0.5600000000000023,0.01104329897843038,0.0,0.0,0.0,0.0,0.0,-0.0,0.8499999999999943,0.011069983463177393,0.0,0.0,0.0,0.0,0.0,0.0,0.0,0.0,0.0,0.0,0.0,0.0,125.58080722221551,-44.08160000000318
212,2024-11-04,2024-11-05,1,22.96,23.13,50.99,51.38,77.21,77.83,3.364894076956334,3.3632657184638517,3.3632451160959507,77.79185953529934,1.514791747761775,1.5148176483682048,1.5148590133610682,77.8334561064917,1.0,1.0,1.0,77.83,-0.0004901684837619176,4.440485363379785e-05,0.0,SPLB,IGLB,-0.0004901684837619176,4.440485363379785e-05,0.0005345733373957154,False,False,False,,,,,0,0,4322.0,0.0,0.0,0.0,0.0,-0.0,1947.0,0.0,0.0,0.0,0.0,-0.0,1285.0,0.0,0.0,0.0,0.0,-0.0,-0.0,0.16999999999999815,0.007376904791982167,0.0,0.0,0.0,0.0,0.0,-0.0,0.39000000000000057,0.007619456614673083,0.0,0.0,0.0,0.0,0.0,-0.0,0.6200000000000045,0.007997978650572505,0.0,0.0,0.0,0.0,0.0,0.0,0.0,0.0,0.0,0.0,0.0,0.0,125.58080722221551,-44.08160000000318
213,2024-11-05,2024-11-06,1,23.13,22.76,51.38,50.57,77.83,76.55,3.36335676625659,3.3633191499970203,3.3632657184638517,76.54792775223727,1.5137433260826576,1.5147602556803559,1.5148176483682048,76.60432847798012,1.0,1.0,1.0,76.55,-2.7070879316018365e-05,0.0007094605917940756,0.0,SPLB,IGLB,-2.7070879316018365e-05,0.0007094605917940756,0.000736531471110094,False,False,False,,,,,0,0,4392.0,0.0,0.0,0.0,0.0,-0.0,1978.0,0.0,0.0,0.0,0.0,-0.0,1306.0,0.0,0.0,0.0,0.0,-0.0,-0.0,-0.36999999999999744,-0.016125866985217584,-0.0,0.0,0.0,0.0,0.0,-0.0,-0.8100000000000023,-0.015890476589845957,-0.0,0.0,0.0,0.0,0.0,-0.0,-1.2800000000000011,-0.016582838867604026,-0.0,0.0,0.0,0.0,0.0,0.0,0.0,0.0,0.0,0.0,0.0,0.0,125.58080722221551,-44.08160000000318
214,2024-11-06,2024-11-07,1,22.76,23.12,50.57,51.32,76.55,77.71,3.361159169550173,3.3631373125561614,3.3633191499970203,77.75993874793112,1.5142244738893218,1.5146959144571661,1.5147602556803559,77.73749632151586,1.0,1.0,1.0,77.71,0.000642423224075396,0.0003537698895551366,0.0,VCLT,SPLB,0.0,0.000642423224075396,0.000642423224075396,False,False,False,,,,,0,0,4329.0,0.0,0.0,0.0,0.0,-0.0,1949.0,0.0,0.0,0.0,0.0,-0.0,1287.0,0.0,0.0,0.0,0.0,-0.0,-0.0,0.35999999999999943,0.015693434546046547,0.0,0.0,0.0,0.0,0.0,-0.0,0.75,0.014722024655543951,0.0,0.0,0.0,0.0,0.0,-0.0,1.1599999999999966,0.015039827117458047,0.0,0.0,0.0,0.0,0.0,0.0,0.0,0.0,0.0,0.0,0.0,0.0,125.58080722221551,-44.08160000000318
215,2024-11-07,2024-11-08,1,23.12,23.32,51.32,51.72,77.71,78.36,3.360205831903945,3.3629909417418227,3.3631373125561614,78.42836212880968,1.5150812064965198,1.514677866590931,1.5146959144571661,78.34007269572463,1.0,1.0,1.0,78.36,0.0008720307070445535,-0.0002543368875327269,0.0,IGLB,SPLB,-0.0002543368875327269,0.0008720307070445535,0.0011263675945772805,False,False,False,,,,,0,0,4291.0,0.0,0.0,0.0,0.0,-0.0,1933.0,0.0,0.0,0.0,0.0,-0.0,1276.0,0.0,0.0,0.0,0.0,-0.0,-0.0,0.1999999999999993,0.00861331767811493,0.0,0.0,0.0,0.0,0.0,-0.0,0.3999999999999986,0.007764014156220944,0.0,0.0,0.0,0.0,0.0,-0.0,0.6500000000000057,0.00832964385518922,0.0,0.0,0.0,0.0,0.0,0.0,0.0,0.0,0.0,0.0,0.0,0.0,125.58080722221551,-44.08160000000318
216,2024-11-08,2024-11-11,3,23.32,23.27,51.72,51.62,78.36,78.24,3.3622690159003006,3.363021094619286,3.3629909417418227,78.25679921433222,1.5156915924060441,1.5147106745199865,1.514677866590931,78.18767147342386,1.0,1.0,1.0,78.24,0.00021469083688717747,-0.0006690443964955989,0.0,IGLB,SPLB,-0.0006690443964955989,0.00021469083688717747,0.0008837352333827763,False,False,False,,,,,0,0,4298.0,0.0,0.0,0.0,0.0,-0.0,1936.0,0.0,0.0,0.0,0.0,-0.0,1278.0,0.0,0.0,0.0,0.0,-0.0,-0.0,-0.05000000000000071,-0.0021463841680913302,-0.0,0.0,0.0,0.0,0.0,-0.0,-0.10000000000000142,-0.0019353596131889623,-0.0,0.0,0.0,0.0,0.0,-0.0,-0.12000000000000455,-0.0015325673497781163,-0.0,0.0,0.0,0.0,0.0,0.0,0.0,0.0,0.0,0.0,0.0,0.0,125.58080722221551,-44.08160000000318
217,2024-11-11,2024-11-12,1,23.27,22.92,51.62,50.89,78.24,77.12,3.364746945898778,3.363051690859373,3.363021094619286,77.08044348867404,1.515425427392415,1.5146929725055769,1.5147106745199865,77.08362622632211,1.0,1.0,1.0,77.12,-0.0005130531572894497,-0.00047176289225684423,0.0,SPLB,VCLT,-0.0005130531572894497,0.0,0.0005130531572894497,False,False,False,,,,,0,0,4362.0,0.0,0.0,0.0,0.0,-0.0,1965.0,0.0,0.0,0.0,0.0,-0.0,1297.0,0.0,0.0,0.0,0.0,-0.0,-0.0,-0.34999999999999787,-0.015155085467661441,-0.0,0.0,0.0,0.0,0.0,-0.0,-0.7299999999999969,-0.014242753689726481,-0.0,0.0,0.0,0.0,0.0,-0.0,-1.1199999999999903,-0.0144183754242716,-0.0,0.0,0.0,0.0,0.0,0.0,0.0,0.0,0.0,0.0,0.0,0.0,125.58080722221551,-44.08160000000318
218,2024-11-12,2024-11-13,1,22.92,22.74,50.89,50.53,77.12,76.51,3.3645558487247147,3.3630231807745994,3.363051690859373,76.47579545014213,1.514150009895112,1.514586387426686,1.5146929725055769,76.5374359007068,1.0,1.0,1.0,76.51,-0.0004471598206510004,0.00035852807123774795,0.0,SPLB,IGLB,-0.0004471598206510004,0.00035852807123774795,0.0008056878918887484,False,False,False,,,,,0,0,4396.0,0.0,0.0,0.0,0.0,-0.0,1980.0,0.0,0.0,0.0,0.0,-0.0,1307.0,0.0,0.0,0.0,0.0,-0.0,-0.0,-0.18000000000000327,-0.007884403524148983,-0.0,0.0,0.0,0.0,0.0,-0.0,-0.35999999999999943,-0.00709922129692409,-0.0,0.0,0.0,0.0,0.0,-0.0,-0.6099999999999994,-0.007941199058529648,-0.0,0.0,0.0,0.0,0.0,0.0,0.0,0.0,0.0,0.0,0.0,0.0,125.58080722221551,-44.08160000000318
219,2024-11-13,2024-11-14,1,22.74,22.8,50.53,50.61,76.51,76.64,3.3614035087719296,3.36295401891498,3.3630231807745994,76.67692852166087,1.5143252321675558,1.5145224460865667,1.514586387426686,76.65321706766458,1.0,1.0,1.0,76.64,0.00048172791786381766,0.0001724416507158241,0.0,VCLT,SPLB,0.0,0.00048172791786381766,0.00048172791786381766,False,False,False,,,,,0,0,4389.0,0.0,0.0,0.0,0.0,-0.0,1977.0,0.0,0.0,0.0,0.0,-0.0,1305.0,0.0,0.0,0.0,0.0,-0.0,-0.0,0.060000000000002274,0.0026350476380052534,0.0,0.0,0.0,0.0,0.0,-0.0,0.0799999999999983,0.0015819659221693386,0.0,0.0,0.0,0.0,0.0,-0.0,0.12999999999999545,0.0016976824188444702,0.0,0.0,0.0,0.0,0.0,0.0,0.0,0.0,0.0,0.0,0.0,0.0,125.58080722221551,-44.08160000000318
220,2024-11-14,2024-11-15,1,22.8,22.78,50.61,50.57,76.64,76.62,3.363476733977173,3.3629344171817985,3.36295401891498,76.60809255088324,1.515127545975875,1.5145256090311099,1.5145224460865667,76.58940009859768,1.0,1.0,1.0,76.62,-0.00015542122782444032,-0.0003994520152094739,0.0,IGLB,VCLT,-0.0003994520152094739,0.0,0.0003994520152094739,False,False,False,,,,,0,0,4389.0,0.0,0.0,0.0,0.0,-0.0,1976.0,0.0,0.0,0.0,0.0,-0.0,1305.0,0.0,0.0,0.0,0.0,-0.0,-0.0,-0.019999999999999574,-0.0008775779413590076,-0.0,0.0,0.0,0.0,0.0,-0.0,-0.03999999999999915,-0.0007906701340949602,-0.0,0.0,0.0,0.0,0.0,-0.0,-0.01999999999999602,-0.00026099439010217877,-0.0,0.0,0.0,0.0,0.0,0.0,0.0,0.0,0.0,0.0,0.0,0.0,125.58080722221551,-44.08160000000318
221,2024-11-15,2024-11-18,3,22.78,22.83,50.57,50.67,76.62,76.75,3.361804643013579,3.362872334317332,3.3629344171817985,76.77579274426046,1.5147029800671008,1.5145250340040615,1.5145256090311099,76.74101260960634,1.0,1.0,1.0,76.75,0.00033600535834511883,-0.00011710640579047666,0.0,IGLB,SPLB,-0.00011710640579047666,0.00033600535834511883,0.0004531117641355955,False,False,False,,,,,0,0,4382.0,0.0,0.0,0.0,0.0,-0.0,1973.0,0.0,0.0,0.0,0.0,-0.0,1303.0,0.0,0.0,0.0,0.0,-0.0,-0.0,0.04999999999999716,0.0021925025226679218,0.0,0.0,0.0,0.0,0.0,-0.0,0.10000000000000142,0.0019755043959268745,0.0,0.0,0.0,0.0,0.0,-0.0,0.12999999999999545,0.0016952471948034524,0.0,0.0,0.0,0.0,0.0,0.0,0.0,0.0,0.0,0.0,0.0,0.0,125.58080722221551,-44.08160000000318
222,2024-11-18,2024-11-19,1,22.83,22.89,50.67,50.83,76.75,77.0,3.363914373088685,3.3628587104112126,3.362872334317332,76.97614773252373,1.514853433012001,1.514547300670238,1.5145250340040615,76.98330747842644,1.0,1.0,1.0,77.0,-0.0003098176960304452,-0.00021680949594212994,0.0,SPLB,VCLT,-0.0003098176960304452,0.0,0.0003098176960304452,False,False,False,,,,,0,0,4368.0,0.0,0.0,0.0,0.0,-0.0,1967.0,0.0,0.0,0.0,0.0,-0.0,1299.0,0.0,0.0,0.0,0.0,-0.0,-0.0,0.060000000000002274,0.0026246734227713016,0.0,0.0,0.0,0.0,0.0,-0.0,0.1599999999999966,0.003152711970992704,0.0,0.0,0.0,0.0,0.0,-0.0,0.25,0.003252035386377316,0.0,0.0,0.0,0.0,0.0,0.0,0.0,0.0,0.0,0.0,0.0,0.0,125.58080722221551,-44.08160000000318
223,2024-11-19,2024-11-20,1,22.89,22.8,50.83,50.65,77.0,76.71,3.364473684210526,3.363032872467091,3.3628587104112126,76.67317859737565,1.5145113524185587,1.5145831793848852,1.514547300670238,76.71182077894755,1.0,1.0,1.0,76.71,-0.0004801230965271459,2.3735592999872343e-05,0.0,SPLB,IGLB,-0.0004801230965271459,2.3735592999872343e-05,0.0005038586895270183,False,False,False,,,,,0,0,4385.0,0.0,0.0,0.0,0.0,-0.0,1975.0,0.0,0.0,0.0,0.0,-0.0,1304.0,0.0,0.0,0.0,0.0,-0.0,-0.0,-0.08999999999999986,-0.003939598004080203,-0.0,0.0,0.0,0.0,0.0,-0.0,-0.17999999999999972,-0.0035475007641187105,-0.0,0.0,0.0,0.0,0.0,-0.0,-0.29000000000000625,-0.0037733438824790024,-0.0,0.0,0.0,0.0,0.0,0.0,0.0,0.0,0.0,0.0,0.0,0.0,125.58080722221551,-44.08160000000318
224,2024-11-20,2024-11-21,1,22.8,22.79,50.65,50.61,76.71,76.6,3.3611232996928475,3.362930801394665,3.363032872467091,76.643519163525,1.513534874530725,1.5145150350880523,1.5145831793848852,76.65305470866903,1.0,1.0,1.0,76.6,0.0005679739663050032,0.0006923804669262112,0.0,VCLT,IGLB,0.0,0.0006923804669262112,0.0006923804669262112,False,False,False,,,,,0,0,4389.0,0.0,0.0,0.0,0.0,-0.0,1977.0,0.0,0.0,0.0,0.0,-0.0,1305.0,0.0,0.0,0.0,0.0,-0.0,-0.0,-0.010000000000001563,-0.00043869270280225353,-0.0,0.0,0.0,0.0,0.0,-0.0,-0.03999999999999915,-0.0007900454687057743,-0.0,0.0,0.0,0.0,0.0,-0.0,-0.10999999999999943,-0.0014350012246593371,-0.0,0.0,0.0,0.0,0.0,0.0,0.0,0.0,0.0,0.0,0.0,0.0,125.58080722221551,-44.08160000000318
225,2024-11-21,2024-11-22,1,22.79,22.81,50.61,50.65,76.6,76.71,3.362998684787374,3.3629600759118103,3.362930801394665,76.7084515798123,1.5145113524185587,1.5145271547027255,1.5145150350880523,76.71018652720984,1.0,1.0,1.0,76.71,-2.0185579658734285e-05,2.4315862738813016e-06,0.0,SPLB,IGLB,-2.0185579658734285e-05,2.4315862738813016e-06,2.2617165932615586e-05,False,False,True,,,,,0,0,4385.0,0.0,0.0,0.0,0.0,-0.0,1975.0,0.0,0.0,0.0,0.0,-0.0,1304.0,0.0,0.0,0.0,0.0,-0.0,-0.0,0.019999999999999574,0.0008771930387036492,0.0,0.0,0.0,0.0,0.0,-0.0,0.03999999999999915,0.0007900454687057604,0.0,0.0,0.0,0.0,0.0,-0.0,0.10999999999999943,0.0014350012246592847,0.0,0.0,0.0,0.0,0.0,0.0,0.0,0.0,0.0,0.0,0.0,0.0,125.58080722221551,-44.08160000000318
226,2024-11-22,2024-11-25,3,22.81,23.27,50.65,51.61,76.71,78.22,3.3614095401804898,3.3628428084619046,3.3629600759118103,78.25608096646782,1.515597752373571,1.5145880049510265,1.5145271547027255,78.16474645420766,1.0,1.0,1.0,78.22,0.00046116910500872675,-0.0007066360286958474,0.0,IGLB,SPLB,-0.0007066360286958474,0.00046116910500872675,0.0011678051337045742,False,False,False,,,,,0,0,4298.0,0.0,0.0,0.0,0.0,-0.0,1936.0,0.0,0.0,0.0,0.0,-0.0,1278.0,0.0,0.0,0.0,0.0,-0.0,-0.0,0.46000000000000085,0.01996594101790366,0.0,0.0,0.0,0.0,0.0,-0.0,0.9600000000000009,0.01877622146594344,0.0,0.0,0.0,0.0,0.0,-0.0,1.5100000000000051,0.01949329135616309,0.0,0.0,0.0,0.0,0.0,0.0,0.0,0.0,0.0,0.0,0.0,0.0,125.58080722221551,-44.08160000000318
227,2024-11-25,2024-11-26,1,23.27,23.18,51.61,51.45,78.22,77.92,3.361518550474547,3.3627487446586586,3.3628428084619046,77.95069630014694,1.5144800777453837,1.5145846118455206,1.5145880049510265,77.92555285473031,1.0,1.0,1.0,77.92,0.00039386878062903696,7.12609969415234e-05,0.0,VCLT,SPLB,0.0,0.00039386878062903696,0.00039386878062903696,False,False,False,,,,,0,0,4315.0,0.0,0.0,0.0,0.0,-0.0,1943.0,0.0,0.0,0.0,0.0,-0.0,1283.0,0.0,0.0,0.0,0.0,-0.0,-0.0,-0.08999999999999986,-0.0038751394025947315,-0.0,0.0,0.0,0.0,0.0,-0.0,-0.1599999999999966,-0.0031049898805770512,-0.0,0.0,0.0,0.0,0.0,-0.0,-0.29999999999999716,-0.0038427099930883196,-0.0,0.0,0.0,0.0,0.0,0.0,0.0,0.0,0.0,0.0,0.0,0.0,125.58080722221551,-44.08160000000318
228,2024-11-26,2024-11-27,1,23.18,23.29,51.45,51.71,77.92,78.35,3.364104765993989,3.3628056741986017,3.3627487446586586,78.31841826310016,1.515180816089731,1.5146260193752563,1.5145846118455206,78.31917027853187,1.0,1.0,1.0,78.35,-0.00040316660725570237,-0.0003935646280791372,0.0,SPLB,VCLT,-0.00040316660725570237,0.0,0.00040316660725570237,False,False,False,,,,,0,0,4291.0,0.0,0.0,0.0,0.0,-0.0,1933.0,0.0,0.0,0.0,0.0,-0.0,1276.0,0.0,0.0,0.0,0.0,-0.0,-0.0,0.10999999999999943,0.0047342459846439885,0.0,0.0,0.0,0.0,0.0,-0.0,0.259999999999998,0.005040724128071357,0.0,0.0,0.0,0.0,0.0,-0.0,0.4299999999999926,0.005503309467750038,0.0,0.0,0.0,0.0,0.0,0.0,0.0,0.0,0.0,0.0,0.0,0.0,125.58080722221551,-44.08160000000318
229,2024-11-27,2024-11-29,2,23.29,23.5,51.71,52.13,78.35,78.99,3.361276595744681,3.3627686782578907,3.3628056741986017,79.02593334366713,1.5152503356992133,1.5146790039621352,1.5146260193752563,78.95745439003211,1.0,1.0,1.0,78.99,0.00045480659483099,-0.0004121068054458288,0.0,IGLB,SPLB,-0.0004121068054458288,0.00045480659483099,0.0008669134002768188,True,False,False,,,,,0,0,4257.0,0.0,0.0,0.0,0.0,-0.0,1918.0,0.0,0.0,0.0,0.0,-0.0,1266.0,0.0,0.0,0.0,0.0,-0.0,-0.0,0.21000000000000085,0.008976337253863646,0.0,0.0,0.0,0.0,0.0,-0.0,0.4200000000000017,0.008089412371884422,0.0,0.0,0.0,0.0,0.0,-0.0,0.6400000000000006,0.008135293374297983,0.0,0.0,0.0,0.0,0.0,0.0,0.0,0.0,0.0,0.0,0.0,0.0,125.58080722221551,-44.08160000000318
230,2024-11-29,2024-12-02,3,23.5,23.47,52.13,52.08,78.99,78.95,3.363868768640818,3.362768284090813,3.3627686782578907,78.92418087871269,1.515937019969278,1.5147669515301014,1.5146790039621352,78.884482526348,1.0,1.0,1.0,78.95,-0.00032708478832692647,-0.0008302048622888712,0.0,IGLB,VCLT,-0.0008302048622888712,0.0,0.0008302048622888712,False,False,False,,,,,0,0,4261.0,0.0,0.0,0.0,0.0,-0.0,1919.0,0.0,0.0,0.0,0.0,-0.0,1267.0,0.0,0.0,0.0,0.0,-0.0,-0.0,-0.030000000000001137,-0.0012774112871811447,-0.0,0.0,0.0,0.0,0.0,-0.0,-0.05000000000000426,-0.000959600879700888,-0.0,0.0,0.0,0.0,0.0,-0.0,-0.03999999999999204,-0.0005065214746765806,-0.0,0.0,0.0,0.0,0.0,0.0,0.0,0.0,0.0,0.0,0.0,0.0,125.58080722221551,-44.08160000000318
231,2024-12-02,2024-12-03,1,23.47,23.32,52.08,51.76,78.95,78.44,3.3636363636363633,3.362809858370192,3.362768284090813,78.41975638499777,1.5154559505409584,1.5148288253466178,1.5147669515301014,78.40433741119804,1.0,1.0,1.0,78.44,-0.00025811101051222927,-0.00045475137968218054,0.0,IGLB,VCLT,-0.00045475137968218054,0.0,0.00045475137968218054,False,False,False,,,,,0,0,4288.0,0.0,0.0,0.0,0.0,-0.0,1931.0,0.0,0.0,0.0,0.0,-0.0,1275.0,0.0,0.0,0.0,0.0,-0.0,-0.0,-0.14999999999999858,-0.006411648380640479,-0.0,0.0,0.0,0.0,0.0,-0.0,-0.3200000000000003,-0.006163347707668688,-0.0,0.0,0.0,0.0,0.0,-0.0,-0.5100000000000051,-0.006480739373505589,-0.0,0.0,0.0,0.0,0.0,0.0,0.0,0.0,0.0,0.0,0.0,0.0,125.58080722221551,-44.08160000000318
232,2024-12-03,2024-12-04,1,23.32,23.5,51.76,52.14,78.44,79.02,3.3625531914893614,3.3626928140968433,3.362809858370192,79.02603167169951,1.5155350978135786,1.514865992849208,1.5148288253466178,78.98317495357266,1.0,1.0,1.0,79.02,7.632803732741532e-05,-0.00046613046990900595,0.0,IGLB,SPLB,-0.00046613046990900595,7.632803732741532e-05,0.0005424585072364213,False,False,False,,,,,0,0,4257.0,0.0,0.0,0.0,0.0,-0.0,1918.0,0.0,0.0,0.0,0.0,-0.0,1266.0,0.0,0.0,0.0,0.0,-0.0,-0.0,0.17999999999999972,0.007689059667821616,0.0,0.0,0.0,0.0,0.0,-0.0,0.38000000000000256,0.007314758312710694,0.0,0.0,0.0,0.0,0.0,-0.0,0.5799999999999983,0.007366983655099045,0.0,0.0,0.0,0.0,0.0,0.0,0.0,0.0,0.0,0.0,0.0,0.0,125.58080722221551,-44.08160000000318
233,2024-12-04,2024-12-05,1,23.5,23.51,52.14,52.16,79.02,79.06,3.3628243300723097,3.3626661922876293,3.3626928140968433,79.05690805941678,1.5157208588957056,1.5149648694898603,1.514865992849208,79.0154101870147,1.0,1.0,1.0,79.06,-3.910955028853975e-05,-0.0005641587659358685,0.0,IGLB,VCLT,-0.0005641587659358685,0.0,0.0005641587659358685,False,False,False,,,,,0,0,4254.0,0.0,0.0,0.0,0.0,-0.0,1916.0,0.0,0.0,0.0,0.0,-0.0,1265.0,0.0,0.0,0.0,0.0,-0.0,-0.0,0.010000000000001563,0.00042544140186483246,0.0,0.0,0.0,0.0,0.0,-0.0,0.01999999999999602,0.000383509113041676,0.0,0.0,0.0,0.0,0.0,-0.0,0.04000000000000625,0.0005060728852949496,0.0,0.0,0.0,0.0,0.0,0.0,0.0,0.0,0.0,0.0,0.0,0.0,125.58080722221551,-44.08160000000318
234,2024-12-05,2024-12-06,1,23.51,23.56,52.16,52.26,79.06,79.19,3.3612054329371817,3.3626685054569796,3.3626661922876293,79.22441549029654,1.5153080750095675,1.5150190495458726,1.5149648694898603,79.17206407954009,1.0,1.0,1.0,79.19,0.00043449948328824837,-0.00022651789291642063,0.0,IGLB,SPLB,-0.00022651789291642063,0.00043449948328824837,0.000661017376204669,False,False,False,,,,,0,0,4247.0,0.0,0.0,0.0,0.0,-0.0,1913.0,0.0,0.0,0.0,0.0,-0.0,1263.0,0.0,0.0,0.0,0.0,-0.0,-0.0,0.04999999999999716,0.002124496231407799,0.0,0.0,0.0,0.0,0.0,-0.0,0.10000000000000142,0.0019153424740689874,0.0,0.0,0.0,0.0,0.0,-0.0,0.12999999999999545,0.0016429703537816896,0.0,0.0,0.0,0.0,0.0,0.0,0.0,0.0,0.0,0.0,0.0,0.0,125.58080722221551,-44.08160000000318
235,2024-12-06,2024-12-09,3,23.56,23.45,52.26,52.03,79.19,78.83,3.3616204690831557,3.36273923731594,3.3626685054569796,78.85457645296617,1.5150874495483375,1.5150193616984635,1.5150190495458726,78.82644114787175,1.0,1.0,1.0,78.83,0.00031171663986441614,-4.5146929652122344e-05,0.0,IGLB,SPLB,-4.5146929652122344e-05,0.00031171663986441614,0.0003568635695165385,False,False,False,,,,,0,0,4267.0,0.0,0.0,0.0,0.0,-0.0,1923.0,0.0,0.0,0.0,0.0,-0.0,1269.0,0.0,0.0,0.0,0.0,-0.0,-0.0,-0.10999999999999943,-0.004679863891097546,-0.0,0.0,0.0,0.0,0.0,-0.0,-0.22999999999999687,-0.004410784790254218,-0.0,0.0,0.0,0.0,0.0,-0.0,-0.35999999999999943,-0.004556393150504225,-0.0,0.0,0.0,0.0,0.0,0.0,0.0,0.0,0.0,0.0,0.0,0.0,125.58080722221551,-44.08160000000318
236,2024-12-09,2024-12-10,1,23.45,23.38,52.03,51.92,78.83,78.62,3.362703165098375,3.362760944775844,3.36273923731594,78.62084336844667,1.5142526964560863,1.5149474169009656,1.5150193616984635,78.65980525938423,1.0,1.0,1.0,78.62,1.0727091366373149e-05,0.0005061712807750262,0.0,VCLT,IGLB,0.0,0.0005061712807750262,0.0005061712807750262,False,False,False,,,,,0,0,4277.0,0.0,0.0,0.0,0.0,-0.0,1927.0,0.0,0.0,0.0,0.0,-0.0,1272.0,0.0,0.0,0.0,0.0,-0.0,-0.0,-0.07000000000000028,-0.0029895388483660483,-0.0,0.0,0.0,0.0,0.0,-0.0,-0.10999999999999943,-0.0021164029063776126,-0.0,0.0,0.0,0.0,0.0,-0.0,-0.20999999999999375,-0.002667515078102495,-0.0,0.0,0.0,0.0,0.0,0.0,0.0,0.0,0.0,0.0,0.0,0.0,125.58080722221551,-44.08160000000318
237,2024-12-10,2024-12-11,1,23.38,23.27,51.92,51.64,78.62,78.25,3.362698753760206,3.362658535168916,3.362760944775844,78.2514471849339,1.5152982184353214,1.514941056453111,1.5149474169009656,78.23188460876587,1.0,1.0,1.0,78.25,1.8494205133223446e-05,-0.00023153339903025016,0.0,IGLB,SPLB,-0.00023153339903025016,1.8494205133223446e-05,0.0002500276041634736,False,False,False,,,,,0,0,4298.0,0.0,0.0,0.0,0.0,-0.0,1936.0,0.0,0.0,0.0,0.0,-0.0,1278.0,0.0,0.0,0.0,0.0,-0.0,-0.0,-0.10999999999999943,-0.004715978729722019,-0.0,0.0,0.0,0.0,0.0,-0.0,-0.28000000000000114,-0.00540750641739282,-0.0,0.0,0.0,0.0,0.0,-0.0,-0.37000000000000455,-0.004717290573451714,-0.0,0.0,0.0,0.0,0.0,0.0,0.0,0.0,0.0,0.0,0.0,0.0,125.58080722221551,-44.08160000000318
238,2024-12-11,2024-12-12,1,23.27,23.04,51.64,51.16,78.25,77.48,3.3628472222222223,3.3625731038437907,3.362658535168916,77.47565265029182,1.514464425332291,1.51495677722497,1.514941056453111,77.50438444814115,1.0,1.0,1.0,77.48,-5.6110888954002704e-05,0.0003146697446866308,0.0,SPLB,IGLB,-5.6110888954002704e-05,0.0003146697446866308,0.0003707806336406335,False,False,False,,,,,0,0,4341.0,0.0,0.0,0.0,0.0,-0.0,1956.0,0.0,0.0,0.0,0.0,-0.0,1291.0,0.0,0.0,0.0,0.0,-0.0,-0.0,-0.23000000000000043,-0.009933141486509894,-0.0,0.0,0.0,0.0,0.0,-0.0,-0.480000000000004,-0.009338589267799876,-0.0,0.0,0.0,0.0,0.0,-0.0,-0.769999999999996,-0.009888990881467438,-0.0,0.0,0.0,0.0,0.0,0.0,0.0,0.0,0.0,0.0,0.0,0.0,125.58080722221551,-44.08160000000318
239,2024-12-12,2024-12-13,1,23.04,22.85,51.16,50.73,77.48,76.84,3.362800875273523,3.36264297216887,3.3625731038437907,76.83479542283062,1.5146855903804457,1.5149747951356145,1.51495677722497,76.85375730862272,1.0,1.0,1.0,76.84,-6.773494842862478e-05,0.00017902234808187312,0.0,SPLB,IGLB,-6.773494842862478e-05,0.00017902234808187312,0.0002467572965104979,False,False,False,,,,,0,0,4375.0,0.0,0.0,0.0,0.0,-0.0,1971.0,0.0,0.0,0.0,0.0,-0.0,1301.0,0.0,0.0,0.0,0.0,-0.0,-0.0,-0.18999999999999773,-0.008280718487476685,-0.0,0.0,0.0,0.0,0.0,-0.0,-0.4299999999999997,-0.008440525132043273,-0.0,0.0,0.0,0.0,0.0,-0.0,-0.6400000000000006,-0.00829450063843919,-0.0,0.0,0.0,0.0,0.0,0.0,0.0,0.0,0.0,0.0,0.0,0.0,125.58080722221551,-44.08160000000318
