,bop date,eop date,day count,bop SPTL price,eop SPTL price,bop SCHQ price,eop SCHQ price,bop VGLT price,eop VGLT price,eop VGLT / eop SPTL,eop VGLT / SPTL moving avg,bop VGLT / SPTL moving avg,eop SPTL unit price,eop VGLT / eop SCHQ,eop VGLT / SCHQ moving avg,bop VGLT / SCHQ moving avg,eop SCHQ unit price,eop VGLT / eop VGLT,eop VGLT / VGLT moving avg,bop VGLT / VGLT moving avg,eop VGLT unit price,SPTL unit price pct diff,SCHQ unit price pct diff,VGLT unit price pct diff,min symbol,max symbol,min unit price pct diff,max unit price pct diff,unit price pct diff,month end liquidation,go group,exit group,current long symbol,current short symbol,new long symbol,new short symbol,current_position,new_position,SPTL shares per unit,eop SPTL shares,bop SPTL shares,eop SPTL shares traded,eop SPTL shares bought,eop SPTL shares sold,SCHQ shares per unit,eop SCHQ shares,bop SCHQ shares,eop SCHQ shares traded,eop SCHQ shares bought,eop SCHQ shares sold,VGLT shares per unit,eop VGLT shares,bop VGLT shares,eop VGLT shares traded,eop VGLT shares bought,eop VGLT shares sold,SPTL daily commission,SPTL cop,SPTL pct cop,SPTL daily position pnl,SPTL investment amount,short SPTL investment amount,long SPTL investment amount,daily SPTL borrow cost,SCHQ daily commission,SCHQ cop,SCHQ pct cop,SCHQ daily position pnl,SCHQ investment amount,short SCHQ investment amount,long SCHQ investment amount,daily SCHQ borrow cost,VGLT daily commission,VGLT cop,VGLT pct cop,VGLT daily position pnl,VGLT investment amount,short VGLT investment amount,long VGLT investment amount,daily VGLT borrow cost,daily total commissions,daily position pnl,net investment amount,gross investment amount,short investment amount,daily borrow cost,daily net profit,cumulative net profit,drawdown
0,2026-01-02,2026-01-05,3,,26.53,,31.78,,55.93,2.108179419525066,,,,1.7599118942731278,,,,1.0,,,,,,,,,,,,False,False,False,,,,,0,0,,,,,,,,,,,,,,,,,,,,,,,,,,,,,,,,,,,,,,,,,,,0.0,0.0,0.0,0.0,0.0,0.0,0.0,0.0,0.0
1,2026-01-05,2026-01-06,1,26.53,26.5,31.78,31.74,55.93,55.84,2.107169811320755,,,,1.7592942659105233,,,,1.0,,,,,,,,,,,,False,False,False,,,,,0,0,,,,,,,,,,,,,,,,,,,,-0.030000000000001137,-0.0011314351574717603,,,,,,,-0.0400000000000027,-0.0012594460103069487,,,,,,,-0.0899999999999963,-0.0016104503793795371,,,,,,0.0,0.0,0.0,0.0,0.0,0.0,0.0,0.0,0.0
2,2026-01-06,2026-01-07,1,26.5,26.62,31.74,31.9,55.84,56.14,2.1089406461307285,,,,1.7598746081504704,,,,1.0,,,,,,,,,,,,False,False,False,,,,,0,0,,,,,,,,,,,,,,,,,,,,0.120000000000001,0.004518079974789136,,,,,,,0.16000000000000014,0.005028294692535847,,,,,,,0.29999999999999716,0.0053581124796192505,,,,,,0.0,0.0,0.0,0.0,0.0,0.0,0.0,0.0,0.0
3,2026-01-07,2026-01-08,1,26.62,26.51,31.9,31.75,56.14,55.86,2.1071293851376836,,,,1.7593700787401574,,,,1.0,,,,,,,,,,,,False,False,False,,,,,0,0,,,,,,,,,,,,,,,,,,,,-0.10999999999999943,-0.004140792666031388,,,,,,,-0.14999999999999858,-0.004713284452098202,,,,,,,-0.28000000000000114,-0.0050000104167057515,,,,,,0.0,0.0,0.0,0.0,0.0,0.0,0.0,0.0,0.0
4,2026-01-08,2026-01-09,1,26.51,26.64,31.75,31.93,55.86,56.17,2.1084834834834836,,,,1.759160663952396,,,,1.0,,,,,,,,,,,,False,False,False,,,,,0,0,,,,,,,,,,,,,,,,,,,,0.129999999999999,0.004891825371254158,,,,,,,0.17999999999999972,0.0056532813879900555,,,,,,,0.3100000000000023,0.005534246027310684,,,,,,0.0,0.0,0.0,0.0,0.0,0.0,0.0,0.0,0.0
5,2026-01-09,2026-01-12,3,26.64,26.58,31.93,31.84,56.17,56.03,2.1079759217456737,,,,1.7597361809045227,,,,1.0,,,,,,,,,,,,False,False,False,,,,,0,0,,,,,,,,,,,,,,,,,,,,-0.060000000000002274,-0.0022547923870892047,,,,,,,-0.08999999999999986,-0.0028226457505083247,,,,,,,-0.14000000000000057,-0.002495544967148244,,,,,,0.0,0.0,0.0,0.0,0.0,0.0,0.0,0.0,0.0
6,2026-01-12,2026-01-13,1,26.58,26.62,31.84,31.88,56.03,56.11,2.1078136739293765,,,,1.7600376411543288,,,,1.0,,,,,,,,,,,,False,False,False,,,,,0,0,,,,,,,,,,,,,,,,,,,,0.0400000000000027,0.001503759681866502,,,,,,,0.03999999999999915,0.0012554929458320028,,,,,,,0.0799999999999983,0.0014267881856874433,,,,,,0.0,0.0,0.0,0.0,0.0,0.0,0.0,0.0,0.0
7,2026-01-13,2026-01-14,1,26.62,26.77,31.88,32.07,56.11,56.43,2.1079566679118416,,,,1.7595884003741815,,,,1.0,,,,,,,,,,,,False,False,False,,,,,0,0,,,,,,,,,,,,,,,,,,,,0.14999999999999858,0.005619044565295538,,,,,,,0.19000000000000128,0.0059421597830493205,,,,,,,0.3200000000000003,0.005686882218168171,,,,,,0.0,0.0,0.0,0.0,0.0,0.0,0.0,0.0,0.0
8,2026-01-14,2026-01-15,1,26.77,26.77,32.07,32.05,56.43,56.4,2.1068360104594697,,,,1.7597503900156006,,,,1.0,,,,,,,,,,,,False,False,False,,,,,0,0,,,,,,,,,,,,,,,,,,,,0.0,0.0,,,,,,,-0.020000000000003126,-0.0006238303383845491,,,,,,,-0.030000000000001137,-0.0005317734770355123,,,,,,0.0,0.0,0.0,0.0,0.0,0.0,0.0,0.0,0.0
9,2026-01-15,2026-01-16,1,26.77,26.6,32.05,31.86,56.4,56.07,2.107894736842105,,,,1.7598870056497176,,,,1.0,,,,,,,,,,,,False,False,False,,,,,0,0,,,,,,,,,,,,,,,,,,,,-0.16999999999999815,-0.006370641744607667,,,,,,,-0.18999999999999773,-0.0059458788847764924,,,,,,,-0.3299999999999983,-0.005868248368431994,,,,,,0.0,0.0,0.0,0.0,0.0,0.0,0.0,0.0,0.0
10,2026-01-16,2026-01-20,4,26.6,26.3,31.86,31.49,56.07,55.42,2.1072243346007604,,,,1.759923785328676,,,,1.0,,,,,,,,,,,,False,False,False,,,,,0,0,,,,,,,,,,,,,,,,,,,,-0.3000000000000007,-0.011342276603934495,,,,,,,-0.370000000000001,-0.011681269368969198,,,,,,,-0.6499999999999986,-0.011660370700748815,,,,,,0.0,0.0,0.0,0.0,0.0,0.0,0.0,0.0,0.0
11,2026-01-20,2026-01-21,1,26.3,26.48,31.49,31.7,55.42,55.8,2.107250755287009,,,,1.7602523659305993,,,,1.0,,,,,,,,,,,,False,False,False,,,,,0,0,,,,,,,,,,,,,,,,,,,,0.17999999999999972,0.006820791885088498,,,,,,,0.21000000000000085,0.006646645770301633,,,,,,,0.37999999999999545,0.006833329952432885,,,,,,0.0,0.0,0.0,0.0,0.0,0.0,0.0,0.0,0.0
12,2026-01-21,2026-01-22,1,26.48,26.56,31.7,31.82,55.8,56.0,2.108433734939759,,,,1.759899434318039,,,,1.0,,,,,,,,,,,,False,False,False,,,,,0,0,,,,,,,,,,,,,,,,,,,,0.0799999999999983,0.0030165935394255057,,,,,,,0.120000000000001,0.0037783420264058997,,,,,,,0.20000000000000284,0.0035778213478841235,,,,,,0.0,0.0,0.0,0.0,0.0,0.0,0.0,0.0,0.0
13,2026-01-22,2026-01-23,1,26.56,26.62,31.82,31.89,56.0,56.11,2.1078136739293765,,,,1.7594857322044528,,,,1.0,,,,,,,,,,,,False,False,False,,,,,0,0,,,,,,,,,,,,,,,,,,,,0.060000000000002274,0.0022564883587326097,,,,,,,0.07000000000000028,0.0021974581123253684,,,,,,,0.10999999999999943,0.001962359027731318,,,,,,0.0,0.0,0.0,0.0,0.0,0.0,0.0,0.0,0.0
14,2026-01-23,2026-01-26,3,26.62,26.74,31.89,32.02,56.11,56.36,2.1077038145100975,,,,1.760149906308557,,,,1.0,,,,,,,,,,,,False,False,False,,,,,0,0,,,,,,,,,,,,,,,,,,,,0.11999999999999744,0.00449775870683139,,,,,,,0.13000000000000256,0.0040682265466024095,,,,,,,0.25,0.004445637267598786,,,,,,0.0,0.0,0.0,0.0,0.0,0.0,0.0,0.0,0.0
15,2026-01-26,2026-01-27,1,26.74,26.59,32.02,31.85,56.36,56.07,2.108687476494923,,,,1.7604395604395604,,,,1.0,,,,,,,,,,,,False,False,False,,,,,0,0,,,,,,,,,,,,,,,,,,,,-0.14999999999999858,-0.005625366418868669,,,,,,,-0.1700000000000017,-0.005323325550396311,,,,,,,-0.28999999999999915,-0.005158776894898259,,,,,,0.0,0.0,0.0,0.0,0.0,0.0,0.0,0.0,0.0
16,2026-01-27,2026-01-28,1,26.59,26.54,31.85,31.8,56.07,55.95,2.1081386586284854,,,,1.759433962264151,,,,1.0,,,,,,,,,,,,False,False,False,,,,,0,0,,,,,,,,,,,,,,,,,,,,-0.05000000000000071,-0.001882176350866982,,,,,,,-0.05000000000000071,-0.0015710922320412123,,,,,,,-0.11999999999999744,-0.0021424753776468288,,,,,,0.0,0.0,0.0,0.0,0.0,0.0,0.0,0.0,0.0
17,2026-01-28,2026-01-29,1,26.54,26.55,31.8,31.8,55.95,55.97,2.1080979284369112,,,,1.760062893081761,,,,1.0,,,,,,,,,,,,False,False,False,,,,,0,0,,,,,,,,,,,,,,,,,,,,0.010000000000001563,0.00037671878388634305,,,,,,,0.0,0.0,,,,,,,0.01999999999999602,0.00035739814533380915,,,,,,0.0,0.0,0.0,0.0,0.0,0.0,0.0,0.0,0.0
18,2026-01-29,2026-01-30,1,26.55,26.44,31.8,31.67,55.97,55.73,2.1077912254160363,,,,1.759709504262709,,,,1.0,,,,,,,,,,,,True,False,False,,,,,0,0,,,,,,,,,,,,,,,,,,,,-0.10999999999999943,-0.004151732704462324,,,,,,,-0.129999999999999,-0.004096429235582667,,,,,,,-0.240000000000002,-0.004297231321823212,,,,,,0.0,0.0,0.0,0.0,0.0,0.0,0.0,0.0,0.0
19,2026-01-30,2026-02-02,3,26.44,26.27,31.67,31.44,55.73,55.38,2.1081081081081083,2.1078814733418825,,,1.7614503816793894,1.759870932747146,,,1.0,1.0,,,,,,,,,,,False,False,False,,,,,0,0,,,,,,,,,,,,,,,,,,,,-0.1700000000000017,-0.0064504112860371025,,,,,,,-0.23000000000000043,-0.0072888929895426535,,,,,,,-0.3499999999999943,-0.006300083838629137,,,,,,0.0,0.0,0.0,0.0,0.0,0.0,0.0,0.0,0.0
20,2026-02-02,2026-02-03,1,26.27,26.33,31.44,31.5,55.38,55.47,2.1067223699202433,2.107808620861641,2.1078814733418825,55.50051919309176,1.7609523809523808,1.7599229570811086,1.759870932747146,55.4359343815351,1.0,1.0,1.0,55.47,0.0005500414719716311,-0.0006143155409344849,0.0,SCHQ,SPTL,-0.0006143155409344849,0.0005500414719716311,0.0011643570129061158,False,True,False,,,SCHQ,SPTL,0,1,3801.0,-3801.0,0.0,-3801.0,0.0,3801.0,3173.0,3173.0,0.0,3173.0,3173.0,-0.0,1803.0,0.0,0.0,0.0,0.0,-0.0,-19.005,0.05999999999999872,0.002281369810769569,0.0,0.0,0.0,0.0,0.0,-15.865,0.05999999999999872,0.0019065782705814474,0.0,0.0,0.0,0.0,0.0,-0.0,0.0899999999999963,0.0016238163243272245,0.0,0.0,0.0,0.0,0.0,-34.87,0.0,0.0,0.0,0.0,0.0,-34.87,-34.87,-34.87
21,2026-02-03,2026-02-04,1,26.33,26.28,31.5,31.43,55.47,55.35,2.106164383561644,2.1077583494736856,2.107808620861641,55.39321055624393,1.7610563156220171,1.7600110595666834,1.7599229570811086,55.31437854105924,1.0,1.0,1.0,55.35,0.0007803739519519181,-0.0006437746389693846,0.0,SCHQ,SPTL,-0.0006437746389693846,0.0007803739519519181,0.0014241485909213029,False,True,False,SCHQ,SPTL,SCHQ,SPTL,1,1,3809.0,-3809.0,-3801.0,-8.0,0.0,8.0,3180.0,3180.0,3173.0,7.0,7.0,-0.0,1807.0,0.0,0.0,0.0,0.0,-0.0,-0.04,-0.04999999999999716,-0.0019007798918081757,190.0499999999892,-100080.32999999999,-100080.32999999999,0.0,-2.7800091666666664,-0.035,-0.07000000000000028,-0.0022246950221111624,-222.1100000000009,99949.5,0.0,99949.5,0.0,-0.0,-0.11999999999999744,-0.002165674912497261,-0.0,0.0,0.0,0.0,0.0,-0.07500000000000001,-32.060000000011684,-130.8299999999872,200029.83,-100080.32999999999,-2.7800091666666664,-34.91500916667835,-69.78500916667835,-69.78500916667835
22,2026-02-04,2026-02-05,1,26.28,26.53,31.43,31.73,55.35,55.91,2.1074255559743684,2.1076825949658677,2.1077583494736856,55.91882901153688,1.762054837693035,1.7601200710438119,1.7600110595666834,55.84515092005086,1.0,1.0,1.0,55.91,0.00015790224458687248,-0.0011605565684261034,0.0,SCHQ,SPTL,-0.0011605565684261034,0.00015790224458687248,0.0013184588130129757,False,True,False,SCHQ,SPTL,SCHQ,SPTL,1,1,3771.0,-3771.0,-3809.0,38.0,38.0,-0.0,3149.0,3149.0,3180.0,-31.0,0.0,31.0,1789.0,0.0,0.0,0.0,0.0,-0.0,-0.19,0.25,0.009467974533238426,-952.25,-100100.52,-100100.52,0.0,-2.78057,-0.155,0.3000000000000007,0.009499754785628084,954.0000000000023,99947.4,0.0,99947.4,0.0,-0.0,0.5599999999999952,0.010066595883907861,0.0,0.0,0.0,0.0,0.0,-0.345,1.7500000000022737,-153.1200000000099,200047.91999999998,-100100.52,-2.78057,-1.3755699999977262,-71.16057916667607,-71.16057916667607
23,2026-02-05,2026-02-06,1,26.53,26.54,31.73,31.74,55.91,55.92,2.107008289374529,2.1076765401777102,2.1076825949658677,55.937896070394125,1.7618147448015125,1.7602423043468793,1.7601200710438119,55.86621105493059,1.0,1.0,1.0,55.92,0.0003199786725033311,-0.0009623539202747555,0.0,SCHQ,SPTL,-0.0009623539202747555,0.0003199786725033311,0.0012823325927780866,False,True,False,SCHQ,SPTL,SCHQ,SPTL,1,1,3769.0,-3769.0,-3771.0,2.0,2.0,-0.0,3147.0,3147.0,3149.0,-2.0,0.0,2.0,1788.0,0.0,0.0,0.0,0.0,-0.0,-0.01,0.00999999999999801,0.0003768607544130919,-37.7099999999925,-100044.63,-100044.63,0.0,-2.7790175,-0.01,0.00999999999999801,0.0003151095031587417,31.489999999993735,99917.77,0.0,99917.77,0.0,-0.0,0.010000000000005116,0.0001788428870009912,0.0,0.0,0.0,0.0,0.0,-0.02,-6.2199999999987625,-126.86000000000058,199962.40000000002,-100044.63,-2.7790175,-9.019017499998762,-80.17959666667484,-80.17959666667484
24,2026-02-06,2026-02-09,3,26.54,26.54,31.74,31.76,55.92,55.94,2.1077618688771667,2.1076404594473943,2.1076765401777102,55.937735376316425,1.7613350125944582,1.7603510217789826,1.7602423043468793,55.90529558605689,1.0,1.0,1.0,55.94,-4.0483902829595425e-05,-0.0006205788965023553,0.0,SCHQ,VGLT,-0.0006205788965023553,0.0,0.0006205788965023553,False,False,False,SCHQ,SPTL,SCHQ,SPTL,1,1,3769.0,-3769.0,-3769.0,0.0,0.0,-0.0,3147.0,3147.0,3147.0,0.0,0.0,-0.0,1788.0,0.0,0.0,0.0,0.0,-0.0,-0.0,0.0,0.0,-0.0,-100029.26,-100029.26,0.0,-8.335771666666668,-0.0,0.020000000000003126,0.0006299212806720389,62.94000000000984,99885.78,0.0,99885.78,0.0,-0.0,0.01999999999999602,0.0003575898482587281,0.0,0.0,0.0,0.0,0.0,0.0,62.94000000000984,-143.47999999999593,199915.03999999998,-100029.26,-8.335771666666668,54.60422833334317,-25.575368333331667,-25.575368333331667
25,2026-02-09,2026-02-10,1,26.54,26.82,31.76,32.07,55.94,56.5,2.1066368381804623,2.1075735052691336,2.1076404594473943,56.52691712237912,1.761771125662613,1.760452769016887,1.7603510217789826,56.454457268451975,1.0,1.0,1.0,56.5,0.0004762957987935001,-0.0008063910910163952,0.0,SCHQ,SPTL,-0.0008063910910163952,0.0004762957987935001,0.0012826868898098954,False,True,False,SCHQ,SPTL,SCHQ,SPTL,1,1,3731.0,-3731.0,-3769.0,38.0,38.0,-0.0,3116.0,3116.0,3147.0,-31.0,0.0,31.0,1770.0,0.0,0.0,0.0,0.0,-0.0,-0.19,0.28000000000000114,0.010494848949471053,-1055.3200000000043,-100029.26,-100029.26,0.0,-2.7785905555555557,-0.155,0.3099999999999987,0.009713377326128467,975.569999999996,99948.72,0.0,99948.72,0.0,-0.0,0.5600000000000023,0.009960950378581681,0.0,0.0,0.0,0.0,0.0,-0.345,-79.7500000000083,-80.5399999999936,199977.97999999998,-100029.26,-2.7785905555555557,-82.87359055556385,-108.44895888889552,-108.44895888889552
26,2026-02-10,2026-02-11,1,26.82,26.69,32.07,31.93,56.5,56.23,2.1067815661296363,2.1075218998791465,2.1075735052691336,56.25113685563318,1.7610397745067334,1.7605028756845074,1.760452769016887,56.2112569147092,1.0,1.0,1.0,56.23,0.00037582934299656393,-0.00033338448855322776,0.0,SCHQ,SPTL,-0.00033338448855322776,0.00037582934299656393,0.0007092138315497917,False,False,False,SCHQ,SPTL,SCHQ,SPTL,1,1,3747.0,-3747.0,-3731.0,-16.0,0.0,16.0,3130.0,3130.0,3116.0,14.0,14.0,-0.0,1778.0,0.0,0.0,0.0,0.0,-0.0,-0.08,-0.129999999999999,-0.004858914437099695,485.0299999999963,-100065.42,-100065.42,0.0,-2.779595,-0.07,-0.14000000000000057,-0.004375006978372894,-436.24000000000177,99930.12,0.0,99930.12,0.0,-0.0,-0.2700000000000031,-0.004790215848284989,-0.0,0.0,0.0,0.0,0.0,-0.15000000000000002,48.78999999999451,-135.3000000000029,199995.53999999998,-100065.42,-2.779595,45.86040499999451,-62.58855388890101,-62.58855388890101
27,2026-02-11,2026-02-12,1,26.69,27.01,31.93,32.31,56.23,56.9,2.106627175120326,2.107455425239571,2.1075218998791465,56.92416651573575,1.7610646858557721,1.7605766899585866,1.7605028756845074,56.881847913366435,1.0,1.0,1.0,56.9,0.00042462891385252173,-0.0003190682366379394,0.0,SCHQ,SPTL,-0.0003190682366379394,0.00042462891385252173,0.0007436971504904611,False,False,False,SCHQ,SPTL,SCHQ,SPTL,1,1,3703.0,-3703.0,-3747.0,44.0,44.0,-0.0,3093.0,3093.0,3130.0,-37.0,0.0,37.0,1757.0,0.0,0.0,0.0,0.0,-0.0,-0.22,0.3200000000000003,0.01191820438809142,-1199.040000000001,-100007.43000000001,-100007.43000000001,0.0,-2.777984166666667,-0.185,0.38000000000000256,0.011830773109716312,1189.400000000008,99940.9,0.0,99940.9,0.0,-0.0,0.6700000000000017,0.011844918828174986,0.0,0.0,0.0,0.0,0.0,-0.405,-9.639999999993051,-66.53000000001339,199948.33000000002,-100007.43000000001,-2.777984166666667,-12.822984166659719,-75.41153805556073,-75.41153805556073
28,2026-02-12,2026-02-13,1,27.01,27.14,32.31,32.46,56.9,57.18,2.106853352984525,2.1074562923658235,2.107455425239571,57.196340241001955,1.7615526802218113,1.7606668044688973,1.7605766899585866,57.14831935605572,1.0,1.0,1.0,57.18,0.00028572764399860303,-0.0005542046788335007,0.0,SCHQ,SPTL,-0.0005542046788335007,0.00028572764399860303,0.0008399323228321038,False,True,False,SCHQ,SPTL,SCHQ,SPTL,1,1,3686.0,-3686.0,-3703.0,17.0,17.0,-0.0,3079.0,3079.0,3093.0,-14.0,0.0,14.0,1749.0,0.0,0.0,0.0,0.0,-0.0,-0.085,0.129999999999999,0.004801486602198783,-481.3899999999963,-100018.03,-100018.03,0.0,-2.7782786111111113,-0.07,0.14999999999999858,0.0046317822500382706,463.9499999999956,99934.83,0.0,99934.83,0.0,-0.0,0.28000000000000114,0.004908845761880429,0.0,0.0,0.0,0.0,0.0,-0.15500000000000003,-17.44000000000068,-83.19999999999709,199952.86,-100018.03,-2.7782786111111113,-20.373278611111793,-95.78481666667253,-95.78481666667253
29,2026-02-13,2026-02-17,4,27.14,27.2,32.46,32.52,57.18,57.29,2.10625,2.107374055523718,2.1074562923658235,57.3228111523504,1.7616851168511682,1.76075671002897,1.7606668044688973,57.25688448132855,1.0,1.0,1.0,57.29,0.000572556469331051,-0.0005782002669733799,0.0,SCHQ,SPTL,-0.0005782002669733799,0.000572556469331051,0.0011507567363044308,False,True,False,SCHQ,SPTL,SCHQ,SPTL,1,1,3680.0,-3680.0,-3686.0,6.0,6.0,-0.0,3074.0,3074.0,3079.0,-5.0,0.0,5.0,1746.0,0.0,0.0,0.0,0.0,-0.0,-0.03,0.05999999999999872,0.002208318895228497,-221.15999999999528,-100038.04000000001,-100038.04000000001,0.0,-11.115337777777778,-0.025,0.060000000000002274,0.0018467225931647112,184.740000000007,99944.34,0.0,99944.34,0.0,-0.0,0.10999999999999943,0.001921901526320684,0.0,0.0,0.0,0.0,0.0,-0.055,-36.41999999998828,-93.70000000001164,199982.38,-100038.04000000001,-11.115337777777778,-47.59033777776605,-143.37515444443858,-143.37515444443858
30,2026-02-17,2026-02-18,1,27.2,27.1,32.52,32.41,57.29,57.09,2.1066420664206644,2.1073449421147137,2.107374055523718,57.10983690469276,1.7614933662449863,1.760835189074785,1.76075671002897,57.066124972038914,1.0,1.0,1.0,57.09,0.0003474068865583543,-0.00041828729409028185,0.0,SCHQ,SPTL,-0.00041828729409028185,0.0003474068865583543,0.0007656941806486362,False,False,False,SCHQ,SPTL,SCHQ,SPTL,1,1,3692.0,-3692.0,-3680.0,-12.0,0.0,12.0,3085.0,3085.0,3074.0,11.0,11.0,-0.0,1752.0,0.0,0.0,0.0,0.0,-0.0,-0.06,-0.09999999999999787,-0.0036832454162962934,367.99999999999216,-100096.0,-100096.0,0.0,-2.7804444444444445,-0.055,-0.11000000000000654,-0.003388267526154064,-338.1400000000201,99966.48000000001,0.0,99966.48000000001,0.0,-0.0,-0.19999999999999574,-0.0034971184443185403,-0.0,0.0,0.0,0.0,0.0,-0.11499999999999999,29.859999999972047,-129.51999999998952,200062.48,-100096.0,-2.7804444444444445,26.964555555527603,-116.41059888891098,-116.41059888891098
31,2026-02-18,2026-02-19,1,27.1,27.13,32.41,32.44,57.09,57.16,2.1068927386656835,2.1073270412836473,2.1073449421147137,57.17226827957218,1.7620221948212085,1.760923680519316,1.760835189074785,57.121493533586026,1.0,1.0,1.0,57.16,0.00021460747353084703,-0.0006738880754981234,0.0,SCHQ,SPTL,-0.0006738880754981234,0.00021460747353084703,0.0008884955490289704,False,True,False,SCHQ,SPTL,SCHQ,SPTL,1,1,3686.0,-3686.0,-3692.0,6.0,6.0,-0.0,3080.0,3080.0,3085.0,-5.0,0.0,5.0,1749.0,0.0,0.0,0.0,0.0,-0.0,-0.03,0.029999999999997584,0.0011063987851850344,-110.75999999999108,-100053.20000000001,-100053.20000000001,0.0,-2.779255555555556,-0.025,0.030000000000001137,0.0009252120937561188,92.55000000000351,99984.84999999999,0.0,99984.84999999999,0.0,-0.0,0.06999999999999318,0.0012253830854986726,0.0,0.0,0.0,0.0,0.0,-0.055,-18.209999999987573,-68.35000000002037,200038.05,-100053.20000000001,-2.779255555555556,-21.044255555543128,-137.4548544444541,-137.4548544444541
32,2026-02-19,2026-02-20,1,27.13,27.07,32.44,32.39,57.16,57.05,2.107499076468415,2.10728030836008,2.1073270412836473,57.04534300754833,1.7613460944736028,1.7609960135270941,1.760923680519316,57.036318012020644,1.0,1.0,1.0,57.05,-8.163334859240225e-05,-0.00023985326695367,0.0,SCHQ,VGLT,-0.00023985326695367,0.0,0.00023985326695367,False,False,False,SCHQ,SPTL,SCHQ,SPTL,1,1,3694.0,-3694.0,-3686.0,-8.0,0.0,8.0,3087.0,3087.0,3080.0,7.0,7.0,-0.0,1753.0,0.0,0.0,0.0,0.0,-0.0,-0.04,-0.05999999999999872,-0.0022140230446304763,221.15999999999528,-100001.18,-100001.18,0.0,-2.7778105555555554,-0.035,-0.04999999999999716,-0.0015424960639741653,-153.99999999999125,99915.2,0.0,99915.2,0.0,-0.0,-0.10999999999999943,-0.001926276753582005,-0.0,0.0,0.0,0.0,0.0,-0.07500000000000001,67.16000000000403,-85.97999999999593,199916.38,-100001.18,-2.7778105555555554,64.30718944444847,-73.14766500000563,-73.14766500000563
33,2026-02-20,2026-02-23,3,27.07,27.17,32.39,32.5,57.05,57.26,2.1074714758925284,2.107263198458238,2.10728030836008,57.254805978143374,1.7618461538461538,1.7611140346091791,1.7609960135270941,57.23237043963056,1.0,1.0,1.0,57.26,-9.071354251212576e-05,-0.0004826445779696887,0.0,SCHQ,VGLT,-0.0004826445779696887,0.0,0.0004826445779696887,False,False,False,SCHQ,SPTL,SCHQ,SPTL,1,1,3679.0,-3679.0,-3694.0,15.0,15.0,-0.0,3075.0,3075.0,3087.0,-12.0,0.0,12.0,1746.0,0.0,0.0,0.0,0.0,-0.0,-0.075,0.10000000000000142,0.003687319812046566,-369.40000000000526,-99996.58,-99996.58,0.0,-8.333048333333334,-0.06,0.10999999999999943,0.0033903561524539164,339.56999999999823,99987.93000000001,0.0,99987.93000000001,0.0,-0.0,0.21000000000000085,0.0036742233618843254,0.0,0.0,0.0,0.0,0.0,-0.135,-29.830000000007033,-8.64999999999418,199984.51,-99996.58,-8.333048333333334,-38.29804833334037,-111.44571333334599,-111.44571333334599
34,2026-02-23,2026-02-24,1,27.17,27.21,32.5,32.55,57.26,57.32,2.1065784638000733,2.1072069309227364,2.107263198458238,57.33863163004866,1.760983102918587,1.7611556944396802,1.7611140346091791,57.324261826528776,1.0,1.0,1.0,57.32,0.00032499306764391254,7.434871074826213e-05,0.0,VGLT,SPTL,0.0,0.00032499306764391254,0.00032499306764391254,False,False,False,SCHQ,SPTL,SCHQ,SPTL,1,1,3677.0,-3677.0,-3679.0,2.0,2.0,-0.0,3073.0,3073.0,3075.0,-2.0,0.0,2.0,1745.0,0.0,0.0,0.0,0.0,-0.0,-0.01,0.03999999999999915,0.0014711293568985277,-147.15999999999687,-99958.43000000001,-99958.43000000001,0.0,-2.776623055555556,-0.01,0.04999999999999716,0.0015372793188863979,153.74999999999125,99937.5,0.0,99937.5,0.0,-0.0,0.060000000000002274,0.0010473032900021688,0.0,0.0,0.0,0.0,0.0,-0.02,6.589999999994376,-20.930000000007567,199895.93,-99958.43000000001,-2.776623055555556,3.7933769444388203,-107.65233638890717,-107.65233638890717
35,2026-02-24,2026-02-25,1,27.21,27.2,32.55,32.55,57.32,57.32,2.1073529411764707,2.107140204156814,2.1072069309227364,57.316028521098424,1.760983102918587,1.7611828715636317,1.7611556944396802,57.32561785401159,1.0,1.0,1.0,57.32,-6.928849427884647e-05,9.800381595455398e-05,0.0,SPTL,SCHQ,-6.928849427884647e-05,9.800381595455398e-05,0.00016729231023340045,False,False,True,SCHQ,SPTL,,,1,0,3677.0,0.0,-3677.0,3677.0,3677.0,-0.0,3073.0,0.0,3073.0,-3073.0,0.0,3073.0,1745.0,0.0,0.0,0.0,0.0,-0.0,-18.385,-0.010000000000001563,-0.000367579493203307,36.77000000000575,-100051.17,-100051.17,0.0,-2.779199166666667,-15.365,0.0,0.0,0.0,100026.15,0.0,100026.15,0.0,-0.0,0.0,0.0,0.0,0.0,0.0,0.0,0.0,-33.75,36.77000000000575,-25.020000000004075,200077.32,-100051.17,-2.779199166666667,0.24080083333908453,-107.4115355555681,-107.4115355555681
36,2026-02-25,2026-02-26,1,27.2,27.31,32.55,32.68,57.32,57.54,2.1069205419260344,2.107079298321691,2.107140204156814,57.545998975522586,1.7607099143206855,1.7612466691664586,1.7611828715636317,57.555456242699485,1.0,1.0,1.0,57.54,0.00010425204771080188,0.00026858128542971534,0.0,VGLT,SCHQ,0.0,0.00026858128542971534,0.00026858128542971534,False,False,False,,,,,0,0,3662.0,0.0,0.0,0.0,0.0,-0.0,3061.0,0.0,0.0,0.0,0.0,-0.0,1738.0,0.0,0.0,0.0,0.0,-0.0,-0.0,0.10999999999999943,0.004035962183661881,0.0,0.0,0.0,0.0,0.0,-0.0,0.13000000000000256,0.003985901337223964,0.0,0.0,0.0,0.0,0.0,-0.0,0.21999999999999886,0.0038307551634307628,0.0,0.0,0.0,0.0,0.0,0.0,0.0,0.0,0.0,0.0,0.0,0.0,-107.4115355555681,-107.4115355555681
37,2026-02-26,2026-02-27,1,27.31,27.46,32.68,32.84,57.54,57.84,2.1063364894391845,2.1069912263718047,2.107079298321691,57.86039753191364,1.761266747868453,1.761306861905793,1.7612466691664586,57.83934061542651,1.0,1.0,1.0,57.84,0.00035259225655347924,-1.1400213209941824e-05,0.0,SCHQ,SPTL,-1.1400213209941824e-05,0.00035259225655347924,0.0003639924697634211,True,False,False,,,,,0,0,3643.0,0.0,0.0,0.0,0.0,-0.0,3045.0,0.0,0.0,0.0,0.0,-0.0,1729.0,0.0,0.0,0.0,0.0,-0.0,-0.0,0.15000000000000213,0.005477464854211349,0.0,0.0,0.0,0.0,0.0,-0.0,0.1600000000000037,0.004884014592425359,0.0,0.0,0.0,0.0,0.0,-0.0,0.30000000000000426,0.005200219727107498,0.0,0.0,0.0,0.0,0.0,0.0,0.0,0.0,0.0,0.0,0.0,0.0,-107.4115355555681,-107.4115355555681
38,2026-02-27,2026-03-02,3,27.46,27.12,32.84,32.44,57.84,57.14,2.1069321533923304,2.1069482727706195,2.1069912263718047,57.14160205920334,1.7614056720098645,1.761391670293151,1.761306861905793,57.13679460022392,1.0,1.0,1.0,57.14,2.8037044888834155e-05,-5.6098874458900694e-05,0.0,SCHQ,SPTL,-5.6098874458900694e-05,2.8037044888834155e-05,8.413591934773484e-05,False,False,True,,,,,0,0,3687.0,0.0,0.0,0.0,0.0,-0.0,3082.0,0.0,0.0,0.0,0.0,-0.0,1750.0,0.0,0.0,0.0,0.0,-0.0,-0.0,-0.33999999999999986,-0.012458937267630222,-0.0,0.0,0.0,0.0,0.0,-0.0,-0.4000000000000057,-0.012255055337015494,-0.0,0.0,0.0,0.0,0.0,-0.0,-0.7000000000000028,-0.012176181047882302,-0.0,0.0,0.0,0.0,0.0,0.0,0.0,0.0,0.0,0.0,0.0,0.0,-107.4115355555681,-107.4115355555681
39,2026-03-02,2026-03-03,1,27.12,27.08,32.44,32.39,57.14,57.03,2.105982274741507,2.1068419811022894,2.1069482727706195,57.056159226628374,1.7607286199444272,1.7613555822064029,1.761391670293151,57.05147620079516,1.0,1.0,1.0,57.03,0.0004585872162607969,0.00037650636657359464,0.0,VGLT,SPTL,0.0,0.0004585872162607969,0.0004585872162607969,False,False,False,,,,,0,0,3693.0,0.0,0.0,0.0,0.0,-0.0,3088.0,0.0,0.0,0.0,0.0,-0.0,1753.0,0.0,0.0,0.0,0.0,-0.0,-0.0,-0.0400000000000027,-0.0014760150281206525,-0.0,0.0,0.0,0.0,0.0,-0.0,-0.04999999999999716,-0.0015424960639741653,-0.0,0.0,0.0,0.0,0.0,-0.0,-0.10999999999999943,-0.0019269516341795295,-0.0,0.0,0.0,0.0,0.0,0.0,0.0,0.0,0.0,0.0,0.0,0.0,-107.4115355555681,-107.4115355555681
40,2026-03-03,2026-03-04,1,27.08,26.99,32.39,32.28,57.03,56.87,2.107076695072249,2.10685969735989,2.1068419811022894,56.863665069950784,1.7617719950433703,1.7613965629109523,1.7613555822064029,56.85655819362269,1.0,1.0,1.0,56.87,-0.0001113993829684281,-0.00023638816919111392,0.0,SCHQ,VGLT,-0.00023638816919111392,0.0,0.00023638816919111392,False,False,False,,,,,0,0,3704.0,0.0,0.0,0.0,0.0,-0.0,3096.0,0.0,0.0,0.0,0.0,-0.0,1758.0,0.0,0.0,0.0,0.0,-0.0,-0.0,-0.08999999999999986,-0.0033290210141609126,-0.0,0.0,0.0,0.0,0.0,-0.0,-0.10999999999999943,-0.0034018897814898155,-0.0,0.0,0.0,0.0,0.0,-0.0,-0.1600000000000037,-0.0028094838497391963,-0.0,0.0,0.0,0.0,0.0,0.0,0.0,0.0,0.0,0.0,0.0,0.0,-107.4115355555681,-107.4115355555681
41,2026-03-04,2026-03-05,1,26.99,26.87,32.28,32.15,56.87,56.63,2.107554893933755,2.1069292228784953,2.10685969735989,56.611320068060245,1.7614307931570763,1.7614152867877053,1.7613965629109523,56.62889949758711,1.0,1.0,1.0,56.63,-0.0003299137116727641,-1.9433394069737665e-05,0.0,SPTL,VGLT,-0.0003299137116727641,0.0,0.0003299137116727641,False,False,False,,,,,0,0,3721.0,0.0,0.0,0.0,0.0,-0.0,3111.0,0.0,0.0,0.0,0.0,-0.0,1766.0,0.0,0.0,0.0,0.0,-0.0,-0.0,-0.11999999999999744,-0.004456004402513339,-0.0,0.0,0.0,0.0,0.0,-0.0,-0.13000000000000256,-0.004035392718119733,-0.0,0.0,0.0,0.0,0.0,-0.0,-0.23999999999999488,-0.004229081192994633,-0.0,0.0,0.0,0.0,0.0,0.0,0.0,0.0,0.0,0.0,0.0,0.0,-107.4115355555681,-107.4115355555681
42,2026-03-05,2026-03-06,1,26.87,26.79,32.15,32.05,56.63,56.45,2.1071295259425162,2.106914421376903,2.1069292228784953,56.444633880914886,1.761310452418097,1.7613780675239585,1.7614152867877053,56.45335994154595,1.0,1.0,1.0,56.45,-9.506420109954585e-05,5.951889383410335e-05,0.0,SPTL,SCHQ,-9.506420109954585e-05,5.951889383410335e-05,0.0001545830949336492,False,False,True,,,,,0,0,3731.0,0.0,0.0,0.0,0.0,-0.0,3119.0,0.0,0.0,0.0,0.0,-0.0,1771.0,0.0,0.0,0.0,0.0,-0.0,-0.0,-0.08000000000000185,-0.002981739070882586,-0.0,0.0,0.0,0.0,0.0,-0.0,-0.10000000000000142,-0.003115267316949423,-0.0,0.0,0.0,0.0,0.0,-0.0,-0.17999999999999972,-0.0031835895300425516,-0.0,0.0,0.0,0.0,0.0,0.0,0.0,0.0,0.0,0.0,0.0,0.0,-107.4115355555681,-107.4115355555681
43,2026-03-06,2026-03-09,3,26.79,26.99,32.05,32.28,56.45,56.86,2.1067061874768434,2.1068993162820187,2.106914421376903,56.865620232962605,1.761462205700124,1.761360440568889,1.7613780675239585,56.857284019673386,1.0,1.0,1.0,56.86,9.883846675309966e-05,-4.776723873674246e-05,0.0,SCHQ,SPTL,-4.776723873674246e-05,9.883846675309966e-05,0.00014660570548984212,False,False,True,,,,,0,0,3706.0,0.0,0.0,0.0,0.0,-0.0,3098.0,0.0,0.0,0.0,0.0,-0.0,1759.0,0.0,0.0,0.0,0.0,-0.0,-0.0,0.1999999999999993,0.007437743473395869,0.0,0.0,0.0,0.0,0.0,-0.0,0.23000000000000398,0.007150660035069152,0.0,0.0,0.0,0.0,0.0,-0.0,0.4099999999999966,0.007236815627182626,0.0,0.0,0.0,0.0,0.0,0.0,0.0,0.0,0.0,0.0,0.0,0.0,-107.4115355555681,-107.4115355555681
44,2026-03-09,2026-03-10,1,26.99,26.74,32.28,32.0,56.86,56.35,2.107329842931937,2.106877714984757,2.1068993162820187,56.33848771738118,1.7609375,1.7613405649391662,1.761360440568889,56.36353409820445,1.0,1.0,1.0,56.35,-0.0002043204748252023,0.00024015036664015954,0.0,SPTL,SCHQ,-0.0002043204748252023,0.00024015036664015954,0.00044447084146536183,False,False,False,,,,,0,0,3740.0,0.0,0.0,0.0,0.0,-0.0,3126.0,0.0,0.0,0.0,0.0,-0.0,1775.0,0.0,0.0,0.0,0.0,-0.0,-0.0,-0.25,-0.009305855356116194,-0.0,0.0,0.0,0.0,0.0,-0.0,-0.28000000000000114,-0.008711940602021568,-0.0,0.0,0.0,0.0,0.0,-0.0,-0.509999999999998,-0.009009865737068414,-0.0,0.0,0.0,0.0,0.0,0.0,0.0,0.0,0.0,0.0,0.0,0.0,-107.4115355555681,-107.4115355555681
45,2026-03-10,2026-03-11,1,26.74,26.45,32.0,31.62,56.35,55.7,2.10586011342155,2.1068388787468115,2.106877714984757,55.72691556134682,1.7615433270082226,1.7613291750064466,1.7613405649391662,55.69358866337644,1.0,1.0,1.0,55.7,0.0004831070075791362,-0.00011511141184292268,0.0,SCHQ,SPTL,-0.00011511141184292268,0.0004831070075791362,0.0005982184194220589,False,False,False,,,,,0,0,3782.0,0.0,0.0,0.0,0.0,-0.0,3162.0,0.0,0.0,0.0,0.0,-0.0,1795.0,0.0,0.0,0.0,0.0,-0.0,-0.0,-0.28999999999999915,-0.010904413369488674,-0.0,0.0,0.0,0.0,0.0,-0.0,-0.379999999999999,-0.011946071018400556,-0.0,0.0,0.0,0.0,0.0,-0.0,-0.6499999999999986,-0.011602093552546943,-0.0,0.0,0.0,0.0,0.0,0.0,0.0,0.0,0.0,0.0,0.0,0.0,-107.4115355555681,-107.4115355555681
46,2026-03-11,2026-03-12,1,26.45,26.37,31.62,31.55,55.7,55.55,2.1065604854000757,2.106827824710334,2.1068388787468115,55.55734123255342,1.7606973058637083,1.7613120515742953,1.7613291750064466,55.56993547145339,1.0,1.0,1.0,55.55,0.00013214666974590555,0.00035880999359291056,0.0,VGLT,SCHQ,0.0,0.00035880999359291056,0.00035880999359291056,False,False,False,,,,,0,0,3792.0,0.0,0.0,0.0,0.0,-0.0,3170.0,0.0,0.0,0.0,0.0,-0.0,1800.0,0.0,0.0,0.0,0.0,-0.0,-0.0,-0.0799999999999983,-0.003029157939112963,-0.0,0.0,0.0,0.0,0.0,-0.0,-0.07000000000000028,-0.00221624279410378,-0.0,0.0,0.0,0.0,0.0,-0.0,-0.15000000000000568,-0.0026966308475994244,-0.0,0.0,0.0,0.0,0.0,0.0,0.0,0.0,0.0,0.0,0.0,0.0,-107.4115355555681,-107.4115355555681
47,2026-03-12,2026-03-13,1,26.37,26.24,31.55,31.4,55.55,55.29,2.1070884146341466,2.1068508866860247,2.106827824710334,55.283162120399155,1.7608280254777071,1.761300218555392,1.7613120515742953,55.30519841943287,1.0,1.0,1.0,55.29,-0.0001236806378407238,0.000274847728396129,0.0,SPTL,SCHQ,-0.0001236806378407238,0.000274847728396129,0.0003985283662368528,False,False,False,,,,,0,0,3811.0,0.0,0.0,0.0,0.0,-0.0,3186.0,0.0,0.0,0.0,0.0,-0.0,1809.0,0.0,0.0,0.0,0.0,-0.0,-0.0,-0.13000000000000256,-0.0049420362893071515,-0.0,0.0,0.0,0.0,0.0,-0.0,-0.15000000000000213,-0.004765696073014568,-0.0,0.0,0.0,0.0,0.0,-0.0,-0.259999999999998,-0.00469145573579738,-0.0,0.0,0.0,0.0,0.0,0.0,0.0,0.0,0.0,0.0,0.0,0.0,-107.4115355555681,-107.4115355555681
48,2026-03-13,2026-03-16,3,26.24,26.45,31.4,31.63,55.29,55.7,2.10586011342155,2.106801224707876,2.1068508866860247,55.726205952845355,1.7609864053114133,1.7612719048098722,1.761300218555392,55.70992591290705,1.0,1.0,1.0,55.7,0.0004703732502498245,0.00017818722796879413,0.0,VGLT,SPTL,0.0,0.0004703732502498245,0.0004703732502498245,False,False,False,,,,,0,0,3782.0,0.0,0.0,0.0,0.0,-0.0,3162.0,0.0,0.0,0.0,0.0,-0.0,1795.0,0.0,0.0,0.0,0.0,-0.0,-0.0,0.21000000000000085,0.007971194228420145,0.0,0.0,0.0,0.0,0.0,-0.0,0.23000000000000043,0.007298144403349733,0.0,0.0,0.0,0.0,0.0,-0.0,0.4100000000000037,0.007388086583396881,0.0,0.0,0.0,0.0,0.0,0.0,0.0,0.0,0.0,0.0,0.0,0.0,-107.4115355555681,-107.4115355555681
49,2026-03-16,2026-03-17,1,26.45,26.53,31.63,31.73,55.7,55.88,2.1062947606483227,2.1068034627402916,2.106801224707876,55.89343649149995,1.7611093602269146,1.7612431169786595,1.7612719048098722,55.885157539617246,1.0,1.0,1.0,55.88,0.0002404236996988549,9.229244130185888e-05,0.0,VGLT,SPTL,0.0,0.0002404236996988549,0.0002404236996988549,False,False,False,,,,,0,0,3771.0,0.0,0.0,0.0,0.0,-0.0,3153.0,0.0,0.0,0.0,0.0,-0.0,1790.0,0.0,0.0,0.0,0.0,-0.0,-0.0,0.08000000000000185,0.003020009845340014,0.0,0.0,0.0,0.0,0.0,-0.0,0.10000000000000142,0.0031565682775467987,0.0,0.0,0.0,0.0,0.0,-0.0,0.17999999999999972,0.0032263874555227465,0.0,0.0,0.0,0.0,0.0,0.0,0.0,0.0,0.0,0.0,0.0,0.0,-107.4115355555681,-107.4115355555681
50,2026-03-17,2026-03-18,1,26.53,26.36,31.73,31.54,55.88,55.55,2.1073596358118363,2.1068393412098505,2.1068034627402916,55.53533927783408,1.7612555485098287,1.7612312260919016,1.7612431169786595,55.54960790950692,1.0,1.0,1.0,55.55,-0.00026395422377681354,-7.058359619093116e-06,0.0,SPTL,VGLT,-0.00026395422377681354,0.0,0.00026395422377681354,False,False,False,,,,,0,0,3792.0,0.0,0.0,0.0,0.0,-0.0,3170.0,0.0,0.0,0.0,0.0,-0.0,1800.0,0.0,0.0,0.0,0.0,-0.0,-0.0,-0.1700000000000017,-0.0064284585153418896,-0.0,0.0,0.0,0.0,0.0,-0.0,-0.19000000000000128,-0.006006024060211922,-0.0,0.0,0.0,0.0,0.0,-0.0,-0.3300000000000054,-0.0059230183031221675,-0.0,0.0,0.0,0.0,0.0,0.0,0.0,0.0,0.0,0.0,0.0,0.0,-107.4115355555681,-107.4115355555681
51,2026-03-18,2026-03-19,1,26.36,26.5,31.54,31.7,55.55,55.82,2.1064150943396225,2.1068154589935473,2.1068393412098505,55.83124254206104,1.7608832807570978,1.7611742803886958,1.7612312260919016,55.83102986711328,1.0,1.0,1.0,55.82,0.00020138677981668924,0.00019757752637467743,0.0,VGLT,SPTL,0.0,0.00020138677981668924,0.00020138677981668924,False,False,False,,,,,0,0,3773.0,0.0,0.0,0.0,0.0,-0.0,3154.0,0.0,0.0,0.0,0.0,-0.0,1791.0,0.0,0.0,0.0,0.0,-0.0,-0.0,0.14000000000000057,0.005297023357870159,0.0,0.0,0.0,0.0,0.0,-0.0,0.16000000000000014,0.005060099348342552,0.0,0.0,0.0,0.0,0.0,-0.0,0.2700000000000031,0.004848712022537255,0.0,0.0,0.0,0.0,0.0,0.0,0.0,0.0,0.0,0.0,0.0,0.0,-107.4115355555681,-107.4115355555681
52,2026-03-19,2026-03-20,1,26.5,26.0,31.7,31.11,55.82,54.78,2.106923076923077,2.1067866590162803,2.1068154589935473,54.77720193383223,1.7608486017357763,1.7611494057518047,1.7611742803886958,54.79013186289232,1.0,1.0,1.0,54.78,-5.107954783420137e-05,0.0001849384088336024,0.0,SPTL,SCHQ,-5.107954783420137e-05,0.0001849384088336024,0.00023601795666780377,False,False,False,,,,,0,0,3845.0,0.0,0.0,0.0,0.0,-0.0,3214.0,0.0,0.0,0.0,0.0,-0.0,1825.0,0.0,0.0,0.0,0.0,-0.0,-0.0,-0.5,-0.019048194970694474,-0.0,0.0,0.0,0.0,0.0,-0.0,-0.5899999999999999,-0.01878736997368925,-0.0,0.0,0.0,0.0,0.0,-0.0,-1.0399999999999991,-0.018807064273244047,-0.0,0.0,0.0,0.0,0.0,0.0,0.0,0.0,0.0,0.0,0.0,0.0,-107.4115355555681,-107.4115355555681
53,2026-03-20,2026-03-23,3,26.0,26.17,31.11,31.29,54.78,55.12,2.1062285059228123,2.1067245105177945,2.1067866590162803,55.13460686645606,1.761585170981144,1.7611363566085543,1.7611494057518047,55.10636490597397,1.0,1.0,1.0,55.12,0.0002649660990440896,-0.00024740168302216374,0.0,SCHQ,SPTL,-0.00024740168302216374,0.0002649660990440896,0.0005123677820662533,False,False,False,,,,,0,0,3822.0,0.0,0.0,0.0,0.0,-0.0,3195.0,0.0,0.0,0.0,0.0,-0.0,1814.0,0.0,0.0,0.0,0.0,-0.0,-0.0,0.1700000000000017,0.006517178520572509,0.0,0.0,0.0,0.0,0.0,-0.0,0.17999999999999972,0.005769246771245137,0.0,0.0,0.0,0.0,0.0,-0.0,0.3399999999999963,0.006187462870470927,0.0,0.0,0.0,0.0,0.0,0.0,0.0,0.0,0.0,0.0,0.0,0.0,-107.4115355555681,-107.4115355555681
54,2026-03-23,2026-03-24,1,26.17,26.06,31.29,31.18,55.12,54.9,2.1066768994627783,2.10672943230093,2.1067245105177945,54.90124074409372,1.7607440667094292,1.7611244047980965,1.7611363566085543,54.91223159905472,1.0,1.0,1.0,54.9,2.2599819189054432e-05,0.00022277298124621524,0.0,VGLT,SCHQ,0.0,0.00022277298124621524,0.00022277298124621524,False,False,False,,,,,0,0,3836.0,0.0,0.0,0.0,0.0,-0.0,3207.0,0.0,0.0,0.0,0.0,-0.0,1821.0,0.0,0.0,0.0,0.0,-0.0,-0.0,-0.11000000000000298,-0.004212144845355494,-0.0,0.0,0.0,0.0,0.0,-0.0,-0.10999999999999943,-0.0035216940511602506,-0.0,0.0,0.0,0.0,0.0,-0.0,-0.21999999999999886,-0.003999278189918143,-0.0,0.0,0.0,0.0,0.0,0.0,0.0,0.0,0.0,0.0,0.0,0.0,-107.4115355555681,-107.4115355555681
55,2026-03-24,2026-03-25,1,26.06,26.3,31.18,31.45,54.9,55.39,2.106083650190114,2.106665967751612,2.10672943230093,55.40698406951446,1.7612082670906202,1.7611356630066983,1.7611244047980965,55.387362530900134,1.0,1.0,1.0,55.39,0.00030657999926840914,-4.7617474186147394e-05,0.0,SCHQ,SPTL,-4.7617474186147394e-05,0.00030657999926840914,0.00035419747345455654,False,False,False,,,,,0,0,3803.0,0.0,0.0,0.0,0.0,-0.0,3179.0,0.0,0.0,0.0,0.0,-0.0,1805.0,0.0,0.0,0.0,0.0,-0.0,-0.0,0.240000000000002,0.009167367487019896,0.0,0.0,0.0,0.0,0.0,-0.0,0.2699999999999996,0.008622119516819106,0.0,0.0,0.0,0.0,0.0,-0.0,0.490000000000002,0.008885723529527718,0.0,0.0,0.0,0.0,0.0,0.0,0.0,0.0,0.0,0.0,0.0,0.0,-107.4115355555681,-107.4115355555681
56,2026-03-25,2026-03-26,1,26.3,26.09,31.45,31.2,55.39,54.94,2.105787658106554,2.106609323560638,2.106665967751612,54.96291509863956,1.7608974358974359,1.7611450390855357,1.7611356630066983,54.947432685808984,1.0,1.0,1.0,54.94,0.0004170062086354718,0.00013527817765241612,0.0,VGLT,SPTL,0.0,0.0004170062086354718,0.0004170062086354718,False,False,False,,,,,0,0,3834.0,0.0,0.0,0.0,0.0,-0.0,3205.0,0.0,0.0,0.0,0.0,-0.0,1820.0,0.0,0.0,0.0,0.0,-0.0,-0.0,-0.21000000000000085,-0.00801684003508184,-0.0,0.0,0.0,0.0,0.0,-0.0,-0.25,-0.007980888331012877,-0.0,0.0,0.0,0.0,0.0,-0.0,-0.45000000000000284,-0.008157391377884822,-0.0,0.0,0.0,0.0,0.0,0.0,0.0,0.0,0.0,0.0,0.0,0.0,-107.4115355555681,-107.4115355555681
57,2026-03-26,2026-03-27,1,26.09,25.98,31.2,31.04,54.94,54.7,2.105465742879138,2.1065657862326357,2.106609323560638,54.729710226105375,1.7622422680412373,1.7611938150941746,1.7611450390855357,54.66594201321502,1.0,1.0,1.0,54.7,0.0005430011058968797,-0.0006228262155292572,0.0,SCHQ,SPTL,-0.0006228262155292572,0.0005430011058968797,0.001165827321426137,False,True,False,,,SCHQ,SPTL,0,1,3851.0,-3851.0,0.0,-3851.0,0.0,3851.0,3219.0,3219.0,0.0,3219.0,3219.0,-0.0,1828.0,0.0,0.0,0.0,0.0,-0.0,-19.255,-0.10999999999999943,-0.004225087906183544,-0.0,0.0,0.0,0.0,0.0,-16.095,-0.16000000000000014,-0.005141399500418652,-0.0,0.0,0.0,0.0,0.0,-0.0,-0.23999999999999488,-0.004377971239192179,-0.0,0.0,0.0,0.0,0.0,-35.349999999999994,0.0,0.0,0.0,0.0,0.0,-35.349999999999994,-142.7615355555681,-142.7615355555681
58,2026-03-27,2026-03-30,3,25.98,26.29,31.04,31.44,54.7,55.37,2.106124001521491,2.106525378639094,2.1065657862326357,55.38161452005599,1.7611323155216283,1.7611801472697628,1.7611938150941746,55.371933546560854,1.0,1.0,1.0,55.37,0.000209739969009066,3.491986276793831e-05,0.0,VGLT,SPTL,0.0,0.000209739969009066,0.000209739969009066,False,False,False,SCHQ,SPTL,SCHQ,SPTL,1,1,3804.0,-3804.0,-3851.0,47.0,47.0,-0.0,3181.0,3181.0,3219.0,-38.0,0.0,38.0,1806.0,0.0,0.0,0.0,0.0,-0.0,-0.23500000000000001,0.3099999999999987,0.011861627499336289,-1193.8099999999952,-100048.98,-100048.98,0.0,-8.337415,-0.19,0.40000000000000213,0.012804272245987968,1287.600000000007,99917.76,0.0,99917.76,0.0,-0.0,0.6699999999999946,0.012174221406940217,0.0,0.0,0.0,0.0,0.0,-0.42500000000000004,93.79000000001179,-131.22000000000116,199966.74,-100048.98,-8.337415,85.02758500001178,-57.733950555556305,-57.733950555556305
59,2026-03-30,2026-03-31,1,26.29,26.3,31.44,31.43,55.37,55.36,2.104942965779468,2.106473413190992,2.106525378639094,55.40161745820817,1.7613744829780464,1.7612124404214438,1.7611801472697628,55.35389202868864,1.0,1.0,1.0,55.36,0.000751478014166562,-0.00011033793872897289,0.0,SCHQ,SPTL,-0.00011033793872897289,0.000751478014166562,0.0008618159528955349,True,True,False,SCHQ,SPTL,,,1,0,3804.0,0.0,-3804.0,3804.0,3804.0,-0.0,3181.0,0.0,3181.0,-3181.0,0.0,3181.0,1806.0,0.0,0.0,0.0,0.0,-0.0,-19.02,0.010000000000001563,0.00038030044192902005,-38.040000000005946,-100007.16,-100007.16,0.0,-2.777976666666667,-15.905000000000001,-0.010000000000001563,-0.0003181167515296169,-31.810000000004973,100010.64,0.0,100010.64,0.0,-0.0,-0.00999999999999801,-0.00018061952546169184,-0.0,0.0,0.0,0.0,0.0,-34.925,-69.85000000001092,3.4799999999959255,200017.8,-100007.16,-2.777976666666667,-107.55297666667758,-165.28692722223389,-165.28692722223389
60,2026-03-31,2026-04-01,1,26.3,26.17,31.43,31.29,55.36,55.1,2.1054642720672523,2.106392792040742,2.106473413190992,55.12640922320826,1.7609459891339088,1.7611711401259709,1.7612124404214438,55.108337260786975,1.0,1.0,1.0,55.1,0.00047918142121668216,0.0001513000016168521,0.0,VGLT,SPTL,0.0,0.00047918142121668216,0.00047918142121668216,False,False,False,,,,,0,0,3823.0,0.0,0.0,0.0,0.0,-0.0,3197.0,0.0,0.0,0.0,0.0,-0.0,1815.0,0.0,0.0,0.0,0.0,-0.0,-0.0,-0.129999999999999,-0.004955222641664319,-0.0,0.0,0.0,0.0,0.0,-0.0,-0.14000000000000057,-0.004464293128685493,-0.0,0.0,0.0,0.0,0.0,-0.0,-0.259999999999998,-0.0047075951505452405,-0.0,0.0,0.0,0.0,0.0,0.0,0.0,0.0,0.0,0.0,0.0,0.0,-165.28692722223389,-165.28692722223389
61,2026-04-01,2026-04-02,1,26.17,26.29,31.29,31.45,55.1,55.37,2.106124001521491,2.106321247420129,2.106392792040742,55.377066502751106,1.7605723370429252,1.7611282173202631,1.7611711401259709,55.388832356961785,1.0,1.0,1.0,55.37,0.00012761516821808104,0.0003400605936793958,0.0,VGLT,SCHQ,0.0,0.0003400605936793958,0.0003400605936793958,False,False,False,,,,,0,0,3804.0,0.0,0.0,0.0,0.0,-0.0,3181.0,0.0,0.0,0.0,0.0,-0.0,1806.0,0.0,0.0,0.0,0.0,-0.0,-0.0,0.11999999999999744,0.0045749221997353024,0.0,0.0,0.0,0.0,0.0,-0.0,0.16000000000000014,0.005100425465658838,0.0,0.0,0.0,0.0,0.0,-0.0,0.269999999999996,0.004888214676007,0.0,0.0,0.0,0.0,0.0,0.0,0.0,0.0,0.0,0.0,0.0,0.0,-165.28692722223389,-165.28692722223389
62,2026-04-02,2026-04-06,4,26.29,26.27,31.45,31.41,55.37,55.3,2.105062809288161,2.1062179115874113,2.106321247420129,55.333059169726795,1.7605858007004138,1.7610919847343791,1.7611282173202631,55.31703730602946,1.0,1.0,1.0,55.3,0.0005976363838960593,0.0003080412670437895,0.0,VGLT,SPTL,0.0,0.0005976363838960593,0.0005976363838960593,False,False,False,,,,,0,0,3808.0,0.0,0.0,0.0,0.0,-0.0,3184.0,0.0,0.0,0.0,0.0,-0.0,1808.0,0.0,0.0,0.0,0.0,-0.0,-0.0,-0.019999999999999574,-0.0007610350443413372,-0.0,0.0,0.0,0.0,0.0,-0.0,-0.03999999999999915,-0.0012726695958943336,-0.0,0.0,0.0,0.0,0.0,-0.0,-0.07000000000000028,-0.0012650223065867451,-0.0,0.0,0.0,0.0,0.0,0.0,0.0,0.0,0.0,0.0,0.0,0.0,-165.28692722223389,-165.28692722223389
63,2026-04-06,2026-04-07,1,26.27,26.26,31.41,31.39,55.3,55.3,2.1058644325971057,2.106175823843424,2.1062179115874113,55.30928235828542,1.7617075501752149,1.7611042519581335,1.7610919847343791,55.28067740081216,1.0,1.0,1.0,55.3,0.0001678404942028244,-0.00034947514952290824,0.0,SCHQ,SPTL,-0.00034947514952290824,0.0001678404942028244,0.0005173156437257326,False,False,False,,,,,0,0,3808.0,0.0,0.0,0.0,0.0,-0.0,3184.0,0.0,0.0,0.0,0.0,-0.0,1808.0,0.0,0.0,0.0,0.0,-0.0,-0.0,-0.00999999999999801,-0.0003807348227982638,-0.0,0.0,0.0,0.0,0.0,-0.0,-0.019999999999999574,-0.0006369426966929427,-0.0,0.0,0.0,0.0,0.0,-0.0,0.0,0.0,0.0,0.0,0.0,0.0,0.0,0.0,0.0,0.0,0.0,0.0,0.0,0.0,-165.28692722223389,-165.28692722223389
64,2026-04-07,2026-04-08,1,26.26,26.35,31.39,31.51,55.3,55.5,2.1062618595825424,2.1061224246759545,2.106175823843424,55.49773295827423,1.7613456045699778,1.7611246571866324,1.7611042519581335,55.49239497920079,1.0,1.0,1.0,55.5,-4.0848432948396344e-05,-0.0001370367908997,0.0,SCHQ,VGLT,-0.0001370367908997,0.0,0.0001370367908997,False,False,True,,,,,0,0,3795.0,0.0,0.0,0.0,0.0,-0.0,3174.0,0.0,0.0,0.0,0.0,-0.0,1802.0,0.0,0.0,0.0,0.0,-0.0,-0.0,0.08999999999999986,0.0034214061127212756,0.0,0.0,0.0,0.0,0.0,-0.0,0.120000000000001,0.003815584915321048,0.0,0.0,0.0,0.0,0.0,-0.0,0.20000000000000284,0.0036101122240997934,0.0,0.0,0.0,0.0,0.0,0.0,0.0,0.0,0.0,0.0,0.0,0.0,-165.28692722223389,-165.28692722223389
65,2026-04-08,2026-04-09,1,26.35,26.31,31.51,31.46,55.5,55.4,2.1056632459141014,2.106112581300582,2.1061224246759545,55.41208099322436,1.7609663064208518,1.761095806157264,1.7611246571866324,55.40498171509145,1.0,1.0,1.0,55.4,0.00021804469628104614,8.991861228075271e-05,0.0,VGLT,SPTL,0.0,0.00021804469628104614,0.00021804469628104614,False,False,False,,,,,0,0,3802.0,0.0,0.0,0.0,0.0,-0.0,3179.0,0.0,0.0,0.0,0.0,-0.0,1805.0,0.0,0.0,0.0,0.0,-0.0,-0.0,-0.0400000000000027,-0.001519179935170032,-0.0,0.0,0.0,0.0,0.0,-0.0,-0.05000000000000071,-0.001588058139051461,-0.0,0.0,0.0,0.0,0.0,-0.0,-0.10000000000000142,-0.0018034269991506827,-0.0,0.0,0.0,0.0,0.0,0.0,0.0,0.0,0.0,0.0,0.0,0.0,-165.28692722223389,-165.28692722223389
66,2026-04-09,2026-04-10,1,26.31,26.24,31.46,31.37,55.4,55.26,2.1059451219512195,2.106081813128139,2.106112581300582,55.264394133327265,1.7615556263946444,1.7611387221838108,1.761095806157264,55.24557543915337,1.0,1.0,1.0,55.26,7.951427128899941e-05,-0.000261064853447113,0.0,SCHQ,SPTL,-0.000261064853447113,7.951427128899941e-05,0.0003405791247361124,False,False,False,,,,,0,0,3812.0,0.0,0.0,0.0,0.0,-0.0,3188.0,0.0,0.0,0.0,0.0,-0.0,1810.0,0.0,0.0,0.0,0.0,-0.0,-0.0,-0.07000000000000028,-0.002664130976313077,-0.0,0.0,0.0,0.0,0.0,-0.0,-0.08999999999999986,-0.0028648754275449836,-0.0,0.0,0.0,0.0,0.0,-0.0,-0.14000000000000057,-0.0025302742579676836,-0.0,0.0,0.0,0.0,0.0,0.0,0.0,0.0,0.0,0.0,0.0,0.0,-165.28692722223389,-165.28692722223389
67,2026-04-10,2026-04-13,3,26.24,26.33,31.37,31.47,55.26,55.43,2.1052031902772503,2.105987551910294,2.106081813128139,55.4531341396639,1.761360025421036,1.761165322180977,1.7611387221838108,55.423035587124524,1.0,1.0,1.0,55.43,0.00041727067293087944,-0.00012565127960185543,0.0,SCHQ,SPTL,-0.00012565127960185543,0.00041727067293087944,0.0005429219525327349,False,False,False,,,,,0,0,3799.0,0.0,0.0,0.0,0.0,-0.0,3177.0,0.0,0.0,0.0,0.0,-0.0,1804.0,0.0,0.0,0.0,0.0,-0.0,-0.0,0.08999999999999986,0.003424009432329731,0.0,0.0,0.0,0.0,0.0,-0.0,0.09999999999999787,0.00318268887372876,0.0,0.0,0.0,0.0,0.0,-0.0,0.1700000000000017,0.003071643936442842,0.0,0.0,0.0,0.0,0.0,0.0,0.0,0.0,0.0,0.0,0.0,0.0,-165.28692722223389,-165.28692722223389
68,2026-04-13,2026-04-14,1,26.33,26.46,31.47,31.64,55.43,55.71,2.1054421768707483,2.1059666550827543,2.105987551910294,55.72443062354638,1.7607458912768648,1.7611532964792498,1.761165322180977,55.723270793806115,1.0,1.0,1.0,55.71,0.0002589975745611394,0.00023818369099856107,0.0,VGLT,SPTL,0.0,0.0002589975745611394,0.0002589975745611394,False,False,False,,,,,0,0,3780.0,0.0,0.0,0.0,0.0,-0.0,3161.0,0.0,0.0,0.0,0.0,-0.0,1795.0,0.0,0.0,0.0,0.0,-0.0,-0.0,0.13000000000000256,0.004925185178591764,0.0,0.0,0.0,0.0,0.0,-0.0,0.1700000000000017,0.00538743182313758,0.0,0.0,0.0,0.0,0.0,-0.0,0.28000000000000114,0.0050387006010108575,0.0,0.0,0.0,0.0,0.0,0.0,0.0,0.0,0.0,0.0,0.0,0.0,-165.28692722223389,-165.28692722223389
69,2026-04-14,2026-04-15,1,26.46,26.35,31.64,31.51,55.71,55.49,2.1058823529411765,2.1059460346973973,2.1059666550827543,55.49222136143058,1.7610282450015868,1.7611492407179832,1.7611532964792498,55.49394037206116,1.0,1.0,1.0,55.49,4.003094195858737e-05,7.100796835309346e-05,0.0,VGLT,SCHQ,0.0,7.100796835309346e-05,7.100796835309346e-05,False,False,True,,,,,0,0,3795.0,0.0,0.0,0.0,0.0,-0.0,3174.0,0.0,0.0,0.0,0.0,-0.0,1802.0,0.0,0.0,0.0,0.0,-0.0,-0.0,-0.10999999999999943,-0.0041658836994382725,-0.0,0.0,0.0,0.0,0.0,-0.0,-0.129999999999999,-0.004117187130269853,-0.0,0.0,0.0,0.0,0.0,-0.0,-0.21999999999999886,-0.003956839694914201,-0.0,0.0,0.0,0.0,0.0,0.0,0.0,0.0,0.0,0.0,0.0,0.0,-165.28692722223389,-165.28692722223389
70,2026-04-15,2026-04-16,1,26.35,26.2,31.51,31.34,55.49,55.19,2.1064885496183208,2.105902480387721,2.1059460346973973,55.17578610907181,1.761008296107211,1.7611368780978527,1.7611492407179832,55.19441720410159,1.0,1.0,1.0,55.19,-0.0002575778510331194,8.003311003185973e-05,0.0,SPTL,SCHQ,-0.0002575778510331194,8.003311003185973e-05,0.00033761096106497913,False,False,False,,,,,0,0,3816.0,0.0,0.0,0.0,0.0,-0.0,3191.0,0.0,0.0,0.0,0.0,-0.0,1812.0,0.0,0.0,0.0,0.0,-0.0,-0.0,-0.15000000000000213,-0.005708864220320204,-0.0,0.0,0.0,0.0,0.0,-0.0,-0.1700000000000017,-0.005409718841308496,-0.0,0.0,0.0,0.0,0.0,-0.0,-0.30000000000000426,-0.005421046886400058,-0.0,0.0,0.0,0.0,0.0,0.0,0.0,0.0,0.0,0.0,0.0,0.0,-165.28692722223389,-165.28692722223389
71,2026-04-16,2026-04-17,1,26.2,26.44,31.34,31.6,55.19,55.65,2.104765506807867,2.105820001011133,2.105902480387721,55.68006158145135,1.7610759493670884,1.7611465115283522,1.7611368780978527,55.651925347892146,1.0,1.0,1.0,55.65,0.0005400442927083785,3.459684792193071e-05,0.0,VGLT,SPTL,0.0,0.0005400442927083785,0.0005400442927083785,False,False,False,,,,,0,0,3784.0,0.0,0.0,0.0,0.0,-0.0,3165.0,0.0,0.0,0.0,0.0,-0.0,1797.0,0.0,0.0,0.0,0.0,-0.0,-0.0,0.240000000000002,0.009118604216434338,0.0,0.0,0.0,0.0,0.0,-0.0,0.26000000000000156,0.008261883664991757,0.0,0.0,0.0,0.0,0.0,-0.0,0.46000000000000085,0.00830030027014386,0.0,0.0,0.0,0.0,0.0,0.0,0.0,0.0,0.0,0.0,0.0,0.0,-165.28692722223389,-165.28692722223389
72,2026-04-17,2026-04-20,3,26.44,26.42,31.6,31.58,55.65,55.64,2.1059803179409537,2.105772863062027,2.105820001011133,55.63576442671414,1.7618746041798607,1.7611978116505562,1.7611465115283522,55.61700683406536,1.0,1.0,1.0,55.64,-7.61275073638733e-05,-0.00041333425941059826,0.0,SCHQ,VGLT,-0.00041333425941059826,0.0,0.00041333425941059826,False,False,False,,,,,0,0,3784.0,0.0,0.0,0.0,0.0,-0.0,3165.0,0.0,0.0,0.0,0.0,-0.0,1797.0,0.0,0.0,0.0,0.0,-0.0,-0.0,-0.019999999999999574,-0.0007567158893062838,-0.0,0.0,0.0,0.0,0.0,-0.0,-0.020000000000003126,-0.0006331117653705114,-0.0,0.0,0.0,0.0,0.0,-0.0,-0.00999999999999801,-0.00017971066631161355,-0.0,0.0,0.0,0.0,0.0,0.0,0.0,0.0,0.0,0.0,0.0,0.0,-165.28692722223389,-165.28692722223389
73,2026-04-20,2026-04-21,1,26.42,26.28,31.58,31.4,55.64,55.32,2.105022831050228,2.1057125793183977,2.105772863062027,55.339710841270076,1.761783439490446,1.7612077250760212,1.7611978116505562,55.30161128582746,1.0,1.0,1.0,55.32,0.0003562424179258634,-0.0003324615168441532,0.0,SCHQ,SPTL,-0.0003324615168441532,0.0003562424179258634,0.0006887039347700165,False,False,False,,,,,0,0,3807.0,0.0,0.0,0.0,0.0,-0.0,3184.0,0.0,0.0,0.0,0.0,-0.0,1808.0,0.0,0.0,0.0,0.0,-0.0,-0.0,-0.14000000000000057,-0.005313105477769539,-0.0,0.0,0.0,0.0,0.0,-0.0,-0.17999999999999972,-0.0057161159132883554,-0.0,0.0,0.0,0.0,0.0,-0.0,-0.3200000000000003,-0.005767860258684726,-0.0,0.0,0.0,0.0,0.0,0.0,0.0,0.0,0.0,0.0,0.0,0.0,-165.28692722223389,-165.28692722223389
74,2026-04-21,2026-04-22,1,26.28,26.33,31.4,31.47,55.32,55.44,2.1055829851879984,2.105657883604659,2.1057125793183977,55.443412213453406,1.761677788369876,1.7612544111590438,1.7612077250760212,55.42520710814239,1.0,1.0,1.0,55.44,6.154596772171297e-05,-0.00026686265838069196,0.0,SCHQ,SPTL,-0.00026686265838069196,6.154596772171297e-05,0.0003284086261024049,False,False,False,,,,,0,0,3799.0,0.0,0.0,0.0,0.0,-0.0,3177.0,0.0,0.0,0.0,0.0,-0.0,1804.0,0.0,0.0,0.0,0.0,-0.0,-0.0,0.04999999999999716,0.0019007798918081191,0.0,0.0,0.0,0.0,0.0,-0.0,0.07000000000000028,0.0022268181621077597,0.0,0.0,0.0,0.0,0.0,-0.0,0.11999999999999744,0.002166848085090293,0.0,0.0,0.0,0.0,0.0,0.0,0.0,0.0,0.0,0.0,0.0,0.0,-165.28692722223389,-165.28692722223389
75,2026-04-22,2026-04-23,1,26.33,26.27,31.47,31.42,55.44,55.32,2.1058241339931483,2.1056449077948107,2.105657883604659,55.31563260229439,1.7606619987269254,1.7612270977408588,1.7612544111590438,55.33861359861716,1.0,1.0,1.0,55.32,-7.89510143368205e-05,0.0003364148200920618,0.0,SPTL,SCHQ,-7.89510143368205e-05,0.0003364148200920618,0.00041536583442888233,False,False,False,,,,,0,0,3807.0,0.0,0.0,0.0,0.0,-0.0,3184.0,0.0,0.0,0.0,0.0,-0.0,1808.0,0.0,0.0,0.0,0.0,-0.0,-0.0,-0.05999999999999872,-0.002281369810769488,-0.0,0.0,0.0,0.0,0.0,-0.0,-0.04999999999999716,-0.0015900782488402687,-0.0,0.0,0.0,0.0,0.0,-0.0,-0.11999999999999744,-0.002166848085090314,-0.0,0.0,0.0,0.0,0.0,0.0,0.0,0.0,0.0,0.0,0.0,0.0,-165.28692722223389,-165.28692722223389
76,2026-04-23,2026-04-24,1,26.27,26.32,31.42,31.49,55.32,55.43,2.106003039513678,2.105655676865167,2.1056449077948107,55.42057397315942,1.7602413464591935,1.761194293268947,1.7612270977408588,55.461041307859645,1.0,1.0,1.0,55.43,-0.0001700672630811754,0.0005598524155663419,0.0,SPTL,SCHQ,-0.0001700672630811754,0.0005598524155663419,0.0007299196786475173,False,False,False,,,,,0,0,3799.0,0.0,0.0,0.0,0.0,-0.0,3177.0,0.0,0.0,0.0,0.0,-0.0,1804.0,0.0,0.0,0.0,0.0,-0.0,-0.0,0.05000000000000071,0.001901502759667982,0.0,0.0,0.0,0.0,0.0,-0.0,0.06999999999999673,0.002225402285458005,0.0,0.0,0.0,0.0,0.0,-0.0,0.10999999999999943,0.0019864566351558964,0.0,0.0,0.0,0.0,0.0,0.0,0.0,0.0,0.0,0.0,0.0,0.0,-165.28692722223389,-165.28692722223389
77,2026-04-24,2026-04-27,3,26.32,26.21,31.49,31.32,55.43,55.18,2.105303319343762,2.1056475556883982,2.105655676865167,55.189235290636034,1.7618135376756066,1.7611728567506653,1.761194293268947,55.16060526518342,1.0,1.0,1.0,55.18,0.00016735262563463693,-0.000351543023888745,0.0,SCHQ,SPTL,-0.000351543023888745,0.00016735262563463693,0.0005188956495233819,False,False,False,,,,,0,0,3815.0,0.0,0.0,0.0,0.0,-0.0,3191.0,0.0,0.0,0.0,0.0,-0.0,1812.0,0.0,0.0,0.0,0.0,-0.0,-0.0,-0.10999999999999943,-0.004188089121801483,-0.0,0.0,0.0,0.0,0.0,-0.0,-0.16999999999999815,-0.005413163990330821,-0.0,0.0,0.0,0.0,0.0,-0.0,-0.25,-0.00452039464257333,-0.0,0.0,0.0,0.0,0.0,0.0,0.0,0.0,0.0,0.0,0.0,0.0,-165.28692722223389,-165.28692722223389
78,2026-04-27,2026-04-28,1,26.21,26.22,31.32,31.34,55.18,55.22,2.1060259344012207,2.1056426523323846,2.1056475556883982,55.2100789101498,1.7619655392469686,1.7612145179369325,1.7611728567506653,55.19515733056585,1.0,1.0,1.0,55.22,-0.000179680934303581,-0.0004499865861526503,0.0,SCHQ,VGLT,-0.0004499865861526503,0.0,0.0004499865861526503,False,False,False,,,,,0,0,3813.0,0.0,0.0,0.0,0.0,-0.0,3189.0,0.0,0.0,0.0,0.0,-0.0,1811.0,0.0,0.0,0.0,0.0,-0.0,-0.0,0.00999999999999801,0.0003814610002387825,0.0,0.0,0.0,0.0,0.0,-0.0,0.019999999999999574,0.0006383658052724966,0.0,0.0,0.0,0.0,0.0,-0.0,0.03999999999999915,0.0007246377128682905,0.0,0.0,0.0,0.0,0.0,0.0,0.0,0.0,0.0,0.0,0.0,0.0,-165.28692722223389,-165.28692722223389
79,2026-04-28,2026-04-29,1,26.22,26.02,31.34,31.1,55.22,54.79,2.1056879323597233,2.1056799006613973,2.1056426523323846,54.78882181368864,1.7617363344051447,1.7612326105082872,1.7612145179369325,54.7737715078386,1.0,1.0,1.0,54.79,-2.1503905442685384e-05,-0.00029623829221537873,0.0,SCHQ,VGLT,-0.00029623829221537873,0.0,0.00029623829221537873,False,False,False,,,,,0,0,3843.0,0.0,0.0,0.0,0.0,-0.0,3214.0,0.0,0.0,0.0,0.0,-0.0,1825.0,0.0,0.0,0.0,0.0,-0.0,-0.0,-0.1999999999999993,-0.007657005251194542,-0.0,0.0,0.0,0.0,0.0,-0.0,-0.23999999999999844,-0.007687417742686282,-0.0,0.0,0.0,0.0,0.0,-0.0,-0.4299999999999997,-0.007817510951684006,-0.0,0.0,0.0,0.0,0.0,0.0,0.0,0.0,0.0,0.0,0.0,0.0,-165.28692722223389,-165.28692722223389
80,2026-04-29,2026-04-30,1,26.02,26.01,31.1,31.09,54.79,54.77,2.1057285659361784,2.1056931153548435,2.1056799006613973,54.76873421620295,1.7616596976519783,1.7612682959341908,1.7612326105082872,54.75672186070265,1.0,1.0,1.0,54.77,-2.3111163483255036e-05,-0.0002424639236312261,0.0,SCHQ,VGLT,-0.0002424639236312261,0.0,0.0002424639236312261,True,False,False,,,,,0,0,3845.0,0.0,0.0,0.0,0.0,-0.0,3216.0,0.0,0.0,0.0,0.0,-0.0,1826.0,0.0,0.0,0.0,0.0,-0.0,-0.0,-0.00999999999999801,-0.00038439362379898395,-0.0,0.0,0.0,0.0,0.0,-0.0,-0.010000000000001563,-0.0003215951145260924,-0.0,0.0,0.0,0.0,0.0,-0.0,-0.01999999999999602,-0.00036509675469437164,-0.0,0.0,0.0,0.0,0.0,0.0,0.0,0.0,0.0,0.0,0.0,0.0,-165.28692722223389,-165.28692722223389
81,2026-04-30,2026-05-01,1,26.01,26.0,31.09,31.08,54.77,54.73,2.105,2.1056369152787693,2.1056931153548435,54.74802099922593,1.760939510939511,1.7612866546290202,1.7612682959341908,54.74021863763465,1.0,1.0,1.0,54.73,0.00032921675463642617,0.00018669255970250588,0.0,VGLT,SPTL,0.0,0.00032921675463642617,0.00032921675463642617,False,False,False,,,,,0,0,3847.0,0.0,0.0,0.0,0.0,-0.0,3218.0,0.0,0.0,0.0,0.0,-0.0,1827.0,0.0,0.0,0.0,0.0,-0.0,-0.0,-0.010000000000001563,-0.00038454143907814804,-0.0,0.0,0.0,0.0,0.0,-0.0,-0.010000000000001563,-0.00032169857121575496,-0.0,0.0,0.0,0.0,0.0,-0.0,-0.04000000000000625,-0.0007305936398032841,-0.0,0.0,0.0,0.0,0.0,0.0,0.0,0.0,0.0,0.0,0.0,0.0,-165.28692722223389,-165.28692722223389
82,2026-05-01,2026-05-04,3,26.0,25.83,31.08,30.87,54.73,54.36,2.1045296167247387,2.105610255650598,2.1056369152787693,54.38860152165061,1.760932944606414,1.7613040118243197,1.7612866546290202,54.37091902839786,1.0,1.0,1.0,54.36,0.0005260117722872713,0.0002008449580327866,0.0,VGLT,SPTL,0.0,0.0005260117722872713,0.0005260117722872713,False,False,False,,,,,0,0,3874.0,0.0,0.0,0.0,0.0,-0.0,3241.0,0.0,0.0,0.0,0.0,-0.0,1840.0,0.0,0.0,0.0,0.0,-0.0,-0.0,-0.1700000000000017,-0.006559930913732988,-0.0,0.0,0.0,0.0,0.0,-0.0,-0.2099999999999973,-0.006779686985378692,-0.0,0.0,0.0,0.0,0.0,-0.0,-0.36999999999999744,-0.006783415872883769,-0.0,0.0,0.0,0.0,0.0,0.0,0.0,0.0,0.0,0.0,0.0,0.0,-165.28692722223389,-165.28692722223389
83,2026-05-04,2026-05-05,1,25.83,25.95,30.87,31.01,54.36,54.61,2.104431599229287,2.1055386139822074,2.105610255650598,54.64058613413302,1.7610448242502417,1.7612708755280715,1.7613040118243197,54.61803740667216,1.0,1.0,1.0,54.61,0.0005599262395640095,0.00014716746501162458,0.0,VGLT,SPTL,0.0,0.0005599262395640095,0.0005599262395640095,False,False,False,,,,,0,0,3855.0,0.0,0.0,0.0,0.0,-0.0,3225.0,0.0,0.0,0.0,0.0,-0.0,1831.0,0.0,0.0,0.0,0.0,-0.0,-0.0,0.120000000000001,0.004635002504148483,0.0,0.0,0.0,0.0,0.0,-0.0,0.14000000000000057,0.004524894598289724,0.0,0.0,0.0,0.0,0.0,-0.0,0.25,0.0045884268811192605,0.0,0.0,0.0,0.0,0.0,0.0,0.0,0.0,0.0,0.0,0.0,0.0,-165.28692722223389,-165.28692722223389
84,2026-05-05,2026-05-06,1,25.95,26.15,31.01,31.25,54.61,55.03,2.104397705544933,2.1054454062803267,2.1055386139822074,55.05983475563472,1.76096,1.7612515952995724,1.7612708755280715,55.03971486025223,1.0,1.0,1.0,55.03,0.0005420074692877899,0.00017652194865396404,0.0,VGLT,SPTL,0.0,0.0005420074692877899,0.0005420074692877899,False,False,False,,,,,0,0,3826.0,0.0,0.0,0.0,0.0,-0.0,3200.0,0.0,0.0,0.0,0.0,-0.0,1817.0,0.0,0.0,0.0,0.0,-0.0,-0.0,0.1999999999999993,0.007677580899034332,0.0,0.0,0.0,0.0,0.0,-0.0,0.23999999999999844,0.00770964307005291,0.0,0.0,0.0,0.0,0.0,-0.0,0.4200000000000017,0.0076614749076051305,0.0,0.0,0.0,0.0,0.0,0.0,0.0,0.0,0.0,0.0,0.0,0.0,-165.28692722223389,-165.28692722223389
85,2026-05-06,2026-05-07,1,26.15,26.03,31.25,31.11,55.03,54.79,2.104878985785632,2.105406193273903,2.1054454062803267,54.804743925476906,1.7611700417872067,1.7612617820678902,1.7612515952995724,54.7925371297697,1.0,1.0,1.0,54.79,0.00026906264000920084,4.63053664682508e-05,0.0,VGLT,SPTL,0.0,0.00026906264000920084,0.00026906264000920084,False,False,False,,,,,0,0,3842.0,0.0,0.0,0.0,0.0,-0.0,3214.0,0.0,0.0,0.0,0.0,-0.0,1825.0,0.0,0.0,0.0,0.0,-0.0,-0.0,-0.11999999999999744,-0.004599471504457792,-0.0,0.0,0.0,0.0,0.0,-0.0,-0.14000000000000057,-0.004490065272864893,-0.0,0.0,0.0,0.0,0.0,-0.0,-0.240000000000002,-0.004370795521343071,-0.0,0.0,0.0,0.0,0.0,0.0,0.0,0.0,0.0,0.0,0.0,0.0,-165.28692722223389,-165.28692722223389
86,2026-05-07,2026-05-08,1,26.03,26.14,31.11,31.24,54.79,55.02,2.1048201989288446,2.1053499471227846,2.105406193273903,55.035317892179826,1.7612035851472474,1.7612441800055205,1.7612617820678902,55.02181807180089,1.0,1.0,1.0,55.02,0.00027836714430718584,3.30432890496582e-05,0.0,VGLT,SPTL,0.0,0.00027836714430718584,0.00027836714430718584,False,False,False,,,,,0,0,3828.0,0.0,0.0,0.0,0.0,-0.0,3202.0,0.0,0.0,0.0,0.0,-0.0,1818.0,0.0,0.0,0.0,0.0,-0.0,-0.0,0.10999999999999943,0.004216989189601754,0.0,0.0,0.0,0.0,0.0,-0.0,0.129999999999999,0.0041700140619395165,0.0,0.0,0.0,0.0,0.0,-0.0,0.23000000000000398,0.004189059946104095,0.0,0.0,0.0,0.0,0.0,0.0,0.0,0.0,0.0,0.0,0.0,0.0,-165.28692722223389,-165.28692722223389
87,2026-05-08,2026-05-11,3,26.14,25.99,31.24,31.06,55.02,54.72,2.1054251635244325,2.105361045785144,2.1053499471227846,54.71804512572117,1.7617514488087573,1.7612637511749067,1.7612441800055205,54.70424423097146,1.0,1.0,1.0,54.72,-3.5725679799783835e-05,-0.00028797583658275234,0.0,SCHQ,VGLT,-0.00028797583658275234,0.0,0.00028797583658275234,False,False,False,,,,,0,0,3846.0,0.0,0.0,0.0,0.0,-0.0,3218.0,0.0,0.0,0.0,0.0,-0.0,1827.0,0.0,0.0,0.0,0.0,-0.0,-0.0,-0.15000000000000213,-0.005754859542677121,-0.0,0.0,0.0,0.0,0.0,-0.0,-0.17999999999999972,-0.005778507250944167,-0.0,0.0,0.0,0.0,0.0,-0.0,-0.30000000000000426,-0.005467482182133501,-0.0,0.0,0.0,0.0,0.0,0.0,0.0,0.0,0.0,0.0,0.0,0.0,-165.28692722223389,-165.28692722223389
88,2026-05-11,2026-05-12,1,25.99,25.84,31.06,30.88,54.72,54.38,2.1044891640866874,2.1053133951459406,2.105361045785144,54.40252942308812,1.7610103626943006,1.7612769747457784,1.7612637511749067,54.38782463628112,1.0,1.0,1.0,54.38,0.00041421032457536683,0.0001438777748985458,0.0,VGLT,SPTL,0.0,0.00041421032457536683,0.00041421032457536683,False,False,False,,,,,0,0,3872.0,0.0,0.0,0.0,0.0,-0.0,3239.0,0.0,0.0,0.0,0.0,-0.0,1839.0,0.0,0.0,0.0,0.0,-0.0,-0.0,-0.14999999999999858,-0.005788169738997747,-0.0,0.0,0.0,0.0,0.0,-0.0,-0.17999999999999972,-0.005812092563965579,-0.0,0.0,0.0,0.0,0.0,-0.0,-0.3399999999999963,-0.0062328341099703215,-0.0,0.0,0.0,0.0,0.0,0.0,0.0,0.0,0.0,0.0,0.0,0.0,-165.28692722223389,-165.28692722223389
89,2026-05-12,2026-05-13,1,25.84,25.78,30.88,30.81,54.38,54.28,2.1055081458494955,2.1052946847913563,2.1053133951459406,54.27497932686235,1.7617656604998377,1.7613138455206907,1.7612769747457784,54.26494359191743,1.0,1.0,1.0,54.28,-9.250009851894266e-05,-0.0002774225621368779,0.0,SCHQ,VGLT,-0.0002774225621368779,0.0,0.0002774225621368779,False,False,False,,,,,0,0,3878.0,0.0,0.0,0.0,0.0,-0.0,3244.0,0.0,0.0,0.0,0.0,-0.0,1842.0,0.0,0.0,0.0,0.0,-0.0,-0.0,-0.05999999999999872,-0.002324681403359687,-0.0,0.0,0.0,0.0,0.0,-0.0,-0.07000000000000028,-0.002269412547998876,-0.0,0.0,0.0,0.0,0.0,-0.0,-0.10000000000000142,-0.0018406042376562588,-0.0,0.0,0.0,0.0,0.0,0.0,0.0,0.0,0.0,0.0,0.0,0.0,-165.28692722223389,-165.28692722223389
90,2026-05-13,2026-05-14,1,25.78,25.83,30.81,30.85,54.28,54.34,2.1037553232675186,2.1051580234738165,2.1052946847913563,54.37976170816073,1.7614262560777958,1.76133474351922,1.7613138455206907,54.33653213431331,1.0,1.0,1.0,54.34,0.0007314532208090576,-6.381995486547359e-05,0.0,SCHQ,SPTL,-6.381995486547359e-05,0.0007314532208090576,0.0007952731756745312,False,False,False,,,,,0,0,3874.0,0.0,0.0,0.0,0.0,-0.0,3241.0,0.0,0.0,0.0,0.0,-0.0,1840.0,0.0,0.0,0.0,0.0,-0.0,-0.0,0.04999999999999716,0.0019376095967076443,0.0,0.0,0.0,0.0,0.0,-0.0,0.0400000000000027,0.001297437742820251,0.0,0.0,0.0,0.0,0.0,-0.0,0.060000000000002274,0.0011047690315333732,0.0,0.0,0.0,0.0,0.0,0.0,0.0,0.0,0.0,0.0,0.0,0.0,-165.28692722223389,-165.28692722223389
91,2026-05-14,2026-05-15,1,25.83,25.45,30.85,30.42,54.34,53.58,2.105304518664047,2.1051849740666255,2.1051580234738165,53.57627169740863,1.7613412228796843,1.7613480071948497,1.76133474351922,53.57980289785467,1.0,1.0,1.0,53.58,-6.958626935809501e-05,-3.6786582281462742e-06,0.0,SPTL,VGLT,-6.958626935809501e-05,0.0,6.958626935809501e-05,False,False,True,,,,,0,0,3928.0,0.0,0.0,0.0,0.0,-0.0,3287.0,0.0,0.0,0.0,0.0,-0.0,1866.0,0.0,0.0,0.0,0.0,-0.0,-0.0,-0.379999999999999,-0.014820864111217327,-0.0,0.0,0.0,0.0,0.0,-0.0,-0.4299999999999997,-0.014036463520250049,-0.0,0.0,0.0,0.0,0.0,-0.0,-0.7600000000000051,-0.014084739881739085,-0.0,0.0,0.0,0.0,0.0,0.0,0.0,0.0,0.0,0.0,0.0,0.0,-165.28692722223389,-165.28692722223389
92,2026-05-15,2026-05-18,3,25.45,25.44,30.42,30.38,53.58,53.52,2.1037735849056602,2.105074637414861,2.1051849740666255,53.55590574025496,1.761685319289006,1.7613385429503072,1.7613480071948497,53.509752458579534,1.0,1.0,1.0,53.52,0.0006706595914840067,-0.00019148958521135418,0.0,SCHQ,SPTL,-0.00019148958521135418,0.0006706595914840067,0.0008621491766953609,False,True,False,,,SCHQ,SPTL,0,1,3932.0,-3932.0,0.0,-3932.0,0.0,3932.0,3290.0,3290.0,0.0,3290.0,3290.0,-0.0,1868.0,0.0,0.0,0.0,0.0,-0.0,-19.66,-0.00999999999999801,-0.0003930045246102828,-0.0,0.0,0.0,0.0,0.0,-16.45,-0.0400000000000027,-0.0013157896635200795,-0.0,0.0,0.0,0.0,0.0,-0.0,-0.05999999999999517,-0.0011204482964896065,-0.0,0.0,0.0,0.0,0.0,-36.11,0.0,0.0,0.0,0.0,0.0,-36.11,-201.3969272222339,-201.3969272222339
93,2026-05-18,2026-05-19,1,25.44,25.27,30.38,30.2,53.52,53.19,2.1048674317372376,2.105066867449211,2.105074637414861,53.19523608747354,1.7612582781456954,1.7613122848830696,1.7613385429503072,53.192423997099276,1.0,1.0,1.0,53.19,9.843635583917578e-05,4.557138310302511e-05,0.0,VGLT,SPTL,0.0,9.843635583917578e-05,9.843635583917578e-05,False,False,True,SCHQ,SPTL,,,1,0,3958.0,0.0,-3932.0,3932.0,3932.0,-0.0,3311.0,0.0,3290.0,-3290.0,0.0,3290.0,1880.0,0.0,0.0,0.0,0.0,-0.0,-19.66,-0.1700000000000017,-0.0067048170718186344,668.4400000000066,-100030.08,-100030.08,0.0,-2.7786133333333334,-16.45,-0.17999999999999972,-0.0059425727868028175,-592.199999999999,99950.2,0.0,99950.2,0.0,-0.0,-0.3300000000000054,-0.006185007065746899,-0.0,0.0,0.0,0.0,0.0,-36.11,76.24000000000763,-79.88000000000466,199980.28,-100030.08,-2.7786133333333334,37.351386666674294,-164.0455405555596,-164.0455405555596
94,2026-05-19,2026-05-20,1,25.27,25.52,30.2,30.5,53.19,53.73,2.1054075235109715,2.10505809436536,2.105066867449211,53.72130645730386,1.761639344262295,1.7613103626776905,1.7613122848830696,53.72002468893362,1.0,1.0,1.0,53.73,-0.0001618136251988586,-0.00018567350028845283,0.0,SCHQ,VGLT,-0.00018567350028845283,0.0,0.00018567350028845283,False,False,True,,,,,0,0,3918.0,0.0,0.0,0.0,0.0,-0.0,3278.0,0.0,0.0,0.0,0.0,-0.0,1861.0,0.0,0.0,0.0,0.0,-0.0,-0.0,0.25,0.00984453707648637,0.0,0.0,0.0,0.0,0.0,-0.0,0.3000000000000007,0.009884759232541925,0.0,0.0,0.0,0.0,0.0,-0.0,0.5399999999999991,0.01010109598650392,0.0,0.0,0.0,0.0,0.0,0.0,0.0,0.0,0.0,0.0,0.0,0.0,-164.0455405555596,-164.0455405555596
95,2026-05-20,2026-05-21,1,25.52,25.61,30.5,30.61,53.73,53.91,2.1050370948848105,2.1050187424099427,2.10505809436536,53.91053779669687,1.7611891538712838,1.7613367204349086,1.7613103626776905,53.91371020156411,1.0,1.0,1.0,53.91,9.975774706286123e-06,6.881977180415313e-05,0.0,VGLT,SCHQ,0.0,6.881977180415313e-05,6.881977180415313e-05,False,False,True,,,,,0,0,3905.0,0.0,0.0,0.0,0.0,-0.0,3267.0,0.0,0.0,0.0,0.0,-0.0,1855.0,0.0,0.0,0.0,0.0,-0.0,-0.0,0.08999999999999986,0.0035204417348446374,0.0,0.0,0.0,0.0,0.0,-0.0,0.10999999999999943,0.0036000693439551977,0.0,0.0,0.0,0.0,0.0,-0.0,0.17999999999999972,0.00334448472284735,0.0,0.0,0.0,0.0,0.0,0.0,0.0,0.0,0.0,0.0,0.0,0.0,-164.0455405555596,-164.0455405555596
96,2026-05-21,2026-05-22,1,25.61,25.71,30.61,30.72,53.91,54.13,2.105406456631661,2.104988913265842,2.1050187424099427,54.12003186735963,1.7620442708333335,1.7614268666536153,1.7613367204349086,54.10826405176039,1.0,1.0,1.0,54.13,-0.00018416867868935964,-0.0004016315066065152,0.0,SCHQ,VGLT,-0.0004016315066065152,0.0,0.0004016315066065152,False,False,False,,,,,0,0,3888.0,0.0,0.0,0.0,0.0,-0.0,3253.0,0.0,0.0,0.0,0.0,-0.0,1847.0,0.0,0.0,0.0,0.0,-0.0,-0.0,0.10000000000000142,0.0038971210663642838,0.0,0.0,0.0,0.0,0.0,-0.0,0.10999999999999943,0.003587155322150192,0.0,0.0,0.0,0.0,0.0,-0.0,0.22000000000000597,0.004072571345309317,0.0,0.0,0.0,0.0,0.0,0.0,0.0,0.0,0.0,0.0,0.0,0.0,-164.0455405555596,-164.0455405555596
97,2026-05-22,2026-05-26,4,25.71,25.85,30.72,30.9,54.13,54.44,2.1059961315280464,2.105023553875056,2.104988913265842,54.413963407922026,1.7618122977346278,1.7614268046565666,1.7614268666536153,54.42809017959671,1.0,1.0,1.0,54.44,-0.0004783765654343705,-0.00021879359564689325,0.0,SPTL,VGLT,-0.0004783765654343705,0.0,0.0004783765654343705,False,False,False,,,,,0,0,3867.0,0.0,0.0,0.0,0.0,-0.0,3236.0,0.0,0.0,0.0,0.0,-0.0,1837.0,0.0,0.0,0.0,0.0,-0.0,-0.0,0.14000000000000057,0.0054305796766400865,0.0,0.0,0.0,0.0,0.0,-0.0,0.17999999999999972,0.005842275624228361,0.0,0.0,0.0,0.0,0.0,-0.0,0.30999999999999517,0.005710616974378791,0.0,0.0,0.0,0.0,0.0,0.0,0.0,0.0,0.0,0.0,0.0,0.0,-164.0455405555596,-164.0455405555596
98,2026-05-26,2026-05-27,1,25.85,25.91,30.9,30.98,54.44,54.55,2.10536472404477,2.1049904933572336,2.105023553875056,54.5411602809027,1.760813428018076,1.7613691990951217,1.7614268046565666,54.56900240826044,1.0,1.0,1.0,54.55,-0.00016206114398046627,0.0003482877965000428,0.0,SPTL,SCHQ,-0.00016206114398046627,0.0003482877965000428,0.0005103489404805091,False,False,False,,,,,0,0,3859.0,0.0,0.0,0.0,0.0,-0.0,3229.0,0.0,0.0,0.0,0.0,-0.0,1833.0,0.0,0.0,0.0,0.0,-0.0,-0.0,0.05999999999999872,0.0023183936195804293,0.0,0.0,0.0,0.0,0.0,-0.0,0.08000000000000185,0.0025856510850227636,0.0,0.0,0.0,0.0,0.0,-0.0,0.10999999999999943,0.002018534495814424,0.0,0.0,0.0,0.0,0.0,0.0,0.0,0.0,0.0,0.0,0.0,0.0,-164.0455405555596,-164.0455405555596
99,2026-05-27,2026-05-28,1,25.91,26.03,30.98,31.11,54.55,54.81,2.105647330003842,2.1049884632394398,2.1049904933572336,54.7929025420888,1.7618129218900676,1.761373028469368,1.7613691990951217,54.796195783849235,1.0,1.0,1.0,54.81,-0.00031198914724590865,-0.0002518875164863036,0.0,SPTL,VGLT,-0.00031198914724590865,0.0,0.00031198914724590865,False,False,False,,,,,0,0,3840.0,0.0,0.0,0.0,0.0,-0.0,3213.0,0.0,0.0,0.0,0.0,-0.0,1824.0,0.0,0.0,0.0,0.0,-0.0,-0.0,0.120000000000001,0.00462072443245546,0.0,0.0,0.0,0.0,0.0,-0.0,0.129999999999999,0.004187475920822946,0.0,0.0,0.0,0.0,0.0,-0.0,0.2600000000000051,0.004754946778945336,0.0,0.0,0.0,0.0,0.0,0.0,0.0,0.0,0.0,0.0,0.0,0.0,-164.0455405555596,-164.0455405555596
100,2026-05-28,2026-05-29,1,26.03,26.04,31.11,31.12,54.81,54.84,2.1059907834101383,2.105001574113138,2.1049884632394398,54.81389958275501,1.7622107969151672,1.7614005834325277,1.761373028469368,54.81392864596673,1.0,1.0,1.0,54.84,-0.00047605088076608463,-0.0004755206648129918,0.0,SPTL,VGLT,-0.00047605088076608463,0.0,0.00047605088076608463,True,False,False,,,,,0,0,3837.0,0.0,0.0,0.0,0.0,-0.0,3211.0,0.0,0.0,0.0,0.0,-0.0,1823.0,0.0,0.0,0.0,0.0,-0.0,-0.0,0.00999999999999801,0.00038409833389451467,0.0,0.0,0.0,0.0,0.0,-0.0,0.010000000000001563,0.00032138840064521414,0.0,0.0,0.0,0.0,0.0,-0.0,0.030000000000001137,0.0005471956360886392,0.0,0.0,0.0,0.0,0.0,0.0,0.0,0.0,0.0,0.0,0.0,0.0,-164.0455405555596,-164.0455405555596
101,2026-05-29,2026-06-01,3,26.04,25.96,31.12,30.99,54.84,54.62,2.1040061633281972,2.104951882279548,2.105001574113138,54.645840863977064,1.7625040335592126,1.7614788095635123,1.7614005834325277,54.58580408057403,1.0,1.0,1.0,54.62,0.00047299072161079316,-0.0006262656244607167,0.0,SCHQ,SPTL,-0.0006262656244607167,0.00047299072161079316,0.0010992563460715098,False,True,False,,,SCHQ,SPTL,0,1,3854.0,-3854.0,0.0,-3854.0,0.0,3854.0,3225.0,3225.0,0.0,3225.0,3225.0,-0.0,1831.0,0.0,0.0,0.0,0.0,-0.0,-19.27,-0.0799999999999983,-0.0030769255044791975,-0.0,0.0,0.0,0.0,0.0,-16.125,-0.13000000000000256,-0.0041861275105340105,-0.0,0.0,0.0,0.0,0.0,-0.0,-0.22000000000000597,-0.004019738648554817,-0.0,0.0,0.0,0.0,0.0,-35.394999999999996,0.0,0.0,0.0,0.0,0.0,-35.394999999999996,-199.4405405555596,-199.4405405555596
102,2026-06-01,2026-06-02,1,25.96,26.02,30.99,31.06,54.62,54.75,2.104150653343582,2.1049329341104897,2.104951882279548,54.770847976913835,1.7627173213135867,1.7615680283988713,1.7614788095635123,54.71153182504269,1.0,1.0,1.0,54.75,0.0003807124862664197,-0.0007028620173605677,0.0,SCHQ,SPTL,-0.0007028620173605677,0.0003807124862664197,0.0010835745036269875,False,True,False,SCHQ,SPTL,SCHQ,SPTL,1,1,3844.0,-3844.0,-3854.0,10.0,10.0,-0.0,3216.0,3216.0,3225.0,-9.0,0.0,9.0,1826.0,0.0,0.0,0.0,0.0,-0.0,-0.05,0.05999999999999872,0.002308581248470025,-231.23999999999506,-100049.84,-100049.84,0.0,-2.779162222222222,-0.045,0.07000000000000028,0.002256245920884182,225.7500000000009,99942.75,0.0,99942.75,0.0,-0.0,0.13000000000000256,0.002377252651051362,0.0,0.0,0.0,0.0,0.0,-0.095,-5.489999999994154,-107.08999999999651,199992.59,-100049.84,-2.779162222222222,-8.364162222216375,-207.804702777776,-207.804702777776
103,2026-06-02,2026-06-03,1,26.02,25.92,31.06,30.92,54.75,54.53,2.103780864197531,2.104900397358902,2.1049329341104897,54.559861652143894,1.7635834411384217,1.7616949592432802,1.7615680283988713,54.467683438093104,1.0,1.0,1.0,54.53,0.0005474688928465681,-0.0011434475803709355,0.0,SCHQ,SPTL,-0.0011434475803709355,0.0005474688928465681,0.0016909164732175036,False,True,False,SCHQ,SPTL,SCHQ,SPTL,1,1,3860.0,-3860.0,-3844.0,-16.0,0.0,16.0,3231.0,3231.0,3216.0,15.0,15.0,-0.0,1834.0,0.0,0.0,0.0,0.0,-0.0,-0.08,-0.09999999999999787,-0.0038506016002851457,384.3999999999918,-100020.88,-100020.88,0.0,-2.778357777777778,-0.075,-0.13999999999999702,-0.004517594001319654,-450.2399999999904,99888.95999999999,0.0,99888.95999999999,0.0,-0.0,-0.21999999999999886,-0.004026359758639991,-0.0,0.0,0.0,0.0,0.0,-0.155,-65.83999999999861,-131.9200000000128,199909.84,-100020.88,-2.778357777777778,-68.7733577777764,-276.5780605555524,-276.5780605555524
104,2026-06-03,2026-06-04,1,25.92,25.97,30.92,31.0,54.53,54.66,2.104736234116288,2.1049173237874697,2.104900397358902,54.66426331941068,1.7632258064516129,1.7618082495658605,1.7616949592432802,54.61254373654169,1.0,1.0,1.0,54.66,7.799402041946756e-05,-0.0008685853704715414,0.0,SCHQ,SPTL,-0.0008685853704715414,7.799402041946756e-05,0.0009465793908910089,False,True,False,SCHQ,SPTL,SCHQ,SPTL,1,1,3850.0,-3850.0,-3860.0,10.0,10.0,-0.0,3222.0,3222.0,3231.0,-9.0,0.0,9.0,1829.0,0.0,0.0,0.0,0.0,-0.0,-0.05,0.04999999999999716,0.0019271541905831126,-192.99999999998903,-100051.20000000001,-100051.20000000001,0.0,-2.7792000000000003,-0.045,0.0799999999999983,0.0025839807659250678,258.4799999999945,99902.52,0.0,99902.52,0.0,-0.0,0.12999999999999545,0.0023811715619517218,0.0,0.0,0.0,0.0,0.0,-0.095,65.48000000000548,-148.68000000000757,199953.72000000003,-100051.20000000001,-2.7792000000000003,62.60580000000547,-213.9722605555469,-213.9722605555469
105,2026-06-04,2026-06-05,1,25.97,25.83,31.0,30.82,54.66,54.34,2.1037553232675186,2.104861140661564,2.1049173237874697,54.37001447343034,1.763140817650876,1.7619067883590442,1.7618082495658605,54.29893025161982,1.0,1.0,1.0,54.34,0.0005521933620998138,-0.0007560779591907829,0.0,SCHQ,SPTL,-0.0007560779591907829,0.0005521933620998138,0.0013082713212905967,False,True,False,SCHQ,SPTL,SCHQ,SPTL,1,1,3873.0,-3873.0,-3850.0,-23.0,0.0,23.0,3242.0,3242.0,3222.0,20.0,20.0,-0.0,1840.0,0.0,0.0,0.0,0.0,-0.0,-0.115,-0.14000000000000057,-0.005405418566907935,539.0000000000022,-99984.5,-99984.5,0.0,-2.777347222222222,-0.1,-0.17999999999999972,-0.005823374593176491,-579.9599999999991,99882.0,0.0,99882.0,0.0,-0.0,-0.3199999999999932,-0.005871576501720148,-0.0,0.0,0.0,0.0,0.0,-0.21500000000000002,-40.95999999999697,-102.5,199866.5,-99984.5,-2.777347222222222,-43.952347222219196,-257.9246077777661,-257.9246077777661
106,2026-06-05,2026-06-08,3,25.83,25.72,30.82,30.7,54.34,54.12,2.104199066874028,2.104830084058823,2.104861140661564,54.13702853781542,1.7628664495114006,1.7619899315772518,1.7619067883590442,54.090538402622656,1.0,1.0,1.0,54.12,0.00031459459373426945,-0.0005445236395680054,0.0,SCHQ,SPTL,-0.0005445236395680054,0.00031459459373426945,0.0008591182333022749,False,True,False,SCHQ,SPTL,SCHQ,SPTL,1,1,3890.0,-3890.0,-3873.0,-17.0,0.0,17.0,3256.0,3256.0,3242.0,14.0,14.0,-0.0,1848.0,0.0,0.0,0.0,0.0,-0.0,-0.085,-0.10999999999999943,-0.004267707738330413,426.0299999999978,-100039.59,-100039.59,0.0,-8.3366325,-0.07,-0.120000000000001,-0.003901175298818253,-389.0400000000032,99918.44,0.0,99918.44,0.0,-0.0,-0.22000000000000597,-0.004056800695614541,-0.0,0.0,0.0,0.0,0.0,-0.15500000000000003,36.98999999999461,-121.14999999999418,199958.03,-100039.59,-8.3366325,28.498367499994607,-229.42624027777148,-229.42624027777148
107,2026-06-08,2026-06-09,1,25.72,25.85,30.7,30.87,54.12,54.39,2.1040618955512573,2.104761920660164,2.104830084058823,54.40985767292058,1.7619047619047619,1.761997597232052,1.7619899315772518,54.392629187789765,1.0,1.0,1.0,54.39,0.0003650312337865888,4.8338375527655444e-05,0.0,VGLT,SPTL,0.0,0.0003650312337865888,0.0003650312337865888,False,False,False,SCHQ,SPTL,SCHQ,SPTL,1,1,3871.0,-3871.0,-3890.0,19.0,19.0,-0.0,3240.0,3240.0,3256.0,-16.0,0.0,16.0,1839.0,0.0,0.0,0.0,0.0,-0.0,-0.095,0.13000000000000256,0.005041701585019691,-505.70000000000994,-100050.79999999999,-100050.79999999999,0.0,-2.7791888888888887,-0.08,0.1700000000000017,0.005522183920916507,553.5200000000056,99959.2,0.0,99959.2,0.0,-0.0,0.2700000000000031,0.004976510132282213,0.0,0.0,0.0,0.0,0.0,-0.175,47.819999999995616,-91.59999999999127,200010.0,-100050.79999999999,-2.7791888888888887,44.86581111110673,-184.56042916666476,-184.56042916666476
108,2026-06-09,2026-06-10,1,25.85,25.78,30.87,30.78,54.39,54.25,2.104344453064391,2.1047546851090493,2.104761920660164,54.26076231461903,1.762508122157245,1.7620724852051992,1.761997597232052,54.234286042802566,1.0,1.0,1.0,54.25,0.00019836400417331358,-0.0002897001562260508,0.0,SCHQ,SPTL,-0.0002897001562260508,0.00019836400417331358,0.0004880641603993644,False,False,False,SCHQ,SPTL,SCHQ,SPTL,1,1,3879.0,-3879.0,-3871.0,-8.0,0.0,8.0,3247.0,3247.0,3240.0,7.0,7.0,-0.0,1843.0,0.0,0.0,0.0,0.0,-0.0,-0.04,-0.07000000000000028,-0.0027116034433968023,270.9700000000011,-100065.35,-100065.35,0.0,-2.779593055555556,-0.035,-0.08999999999999986,-0.0029197101033347503,-291.59999999999957,100018.8,0.0,100018.8,0.0,-0.0,-0.14000000000000057,-0.0025773210143004033,-0.0,0.0,0.0,0.0,0.0,-0.07500000000000001,-20.62999999999846,-46.55000000000291,200084.15000000002,-100065.35,-2.779593055555556,-23.484593055554015,-208.0450222222188,-208.0450222222188
109,2026-06-10,2026-06-11,1,25.78,26.1,30.78,31.14,54.25,54.92,2.104214559386973,2.1046900057859235,2.1047546851090493,54.93409728134619,1.7636480411046884,1.762166604235442,1.7620724852051992,54.870937189289904,1.0,1.0,1.0,54.92,0.00025665463141469623,-0.0008937497981534059,0.0,SCHQ,SPTL,-0.0008937497981534059,0.00025665463141469623,0.001150404429568102,False,True,False,SCHQ,SPTL,SCHQ,SPTL,1,1,3833.0,-3833.0,-3879.0,46.0,46.0,-0.0,3209.0,3209.0,3247.0,-38.0,0.0,38.0,1821.0,0.0,0.0,0.0,0.0,-0.0,-0.23,0.3200000000000003,0.012336316817606321,-1241.280000000001,-100000.62000000001,-100000.62000000001,0.0,-2.7777950000000002,-0.19,0.35999999999999943,0.011628037995118993,1168.9199999999983,99942.66,0.0,99942.66,0.0,-0.0,0.6700000000000017,0.012274588479201301,0.0,0.0,0.0,0.0,0.0,-0.42000000000000004,-72.36000000000286,-57.9600000000064,199943.28000000003,-100000.62000000001,-2.7777950000000002,-75.55779500000286,-283.60281722222163,-283.60281722222163
110,2026-06-11,2026-06-12,1,26.1,26.02,31.14,31.06,54.92,54.77,2.104919292851653,2.1047482042651304,2.1046900057859235,54.76403395054973,1.7633612363168063,1.7622633532473924,1.762166604235442,54.732894727552825,1.0,1.0,1.0,54.77,-0.00010893508147186825,-0.0006777039814271519,0.0,SCHQ,VGLT,-0.0006777039814271519,0.0,0.0006777039814271519,False,False,False,SCHQ,SPTL,SCHQ,SPTL,1,1,3843.0,-3843.0,-3833.0,-10.0,0.0,10.0,3218.0,3218.0,3209.0,9.0,9.0,-0.0,1826.0,0.0,0.0,0.0,0.0,-0.0,-0.05,-0.08000000000000185,-0.0030698412442886026,306.6400000000071,-100041.3,-100041.3,0.0,-2.778925,-0.045,-0.08000000000000185,-0.002572348685311358,-256.72000000000594,99928.26,0.0,99928.26,0.0,-0.0,-0.14999999999999858,-0.002734982104140338,-0.0,0.0,0.0,0.0,0.0,-0.095,49.92000000000115,-113.04000000000815,199969.56,-100041.3,-2.778925,47.04607500000115,-236.55674222222046,-236.55674222222046
111,2026-06-12,2026-06-15,3,26.02,26.03,31.06,31.07,54.77,54.78,2.104494813676527,2.104707719015754,2.1047482042651304,54.786595757021345,1.7631155455423237,1.7623520693805244,1.7622633532473924,54.75352238539648,1.0,1.0,1.0,54.78,0.00012039722478816214,-0.0004834614014527179,0.0,SCHQ,SPTL,-0.0004834614014527179,0.00012039722478816214,0.00060385862624088,False,False,False,SCHQ,SPTL,SCHQ,SPTL,1,1,3841.0,-3841.0,-3843.0,2.0,2.0,-0.0,3216.0,3216.0,3218.0,-2.0,0.0,2.0,1825.0,0.0,0.0,0.0,0.0,-0.0,-0.01,0.010000000000001563,0.0003842459221148453,-38.430000000006004,-99994.86,-99994.86,0.0,-8.332905,-0.01,0.010000000000001563,0.0003219056844150297,32.18000000000503,99951.08,0.0,99951.08,0.0,-0.0,0.00999999999999801,0.00018256503930217361,0.0,0.0,0.0,0.0,0.0,-0.02,-6.250000000000973,-43.779999999998836,199945.94,-99994.86,-8.332905,-14.602905000000973,-251.15964722222145,-251.15964722222145
112,2026-06-15,2026-06-16,1,26.03,26.18,31.07,31.24,54.78,55.05,2.102750190985485,2.104656549319745,2.104707719015754,55.10124808383244,1.7621638924455827,1.7623759980383533,1.7623520693805244,55.05587864744758,1.0,1.0,1.0,55.05,0.0009305039828716699,0.00010678171820399082,0.0,VGLT,SPTL,0.0,0.0009305039828716699,0.0009305039828716699,False,True,False,SCHQ,SPTL,VGLT,SPTL,1,1,3824.0,-3824.0,-3841.0,17.0,17.0,-0.0,3202.0,0.0,3216.0,-3216.0,0.0,3216.0,1817.0,1817.0,0.0,1817.0,1817.0,-0.0,-0.085,0.14999999999999858,0.0057460414752798505,-576.1499999999945,-99981.23000000001,-99981.23000000001,0.0,-2.7772563888888895,-16.080000000000002,0.16999999999999815,0.005456601566529072,546.7199999999941,99921.12,0.0,99921.12,0.0,-9.085,0.269999999999996,0.004916699333756689,0.0,0.0,0.0,0.0,0.0,-25.250000000000004,-29.430000000000405,-60.110000000015134,199902.35,-99981.23000000001,-2.7772563888888895,-57.45725638888929,-308.61690361111073,-308.61690361111073
113,2026-06-16,2026-06-17,1,26.18,26.17,31.24,31.22,55.05,55.04,2.103171570500573,2.1045717562579123,2.104656549319745,55.078861895697734,1.7629724535554132,1.7624617068088395,1.7623759980383533,55.02137865875739,1.0,1.0,1.0,55.04,0.0007058172713025464,-0.00033838103151555016,0.0,SCHQ,SPTL,-0.00033838103151555016,0.0007058172713025464,0.0010441983028180966,False,True,False,VGLT,SPTL,SCHQ,SPTL,1,1,3824.0,-3824.0,-3824.0,0.0,0.0,-0.0,3202.0,3202.0,0.0,3202.0,3202.0,-0.0,1817.0,0.0,1817.0,-1817.0,0.0,1817.0,-0.0,-0.00999999999999801,-0.00038204393969931954,38.23999999999239,-100112.31999999999,-100112.31999999999,0.0,-2.7808977777777777,-16.01,-0.019999999999999574,-0.0006404098841991698,-0.0,0.0,0.0,0.0,0.0,-9.085,-0.00999999999999801,-0.0001816695436007509,-18.169999999996385,100025.84999999999,0.0,100025.84999999999,0.0,-25.095000000000002,20.069999999996007,-86.47000000000116,200138.16999999998,-100112.31999999999,-2.7808977777777777,-7.805897777781773,-316.4228013888925,-316.4228013888925
114,2026-06-17,2026-06-18,1,26.17,26.3,31.22,31.38,55.04,55.31,2.103041825095057,2.1044534713371164,2.1045717562579123,55.35023718958309,1.762587635436584,1.7625091213675534,1.7624617068088395,55.30604835966138,1.0,1.0,1.0,55.31,0.0007272204068647242,-7.144786672278666e-05,0.0,SCHQ,SPTL,-7.144786672278666e-05,0.0007272204068647242,0.0007986682735875108,False,False,False,SCHQ,SPTL,SCHQ,SPTL,1,1,3805.0,-3805.0,-3824.0,19.0,19.0,-0.0,3187.0,3187.0,3202.0,-15.0,0.0,15.0,1808.0,0.0,0.0,0.0,0.0,-0.0,-0.095,0.129999999999999,0.004955222641664433,-497.1199999999962,-100074.08,-100074.08,0.0,-2.7798355555555556,-0.075,0.16000000000000014,0.005111832217600575,512.3200000000005,99966.44,0.0,99966.44,0.0,-0.0,0.2700000000000031,0.004893530381498424,0.0,0.0,0.0,0.0,0.0,-0.16999999999999998,15.200000000004309,-107.63999999999942,200040.52000000002,-100074.08,-2.7798355555555556,12.250164444448753,-304.17263694444375,-304.17263694444375
115,2026-06-18,2026-06-22,4,26.3,26.12,31.38,31.17,55.31,54.94,2.103369065849923,2.1043700698853725,2.1044534713371164,54.96832467132548,1.7625922361244786,1.762579275480213,1.7625091213675534,54.93740931302664,1.0,1.0,1.0,54.94,0.000515423595751276,-4.7155952984942816e-05,0.0,SCHQ,SPTL,-4.7155952984942816e-05,0.000515423595751276,0.0005625795487362188,False,False,False,SCHQ,SPTL,SCHQ,SPTL,1,1,3830.0,-3830.0,-3805.0,-25.0,0.0,25.0,3208.0,3208.0,3187.0,21.0,21.0,-0.0,1820.0,0.0,0.0,0.0,0.0,-0.0,-0.125,-0.17999999999999972,-0.006867634775488569,684.899999999999,-100071.5,-100071.5,0.0,-11.119055555555557,-0.105,-0.2099999999999973,-0.006714653525640758,-669.2699999999913,100008.06,0.0,100008.06,0.0,-0.0,-0.37000000000000455,-0.006712043339458963,-0.0,0.0,0.0,0.0,0.0,-0.22999999999999998,15.630000000007612,-63.44000000000233,200079.56,-100071.5,-11.119055555555557,4.2809444444520555,-299.8916924999917,-299.8916924999917
116,2026-06-22,2026-06-23,1,26.12,26.14,31.17,31.23,54.94,55.02,2.1048201989288446,2.104340757000231,2.1043700698853725,55.00823362680364,1.7617675312199808,1.7625654384995457,1.762579275480213,55.04535077324705,1.0,1.0,1.0,55.02,-0.00021387916270886585,0.00046064948718613186,0.0,SPTL,SCHQ,-0.00021387916270886585,0.00046064948718613186,0.0006745286498949977,False,False,False,SCHQ,SPTL,SCHQ,SPTL,1,1,3826.0,-3826.0,-3830.0,4.0,4.0,-0.0,3204.0,3204.0,3208.0,-4.0,0.0,4.0,1818.0,0.0,0.0,0.0,0.0,-0.0,-0.02,0.019999999999999574,0.0007654037878455252,-76.59999999999837,-100039.6,-100039.6,0.0,-2.778877777777778,-0.02,0.05999999999999872,0.0019230775157414838,192.4799999999959,99993.36,0.0,99993.36,0.0,-0.0,0.0800000000000054,0.0014550748293008272,0.0,0.0,0.0,0.0,0.0,-0.04,115.87999999999752,-46.24000000000524,200032.96000000002,-100039.6,-2.778877777777778,113.06112222221974,-186.83057027777193,-186.83057027777193
117,2026-06-23,2026-06-24,1,26.14,26.47,31.23,31.6,55.02,55.71,2.1046467699282205,2.1042732889202402,2.104340757000231,55.70189983779611,1.7629746835443036,1.7626235577900295,1.7625654384995457,55.69706785658565,1.0,1.0,1.0,55.71,-0.00014540928267008522,-0.00023216019811396723,0.0,SCHQ,VGLT,-0.00023216019811396723,0.0,0.00023216019811396723,False,False,False,SCHQ,SPTL,SCHQ,SPTL,1,1,3777.0,-3777.0,-3826.0,49.0,49.0,-0.0,3164.0,3164.0,3204.0,-40.0,0.0,40.0,1795.0,0.0,0.0,0.0,0.0,-0.0,-0.245,0.3299999999999983,0.012545308042934016,-1262.5799999999936,-100011.64,-100011.64,0.0,-2.778101111111111,-0.2,0.370000000000001,0.011777949297879184,1185.4800000000032,100060.92,0.0,100060.92,0.0,-0.0,0.6899999999999977,0.012462908536295695,0.0,0.0,0.0,0.0,0.0,-0.445,-77.09999999999036,49.279999999998836,200072.56,-100011.64,-2.778101111111111,-80.32310111110147,-267.15367138887336,-267.15367138887336
118,2026-06-24,2026-06-25,1,26.47,26.46,31.6,31.58,55.71,55.68,2.1043083900226756,2.1042204722191356,2.1042732889202402,55.679071224829556,1.7631412286257127,1.7627399478204115,1.7626235577900295,55.66365195500913,1.0,1.0,1.0,55.68,-1.6680727672208886e-05,-0.00029365024087684187,0.0,SCHQ,VGLT,-0.00029365024087684187,0.0,0.00029365024087684187,False,False,False,SCHQ,SPTL,SCHQ,SPTL,1,1,3779.0,-3779.0,-3777.0,-2.0,0.0,2.0,3166.0,3166.0,3164.0,2.0,2.0,-0.0,1796.0,0.0,0.0,0.0,0.0,-0.0,-0.01,-0.00999999999999801,-0.0003778575522001811,37.769999999992486,-99977.19,-99977.19,0.0,-2.777144166666667,-0.01,-0.020000000000003126,-0.0006331117653705114,-63.28000000000989,99982.40000000001,0.0,99982.40000000001,0.0,-0.0,-0.030000000000001137,-0.0005386480065598942,-0.0,0.0,0.0,0.0,0.0,-0.02,-25.510000000017406,5.210000000006403,199959.59000000003,-99977.19,-2.777144166666667,-28.307144166684072,-295.4608155555574,-295.4608155555574
119,2026-06-25,2026-06-26,1,26.46,26.49,31.58,31.61,55.68,55.72,2.1034352585881466,2.1041098686483504,2.1042204722191356,55.7408003090849,1.7627333122429611,1.762785967338056,1.7627399478204115,55.72020975060321,1.0,1.0,1.0,55.72,0.00037323093443921736,3.7643612422801537e-06,0.0,VGLT,SPTL,0.0,0.00037323093443921736,0.00037323093443921736,False,False,False,SCHQ,SPTL,SCHQ,SPTL,1,1,3777.0,-3777.0,-3779.0,2.0,2.0,-0.0,3164.0,3164.0,3166.0,-2.0,0.0,2.0,1795.0,0.0,0.0,0.0,0.0,-0.0,-0.01,0.029999999999997584,0.0011331445971686754,-113.36999999999087,-99992.34,-99992.34,0.0,-2.777565,-0.01,0.030000000000001137,0.000949517400030458,94.9800000000036,99982.28,0.0,99982.28,0.0,-0.0,0.03999999999999915,0.0007181328854408335,0.0,0.0,0.0,0.0,0.0,-0.02,-18.389999999987268,-10.059999999997672,199974.62,-99992.34,-2.777565,-21.187564999987266,-316.6483805555447,-316.6483805555447
120,2026-06-26,2026-06-29,3,26.49,26.52,31.61,31.64,55.72,55.78,2.103318250377074,2.103976241996697,2.1041098686483504,55.80099371655425,1.7629582806573958,1.7628233415251675,1.762785967338056,55.77454800657609,1.0,1.0,1.0,55.78,0.00037629556975102947,-9.774578492182074e-05,0.0,SCHQ,SPTL,-9.774578492182074e-05,0.00037629556975102947,0.0004740413546728502,False,False,False,SCHQ,SPTL,SCHQ,SPTL,1,1,3773.0,-3773.0,-3777.0,4.0,4.0,-0.0,3161.0,3161.0,3164.0,-3.0,0.0,3.0,1793.0,0.0,0.0,0.0,0.0,-0.0,-0.02,0.030000000000001137,0.0011318620336835527,-113.3100000000043,-100052.73,-100052.73,0.0,-8.3377275,-0.015,0.030000000000001137,0.0009486166719267364,94.9200000000036,100014.04,0.0,100014.04,0.0,-0.0,0.060000000000002274,0.0010762332877380508,0.0,0.0,0.0,0.0,0.0,-0.035,-18.390000000000697,-38.69000000000233,200066.77,-100052.73,-8.3377275,-26.762727500000697,-343.4111080555454,-343.4111080555454
121,2026-06-29,2026-06-30,1,26.52,26.23,31.64,31.3,55.78,55.18,2.1036980556614564,2.1039608366133598,2.103976241996697,55.18729682757337,1.7629392971246005,1.7628451047034368,1.7628233415251675,55.17637058973774,1.0,1.0,1.0,55.18,0.00013222807468777918,-6.577618028159804e-05,0.0,SCHQ,SPTL,-6.577618028159804e-05,0.00013222807468777918,0.0001980042549693772,True,False,True,SCHQ,SPTL,,,1,0,3812.0,0.0,-3773.0,3773.0,3773.0,-0.0,3194.0,0.0,3161.0,-3161.0,0.0,3161.0,1812.0,0.0,0.0,0.0,0.0,-0.0,-18.865000000000002,-0.28999999999999915,-0.010995371438879416,1094.169999999997,-100059.95999999999,-100059.95999999999,0.0,-2.779443333333333,-15.805,-0.33999999999999986,-0.010804045353345625,-1074.7399999999996,100014.04000000001,0.0,100014.04000000001,0.0,-0.0,-0.6000000000000014,-0.010814813410202899,-0.0,0.0,0.0,0.0,0.0,-34.67,19.429999999997335,-45.9199999999837,200074.0,-100059.95999999999,-2.779443333333333,-18.019443333336,-361.43055138888144,-361.43055138888144
122,2026-06-30,2026-07-01,1,26.23,25.99,31.3,31.02,55.18,54.66,2.1031165833012695,2.1039091331112445,2.1039608366133598,54.68194214358122,1.7620889748549322,1.762813687380504,1.7628451047034368,54.68345514790061,1.0,1.0,1.0,54.66,0.0004013490787815902,0.00042901787269569345,0.0,VGLT,SCHQ,0.0,0.00042901787269569345,0.00042901787269569345,False,False,False,,,,,0,0,3848.0,0.0,0.0,0.0,0.0,-0.0,3224.0,0.0,0.0,0.0,0.0,-0.0,1829.0,0.0,0.0,0.0,0.0,-0.0,-0.0,-0.240000000000002,-0.009191945225383445,-0.0,0.0,0.0,0.0,0.0,-0.0,-0.28000000000000114,-0.008985939797714842,-0.0,0.0,0.0,0.0,0.0,-0.0,-0.5200000000000031,-0.009468388289218128,-0.0,0.0,0.0,0.0,0.0,0.0,0.0,0.0,0.0,0.0,0.0,0.0,-361.43055138888144,-361.43055138888144
123,2026-07-01,2026-07-02,1,25.99,25.99,31.02,31.03,54.66,54.69,2.104270873412851,2.1039336335720105,2.1039091331112445,54.68059836956124,1.762487914921044,1.7627589110696351,1.762813687380504,54.700108719417045,1.0,1.0,1.0,54.69,-0.00017192244720371853,0.00018481962517756184,0.0,SPTL,SCHQ,-0.00017192244720371853,0.00018481962517756184,0.0003567420723812804,False,False,False,,,,,0,0,3846.0,0.0,0.0,0.0,0.0,-0.0,3222.0,0.0,0.0,0.0,0.0,-0.0,1828.0,0.0,0.0,0.0,0.0,-0.0,-0.0,0.0,0.0,0.0,0.0,0.0,0.0,0.0,-0.0,0.010000000000001563,0.00032232071189620547,0.0,0.0,0.0,0.0,0.0,-0.0,0.030000000000001137,0.0005486968587594479,0.0,0.0,0.0,0.0,0.0,0.0,0.0,0.0,0.0,0.0,0.0,0.0,-361.43055138888144,-361.43055138888144
124,2026-07-02,2026-07-06,4,25.99,25.98,31.03,31.01,54.69,54.63,2.1027713625866054,2.1038353899955267,2.1039336335720105,54.66019580020083,1.761689777491132,1.7626821096216112,1.7627589110696351,54.66315383226939,1.0,1.0,1.0,54.63,0.0005525802337179767,0.0006066955179498235,0.0,VGLT,SCHQ,0.0,0.0006066955179498235,0.0006066955179498235,False,False,False,,,,,0,0,3850.0,0.0,0.0,0.0,0.0,-0.0,3226.0,0.0,0.0,0.0,0.0,-0.0,1830.0,0.0,0.0,0.0,0.0,-0.0,-0.0,-0.00999999999999801,-0.0003848374109453497,-0.0,0.0,0.0,0.0,0.0,-0.0,-0.019999999999999574,-0.0006447453479312305,-0.0,0.0,0.0,0.0,0.0,-0.0,-0.05999999999999517,-0.0010976949510550147,-0.0,0.0,0.0,0.0,0.0,0.0,0.0,0.0,0.0,0.0,0.0,0.0,-361.43055138888144,-361.43055138888144
125,2026-07-06,2026-07-07,1,25.98,25.72,31.01,30.7,54.63,54.1,2.1034214618973563,2.1038186969270187,2.1038353899955267,54.11064623068494,1.7622149837133552,1.762635817924735,1.7626821096216112,54.11434076538346,1.0,1.0,1.0,54.1,0.00019676863765507064,0.0002650437153888809,0.0,VGLT,SCHQ,0.0,0.0002650437153888809,0.0002650437153888809,False,False,False,,,,,0,0,3888.0,0.0,0.0,0.0,0.0,-0.0,3257.0,0.0,0.0,0.0,0.0,-0.0,1848.0,0.0,0.0,0.0,0.0,-0.0,-0.0,-0.26000000000000156,-0.010058111873034885,-0.0,0.0,0.0,0.0,0.0,-0.0,-0.3100000000000023,-0.010047078519206163,-0.0,0.0,0.0,0.0,0.0,-0.0,-0.5300000000000011,-0.00974899655519051,-0.0,0.0,0.0,0.0,0.0,0.0,0.0,0.0,0.0,0.0,0.0,0.0,-361.43055138888144,-361.43055138888144
126,2026-07-07,2026-07-08,1,25.72,25.66,30.7,30.63,54.1,53.96,2.102883865939205,2.1037529368802774,2.1038186969270187,53.9839877631473,1.761671563826314,1.762576073640481,1.762635817924735,53.98953510303463,1.0,1.0,1.0,53.96,0.0004444483484305374,0.0005472020559128412,0.0,VGLT,SCHQ,0.0,0.0005472020559128412,0.0005472020559128412,False,False,False,,,,,0,0,3898.0,0.0,0.0,0.0,0.0,-0.0,3266.0,0.0,0.0,0.0,0.0,-0.0,1853.0,0.0,0.0,0.0,0.0,-0.0,-0.0,-0.05999999999999872,-0.0023355401819281866,-0.0,0.0,0.0,0.0,0.0,-0.0,-0.07000000000000028,-0.002282733748467636,-0.0,0.0,0.0,0.0,0.0,-0.0,-0.14000000000000057,-0.0025911545128806937,-0.0,0.0,0.0,0.0,0.0,0.0,0.0,0.0,0.0,0.0,0.0,0.0,-361.43055138888144,-361.43055138888144
127,2026-07-08,2026-07-09,1,25.66,25.71,30.63,30.67,53.96,54.05,2.102294826915597,2.103664583448494,2.1037529368802774,54.087488007191936,1.7623084447342678,1.762596257781956,1.762576073640481,54.058208178553556,1.0,1.0,1.0,54.05,0.0006933397360074067,0.00015185116297141866,0.0,VGLT,SPTL,0.0,0.0006933397360074067,0.0006933397360074067,False,False,False,,,,,0,0,3892.0,0.0,0.0,0.0,0.0,-0.0,3261.0,0.0,0.0,0.0,0.0,-0.0,1850.0,0.0,0.0,0.0,0.0,-0.0,-0.0,0.05000000000000071,0.001946662090307772,0.0,0.0,0.0,0.0,0.0,-0.0,0.0400000000000027,0.001305057281476375,0.0,0.0,0.0,0.0,0.0,-0.0,0.0899999999999963,0.0016665127456621557,0.0,0.0,0.0,0.0,0.0,0.0,0.0,0.0,0.0,0.0,0.0,0.0,-361.43055138888144,-361.43055138888144
128,2026-07-09,2026-07-10,1,25.71,25.69,30.67,30.67,54.05,54.05,2.1039314908524718,2.103643935337898,2.103664583448494,54.04314314879182,1.7623084447342678,1.7625862739108071,1.762596257781956,54.058827226172596,1.0,1.0,1.0,54.05,-0.00012686930951645814,0.00016330259829283356,0.0,SPTL,SCHQ,-0.00012686930951645814,0.00016330259829283356,0.0002901719078092917,False,False,False,,,,,0,0,3892.0,0.0,0.0,0.0,0.0,-0.0,3261.0,0.0,0.0,0.0,0.0,-0.0,1850.0,0.0,0.0,0.0,0.0,-0.0,-0.0,-0.019999999999999574,-0.0007782101560059129,-0.0,0.0,0.0,0.0,0.0,-0.0,0.0,0.0,0.0,0.0,0.0,0.0,0.0,-0.0,0.0,0.0,0.0,0.0,0.0,0.0,0.0,0.0,0.0,0.0,0.0,0.0,0.0,0.0,-361.43055138888144,-361.43055138888144
129,2026-07-10,2026-07-13,3,25.69,25.56,30.67,30.49,54.05,53.74,2.1025039123630673,2.1035584029867027,2.103643935337898,53.76913898723667,1.7625450967530338,1.7625311266932246,1.7625862739108071,53.74125549154051,1.0,1.0,1.0,53.74,0.0005420746222079395,2.3362055733812907e-05,0.0,VGLT,SPTL,0.0,0.0005420746222079395,0.0005420746222079395,False,False,False,,,,,0,0,3915.0,0.0,0.0,0.0,0.0,-0.0,3280.0,0.0,0.0,0.0,0.0,-0.0,1861.0,0.0,0.0,0.0,0.0,-0.0,-0.0,-0.13000000000000256,-0.005073181612458213,-0.0,0.0,0.0,0.0,0.0,-0.0,-0.18000000000000327,-0.00588621712599688,-0.0,0.0,0.0,0.0,0.0,-0.0,-0.30999999999999517,-0.005751940897872067,-0.0,0.0,0.0,0.0,0.0,0.0,0.0,0.0,0.0,0.0,0.0,0.0,-361.43055138888144,-361.43055138888144
130,2026-07-13,2026-07-14,1,25.56,25.61,30.49,30.54,53.74,53.84,2.1023037875829758,2.103427627723269,2.1035584029867027,53.87213070048946,1.7629338572364115,1.7625097577392048,1.7625311266932246,53.82770060921108,1.0,1.0,1.0,53.84,0.0005966032095649057,-0.00022846946248193293,0.0,SCHQ,SPTL,-0.00022846946248193293,0.0005966032095649057,0.0008250726720468386,False,True,False,,,SCHQ,SPTL,0,1,3906.0,-3906.0,0.0,-3906.0,0.0,3906.0,3273.0,3273.0,0.0,3273.0,3273.0,-0.0,1857.0,0.0,0.0,0.0,0.0,-0.0,-19.53,0.05000000000000071,0.0019542707020999035,0.0,0.0,0.0,0.0,0.0,-16.365000000000002,0.05000000000000071,0.001638538790322878,0.0,0.0,0.0,0.0,0.0,-0.0,0.10000000000000142,0.0018590821491272457,0.0,0.0,0.0,0.0,0.0,-35.895,0.0,0.0,0.0,0.0,0.0,-35.895,-397.3255513888814,-397.3255513888814
131,2026-07-14,2026-07-15,1,25.61,25.66,30.54,30.62,53.84,53.97,2.103273577552611,2.1033665659170735,2.103427627723269,53.97395292737908,1.7625734813847158,1.7624826545313244,1.7625097577392048,53.96804878197445,1.0,1.0,1.0,53.97,7.32403673138142e-05,-3.615440612049715e-05,0.0,SCHQ,SPTL,-3.615440612049715e-05,7.32403673138142e-05,0.00010939477343431135,False,False,True,SCHQ,SPTL,,,1,0,3898.0,0.0,-3906.0,3906.0,3906.0,-0.0,3266.0,0.0,3273.0,-3273.0,0.0,3273.0,1853.0,0.0,0.0,0.0,0.0,-0.0,-19.53,0.05000000000000071,0.001950458976056628,-195.30000000000277,-100032.66,-100032.66,0.0,-2.7786850000000003,-16.365000000000002,0.08000000000000185,0.002616090439051288,261.84000000000606,99957.42,0.0,99957.42,0.0,-0.0,0.12999999999999545,0.0024116512940790535,0.0,0.0,0.0,0.0,0.0,-35.895,66.54000000000329,-75.24000000000524,199990.08000000002,-100032.66,-2.7786850000000003,27.866315000003286,-369.45923638887814,-369.45923638887814
132,2026-07-15,2026-07-16,1,25.66,25.65,30.62,30.6,53.97,53.95,2.1033138401559457,2.103394748375597,2.1033665659170735,53.95135241577293,1.7630718954248366,1.762528054680287,1.7624826545313244,53.93196922865853,1.0,1.0,1.0,53.95,2.50676334026308e-05,-0.0003342684906157407,0.0,SCHQ,SPTL,-0.0003342684906157407,2.50676334026308e-05,0.0003593361240183715,False,False,False,,,,,0,0,3900.0,0.0,0.0,0.0,0.0,-0.0,3268.0,0.0,0.0,0.0,0.0,-0.0,1854.0,0.0,0.0,0.0,0.0,-0.0,-0.0,-0.010000000000001563,-0.000389787570711923,-0.0,0.0,0.0,0.0,0.0,-0.0,-0.019999999999999574,-0.0006533812712025694,-0.0,0.0,0.0,0.0,0.0,-0.0,-0.01999999999999602,-0.00037064492640764835,-0.0,0.0,0.0,0.0,0.0,0.0,0.0,0.0,0.0,0.0,0.0,0.0,-369.45923638887814,-369.45923638887814
133,2026-07-16,2026-07-17,1,25.65,25.73,30.6,30.7,53.95,54.1,2.1026039642440733,2.103366368062771,2.103394748375597,54.12034687570411,1.7622149837133552,1.7624901811881841,1.762528054680287,54.10961127868481,1.0,1.0,1.0,54.1,0.0003760268106924274,0.00017764186741834793,0.0,VGLT,SPTL,0.0,0.0003760268106924274,0.0003760268106924274,False,False,False,,,,,0,0,3887.0,0.0,0.0,0.0,0.0,-0.0,3257.0,0.0,0.0,0.0,0.0,-0.0,1848.0,0.0,0.0,0.0,0.0,-0.0,-0.0,0.08000000000000185,0.003114054676874393,0.0,0.0,0.0,0.0,0.0,-0.0,0.09999999999999787,0.0032626456348163694,0.0,0.0,0.0,0.0,0.0,-0.0,0.14999999999999858,0.002776494148292223,0.0,0.0,0.0,0.0,0.0,0.0,0.0,0.0,0.0,0.0,0.0,0.0,-369.45923638887814,-369.45923638887814
134,2026-07-17,2026-07-20,3,25.73,25.56,30.7,30.5,54.1,53.75,2.1028951486697967,2.103359034241508,2.103366368062771,53.76204436768443,1.7622950819672132,1.7624755535147156,1.7624901811881841,53.755950526239616,1.0,1.0,1.0,53.75,0.00022405615678988523,0.00011070133730399297,0.0,VGLT,SPTL,0.0,0.00022405615678988523,0.00022405615678988523,False,False,False,,,,,0,0,3912.0,0.0,0.0,0.0,0.0,-0.0,3278.0,0.0,0.0,0.0,0.0,-0.0,1860.0,0.0,0.0,0.0,0.0,-0.0,-0.0,-0.1700000000000017,-0.0066289967843187825,-0.0,0.0,0.0,0.0,0.0,-0.0,-0.1999999999999993,-0.006535970979785533,-0.0,0.0,0.0,0.0,0.0,-0.0,-0.3500000000000014,-0.006490518844663629,-0.0,0.0,0.0,0.0,0.0,0.0,0.0,0.0,0.0,0.0,0.0,0.0,-369.45923638887814,-369.45923638887814
135,2026-07-20,2026-07-21,1,25.56,25.48,30.5,30.4,53.75,53.59,2.1032182103610677,2.1033514914670652,2.103359034241508,53.593588192473625,1.7628289473684213,1.7624873890769126,1.7624755535147156,53.579256826847356,1.0,1.0,1.0,53.59,6.69541398169466e-05,-0.00020048983275105622,0.0,SCHQ,SPTL,-0.00020048983275105622,6.69541398169466e-05,0.0002674439725680028,False,False,False,,,,,0,0,3925.0,0.0,0.0,0.0,0.0,-0.0,3289.0,0.0,0.0,0.0,0.0,-0.0,1866.0,0.0,0.0,0.0,0.0,-0.0,-0.0,-0.0799999999999983,-0.003134798805371392,-0.0,0.0,0.0,0.0,0.0,-0.0,-0.10000000000000142,-0.003284075201189996,-0.0,0.0,0.0,0.0,0.0,-0.0,-0.1599999999999966,-0.002981183501013211,-0.0,0.0,0.0,0.0,0.0,0.0,0.0,0.0,0.0,0.0,0.0,0.0,-369.45923638887814,-369.45923638887814
136,2026-07-21,2026-07-22,1,25.48,25.4,30.4,30.32,53.59,53.42,2.1031496062992128,2.103267961835584,2.1033514914670652,53.42512788326346,1.761873350923483,1.762492680062088,1.7624873890769126,53.43861763681199,1.0,1.0,1.0,53.42,9.598721755458267e-05,0.0003484536373780138,0.0,VGLT,SCHQ,0.0,0.0003484536373780138,0.0003484536373780138,False,False,False,,,,,0,0,3937.0,0.0,0.0,0.0,0.0,-0.0,3299.0,0.0,0.0,0.0,0.0,-0.0,1872.0,0.0,0.0,0.0,0.0,-0.0,-0.0,-0.08000000000000185,-0.0031446566794717194,-0.0,0.0,0.0,0.0,0.0,-0.0,-0.0799999999999983,-0.0026350476380050023,-0.0,0.0,0.0,0.0,0.0,-0.0,-0.1700000000000017,-0.00317727582494407,-0.0,0.0,0.0,0.0,0.0,0.0,0.0,0.0,0.0,0.0,0.0,0.0,-369.45923638887814,-369.45923638887814
137,2026-07-22,2026-07-23,1,25.4,25.31,30.32,30.21,53.42,53.25,2.103911497431845,2.103231198210765,2.103267961835584,53.233712114058626,1.7626613704071499,1.7624770144052302,1.762492680062088,53.24490386467568,1.0,1.0,1.0,53.25,-0.00030592258186781655,-9.570665155377531e-05,0.0,SPTL,VGLT,-0.00030592258186781655,0.0,0.00030592258186781655,False,False,False,,,,,0,0,3950.0,0.0,0.0,0.0,0.0,-0.0,3310.0,0.0,0.0,0.0,0.0,-0.0,1878.0,0.0,0.0,0.0,0.0,-0.0,-0.0,-0.08999999999999986,-0.003549599467458252,-0.0,0.0,0.0,0.0,0.0,-0.0,-0.10999999999999943,-0.0036345653755902444,-0.0,0.0,0.0,0.0,0.0,-0.0,-0.1700000000000017,-0.003187403092280342,-0.0,0.0,0.0,0.0,0.0,0.0,0.0,0.0,0.0,0.0,0.0,0.0,-369.45923638887814,-369.45923638887814
138,2026-07-23,2026-07-24,1,25.31,25.36,30.21,30.27,53.25,53.34,2.1033123028391167,2.1031813938515875,2.103231198210765,53.337943186625004,1.7621407333994055,1.7624269896439149,1.7624770144052302,53.350179226046315,1.0,1.0,1.0,53.34,-3.8561174199884896e-05,0.0001908184267949883,0.0,SPTL,SCHQ,-3.8561174199884896e-05,0.0001908184267949883,0.0002293796009948732,False,False,False,,,,,0,0,3944.0,0.0,0.0,0.0,0.0,-0.0,3305.0,0.0,0.0,0.0,0.0,-0.0,1875.0,0.0,0.0,0.0,0.0,-0.0,-0.0,0.05000000000000071,0.0019735550119925884,0.0,0.0,0.0,0.0,0.0,-0.0,0.05999999999999872,0.0019841276350466854,0.0,0.0,0.0,0.0,0.0,-0.0,0.09000000000000341,0.001688714164333759,0.0,0.0,0.0,0.0,0.0,0.0,0.0,0.0,0.0,0.0,0.0,0.0,-369.45923638887814,-369.45923638887814
139,2026-07-24,2026-07-27,3,25.36,25.49,30.27,30.43,53.34,53.62,2.1035700274617497,2.103188132295267,2.1031813938515875,53.61009372927696,1.7620768977982253,1.7623941689216782,1.7624269896439149,53.63065329486433,1.0,1.0,1.0,53.62,-0.00018476661554033482,0.00019866163183335025,0.0,SPTL,SCHQ,-0.00018476661554033482,0.00019866163183335025,0.00038342824737368507,False,False,False,,,,,0,0,3922.0,0.0,0.0,0.0,0.0,-0.0,3287.0,0.0,0.0,0.0,0.0,-0.0,1865.0,0.0,0.0,0.0,0.0,-0.0,-0.0,0.129999999999999,0.005113088818998758,0.0,0.0,0.0,0.0,0.0,-0.0,0.16000000000000014,0.005271840875252465,0.0,0.0,0.0,0.0,0.0,-0.0,0.27999999999999403,0.005235614053944943,0.0,0.0,0.0,0.0,0.0,0.0,0.0,0.0,0.0,0.0,0.0,0.0,-369.45923638887814,-369.45923638887814
140,2026-07-27,2026-07-28,1,25.49,25.63,30.43,30.59,53.62,53.91,2.1033944596176357,2.1031919427572956,2.103188132295267,53.90471183072769,1.762340634194181,1.7623632865985173,1.7623941689216782,53.911637627314136,1.0,1.0,1.0,53.91,-9.809735956714423e-05,3.0376598803284767e-05,0.0,SPTL,SCHQ,-9.809735956714423e-05,3.0376598803284767e-05,0.00012847395837042898,False,False,True,,,,,0,0,3901.0,0.0,0.0,0.0,0.0,-0.0,3269.0,0.0,0.0,0.0,0.0,-0.0,1855.0,0.0,0.0,0.0,0.0,-0.0,-0.0,0.14000000000000057,0.005477321987955714,0.0,0.0,0.0,0.0,0.0,-0.0,0.16000000000000014,0.005244194253932335,0.0,0.0,0.0,0.0,0.0,-0.0,0.28999999999999915,0.005393856655764099,0.0,0.0,0.0,0.0,0.0,0.0,0.0,0.0,0.0,0.0,0.0,0.0,-369.45923638887814,-369.45923638887814
141,2026-07-28,2026-07-29,1,25.63,25.26,30.59,30.16,53.91,53.13,2.1033254156769594,2.103173310758071,2.1031919427572956,53.12662847404929,1.761604774535809,1.7622965604690777,1.7623632865985173,53.15287672381128,1.0,1.0,1.0,53.13,-6.346005892083317e-05,0.0004304874852798888,0.0,SPTL,SCHQ,-6.346005892083317e-05,0.0004304874852798888,0.000493947544200722,False,False,False,,,,,0,0,3958.0,0.0,0.0,0.0,0.0,-0.0,3317.0,0.0,0.0,0.0,0.0,-0.0,1882.0,0.0,0.0,0.0,0.0,-0.0,-0.0,-0.36999999999999744,-0.014541423453634588,-0.0,0.0,0.0,0.0,0.0,-0.0,-0.4299999999999997,-0.014156615023056703,-0.0,0.0,0.0,0.0,0.0,-0.0,-0.779999999999994,-0.014574249000725367,-0.0,0.0,0.0,0.0,0.0,0.0,0.0,0.0,0.0,0.0,0.0,0.0,-369.45923638887814,-369.45923638887814
142,2026-07-29,2026-07-30,1,25.26,25.25,30.16,30.13,53.13,53.1,2.102970297029703,2.1031659964444924,2.103173310758071,53.105126096641285,1.7623630932625292,1.7623102663894574,1.7622965604690777,53.09799536693331,1.0,1.0,1.0,53.1,9.653200054778312e-05,-3.775274778022947e-05,0.0,SCHQ,SPTL,-3.775274778022947e-05,9.653200054778312e-05,0.0001342847483280126,False,False,True,,,,,0,0,3960.0,0.0,0.0,0.0,0.0,-0.0,3318.0,0.0,0.0,0.0,0.0,-0.0,1883.0,0.0,0.0,0.0,0.0,-0.0,-0.0,-0.010000000000001563,-0.00039596120097629367,-0.0,0.0,0.0,0.0,0.0,-0.0,-0.030000000000001137,-0.0009951899975454606,-0.0,0.0,0.0,0.0,0.0,-0.0,-0.030000000000001137,-0.0005648122149586948,-0.0,0.0,0.0,0.0,0.0,0.0,0.0,0.0,0.0,0.0,0.0,0.0,-369.45923638887814,-369.45923638887814
143,2026-07-30,2026-07-31,1,25.25,25.08,30.13,29.94,53.1,52.77,2.1040669856459333,2.1031558020561465,2.1031659964444924,52.74740319082787,1.7625250501002003,1.7623121231484151,1.7623102663894574,52.76356937570036,1.0,1.0,1.0,52.77,-0.0004283048830667205,-0.00012186879199945516,0.0,SPTL,VGLT,-0.0004283048830667205,0.0,0.0004283048830667205,True,False,False,,,,,0,0,3985.0,0.0,0.0,0.0,0.0,-0.0,3340.0,0.0,0.0,0.0,0.0,-0.0,1895.0,0.0,0.0,0.0,0.0,-0.0,-0.0,-0.1700000000000017,-0.006755439956649003,-0.0,0.0,0.0,0.0,0.0,-0.0,-0.18999999999999773,-0.0063259741507275214,-0.0,0.0,0.0,0.0,0.0,-0.0,-0.3299999999999983,-0.006234080830316633,-0.0,0.0,0.0,0.0,0.0,0.0,0.0,0.0,0.0,0.0,0.0,0.0,-369.45923638887814,-369.45923638887814
144,2026-07-31,2026-08-03,3,25.08,25.08,29.94,29.92,52.77,52.75,2.103269537480064,2.103180710800819,2.1031558020561465,52.74714751556815,1.7630347593582887,1.7623793722417733,1.7623121231484151,52.72837872460058,1.0,1.0,1.0,52.75,-5.407699638748607e-05,-0.0004099660226802953,0.0,SCHQ,VGLT,-0.0004099660226802953,0.0,0.0004099660226802953,False,False,False,,,,,0,0,3988.0,0.0,0.0,0.0,0.0,-0.0,3341.0,0.0,0.0,0.0,0.0,-0.0,1896.0,0.0,0.0,0.0,0.0,-0.0,-0.0,0.0,0.0,0.0,0.0,0.0,0.0,0.0,-0.0,-0.019999999999999574,-0.0006682258852058418,-0.0,0.0,0.0,0.0,0.0,-0.0,-0.020000000000003126,-0.00037907506140062947,-0.0,0.0,0.0,0.0,0.0,0.0,0.0,0.0,0.0,0.0,0.0,0.0,-369.45923638887814,-369.45923638887814
145,2026-08-03,2026-08-04,1,25.08,25.29,29.92,30.15,52.75,53.16,2.1020166073546855,2.1031104680736856,2.103180710800819,53.189440176152715,1.76318407960199,1.762427827036205,1.7623793722417733,53.13573807308946,1.0,1.0,1.0,53.16,0.0005536498707652998,-0.00045649859103813315,0.0,SCHQ,SPTL,-0.00045649859103813315,0.0005536498707652998,0.001010148461803433,False,True,False,,,SCHQ,SPTL,0,1,3956.0,-3956.0,0.0,-3956.0,0.0,3956.0,3315.0,3315.0,0.0,3315.0,3315.0,-0.0,1881.0,0.0,0.0,0.0,0.0,-0.0,-19.78,0.21000000000000085,0.008338344917153849,0.0,0.0,0.0,0.0,0.0,-16.575,0.22999999999999687,0.0076577700669178475,0.0,0.0,0.0,0.0,0.0,-0.0,0.4099999999999966,0.007742461488868629,0.0,0.0,0.0,0.0,0.0,-36.355000000000004,0.0,0.0,0.0,0.0,0.0,-36.355000000000004,-405.81423638887816,-405.81423638887816
146,2026-08-04,2026-08-05,1,25.29,25.33,30.15,30.2,53.16,53.25,2.102250296091591,2.103078789581305,2.1031104680736856,53.27178815630646,1.7632450331125828,1.7625065005005183,1.762427827036205,53.22532037649339,1.0,1.0,1.0,53.25,0.00040908356848725014,-0.00046357454218150154,0.0,SCHQ,SPTL,-0.00046357454218150154,0.00040908356848725014,0.0008726581106687516,False,True,False,SCHQ,SPTL,SCHQ,SPTL,1,1,3950.0,-3950.0,-3956.0,6.0,6.0,-0.0,3310.0,3310.0,3315.0,-5.0,0.0,5.0,1878.0,0.0,0.0,0.0,0.0,-0.0,-0.03,0.03999999999999915,0.0015804033317099943,-158.23999999999663,-100047.23999999999,-100047.23999999999,0.0,-2.7790899999999996,-0.025,0.05000000000000071,0.0016570012076296086,165.75000000000236,99947.25,0.0,99947.25,0.0,-0.0,0.09000000000000341,0.0016915707444900548,0.0,0.0,0.0,0.0,0.0,-0.055,7.510000000005732,-99.98999999999069,199994.49,-100047.23999999999,-2.7790899999999996,4.675910000005732,-401.13832638887243,-401.13832638887243
147,2026-08-05,2026-08-06,1,25.33,25.18,30.2,30.04,53.25,52.94,2.102462271644162,2.1030871618177334,2.103078789581305,52.95552392165725,1.7623169107856191,1.7625069238030857,1.7625065005005183,52.94569527503557,1.0,1.0,1.0,52.94,0.0002931931623465134,0.0001075740217084674,0.0,VGLT,SPTL,0.0,0.0002931931623465134,0.0002931931623465134,False,False,False,SCHQ,SPTL,SCHQ,SPTL,1,1,3973.0,-3973.0,-3950.0,-23.0,0.0,23.0,3329.0,3329.0,3310.0,19.0,19.0,-0.0,1889.0,0.0,0.0,0.0,0.0,-0.0,-0.115,-0.14999999999999858,-0.00593943539738273,592.4999999999944,-100053.5,-100053.5,0.0,-2.779263888888889,-0.095,-0.16000000000000014,-0.0053120974848899416,-529.6000000000005,99962.0,0.0,99962.0,0.0,-0.0,-0.3100000000000023,-0.005838607790579306,-0.0,0.0,0.0,0.0,0.0,-0.21000000000000002,62.89999999999395,-91.5,200015.5,-100053.5,-2.779263888888889,59.91073611110506,-341.2275902777674,-341.2275902777674
148,2026-08-06,2026-08-07,1,25.18,25.25,30.04,30.11,52.94,53.08,2.1021782178217823,2.102999498166199,2.1030871618177334,53.102950835897765,1.7628694785785453,1.7625349754953,1.7625069238030857,53.06908347571091,1.0,1.0,1.0,53.08,0.0004322885373687268,-0.0002056828748798084,0.0,SCHQ,SPTL,-0.0002056828748798084,0.0004322885373687268,0.0006379714122485352,False,False,False,SCHQ,SPTL,SCHQ,SPTL,1,1,3962.0,-3962.0,-3973.0,11.0,11.0,-0.0,3321.0,3321.0,3329.0,-8.0,0.0,8.0,1884.0,0.0,0.0,0.0,0.0,-0.0,-0.055,0.07000000000000028,0.002776127105167756,-278.11000000000115,-100040.14,-100040.14,0.0,-2.7788927777777777,-0.04,0.07000000000000028,0.0023275155977084067,233.03000000000094,100003.16,0.0,100003.16,0.0,-0.0,0.14000000000000057,0.0026410126650516707,0.0,0.0,0.0,0.0,0.0,-0.095,-45.08000000000021,-36.979999999995925,200043.3,-100040.14,-2.7788927777777777,-47.95389277777799,-389.18148305554536,-389.18148305554536
149,2026-08-07,2026-08-10,3,25.25,25.05,30.11,29.87,53.08,52.68,2.102994011976048,2.103024003146848,2.102999498166199,52.680137429063286,1.7636424506193504,1.7625898431886156,1.7625349754953,52.64691971804461,1.0,1.0,1.0,52.68,2.608748747735612e-06,-0.0006281448870174091,0.0,SCHQ,SPTL,-0.0006281448870174091,2.608748747735612e-06,0.0006307536357651448,False,False,False,SCHQ,SPTL,SCHQ,SPTL,1,1,3991.0,-3991.0,-3962.0,-29.0,0.0,29.0,3345.0,3345.0,3321.0,24.0,24.0,-0.0,1898.0,0.0,0.0,0.0,0.0,-0.0,-0.145,-0.1999999999999993,-0.007952328190495035,792.3999999999971,-100040.5,-100040.5,0.0,-8.336708333333334,-0.12,-0.23999999999999844,-0.008002710265624003,-797.0399999999948,99995.31,0.0,99995.31,0.0,-0.0,-0.3999999999999986,-0.007564332588926432,-0.0,0.0,0.0,0.0,0.0,-0.265,-4.639999999997713,-45.19000000000233,200035.81,-100040.5,-8.336708333333334,-13.241708333331047,-402.4231913888764,-402.4231913888764
150,2026-08-10,2026-08-11,1,25.05,25.09,29.87,29.93,52.68,52.76,2.102829812674372,2.103050304401418,2.103024003146848,52.76487223895442,1.7627798195790176,1.7625821413057463,1.7625898431886156,52.75431400663526,1.0,1.0,1.0,52.76,9.234294919301099e-05,-0.0001077767206045881,0.0,SCHQ,SPTL,-0.0001077767206045881,9.234294919301099e-05,0.0002001196697975991,False,False,False,SCHQ,SPTL,SCHQ,SPTL,1,1,3985.0,-3985.0,-3991.0,6.0,6.0,-0.0,3340.0,3340.0,3345.0,-5.0,0.0,5.0,1895.0,0.0,0.0,0.0,0.0,-0.0,-0.03,0.03999999999999915,0.0015955328474571567,-159.6399999999966,-99974.55,-99974.55,0.0,-2.7770708333333336,-0.025,0.05999999999999872,0.002006689636589027,200.69999999999573,99915.15000000001,0.0,99915.15000000001,0.0,-0.0,0.0799999999999983,0.0015174509740336296,0.0,0.0,0.0,0.0,0.0,-0.055,41.05999999999912,-59.39999999999418,199889.7,-99974.55,-2.7770708333333336,38.22792916666579,-364.1952622222106,-364.1952622222106
151,2026-08-11,2026-08-12,1,25.09,25.09,29.93,29.93,52.76,52.74,2.1020326823435633,2.1029882596409655,2.103050304401418,52.76553213743158,1.762111593718677,1.7625590469224441,1.7625821413057463,52.75408348928099,1.0,1.0,1.0,52.74,0.0004839961926684955,0.00026700055394266516,0.0,VGLT,SPTL,0.0,0.0004839961926684955,0.0004839961926684955,False,False,False,SCHQ,SPTL,SCHQ,SPTL,1,1,3987.0,-3987.0,-3985.0,-2.0,0.0,2.0,3342.0,3342.0,3340.0,2.0,2.0,-0.0,1896.0,0.0,0.0,0.0,0.0,-0.0,-0.01,0.0,0.0,-0.0,-99983.65,-99983.65,0.0,-2.777323611111111,-0.01,0.0,0.0,0.0,99966.2,0.0,99966.2,0.0,-0.0,-0.01999999999999602,-0.00037914692397314964,-0.0,0.0,0.0,0.0,0.0,-0.02,0.0,-17.44999999999709,199949.84999999998,-99983.65,-2.777323611111111,-2.797323611111111,-366.9925858333217,-366.9925858333217
152,2026-08-12,2026-08-13,1,25.09,25.24,29.93,30.1,52.74,53.05,2.1018225039619653,2.1029136928312666,2.1029882596409655,53.07942367333796,1.7624584717607972,1.762528375739242,1.7625590469224441,53.05302731236557,1.0,1.0,1.0,53.05,0.0005544866460860327,5.706363792015799e-05,0.0,VGLT,SPTL,0.0,0.0005544866460860327,0.0005544866460860327,False,False,False,SCHQ,SPTL,SCHQ,SPTL,1,1,3964.0,-3964.0,-3987.0,23.0,23.0,-0.0,3322.0,3322.0,3342.0,-20.0,0.0,20.0,1885.0,0.0,0.0,0.0,0.0,-0.0,-0.115,0.14999999999999858,0.0059606772946813906,-598.0499999999944,-100033.83,-100033.83,0.0,-2.7787175,-0.1,0.1700000000000017,0.005663849890222448,568.1400000000057,100026.06,0.0,100026.06,0.0,-0.0,0.30999999999999517,0.0058606841348515125,0.0,0.0,0.0,0.0,0.0,-0.21500000000000002,-29.909999999988713,-7.7700000000040745,200059.89,-100033.83,-2.7787175,-32.903717499988716,-399.8963033333104,-399.8963033333104
153,2026-08-13,2026-08-14,1,25.24,25.07,30.1,29.92,53.05,52.72,2.102911846828879,2.102929086960507,2.1029136928312666,52.720046279279856,1.7620320855614973,1.7625192308316489,1.762528375739242,52.734849002118125,1.0,1.0,1.0,52.72,8.778311750369342e-07,0.00028161819692081974,0.0,VGLT,SCHQ,0.0,0.00028161819692081974,0.00028161819692081974,False,False,False,SCHQ,SPTL,SCHQ,SPTL,1,1,3989.0,-3989.0,-3964.0,-25.0,0.0,25.0,3344.0,3344.0,3322.0,22.0,22.0,-0.0,1897.0,0.0,0.0,0.0,0.0,-0.0,-0.125,-0.16999999999999815,-0.006758125502810304,673.8799999999927,-100051.36,-100051.36,0.0,-2.7792044444444444,-0.11,-0.17999999999999972,-0.005998018648553501,-597.959999999999,99992.20000000001,0.0,99992.20000000001,0.0,-0.0,-0.3299999999999983,-0.006239974865740335,-0.0,0.0,0.0,0.0,0.0,-0.235,75.9199999999937,-59.15999999998894,200043.56,-100051.36,-2.7792044444444444,72.90579555554926,-326.99050777776114,-326.99050777776114
