,bop date,eop date,day count,bop XLY price,eop XLY price,bop VCR price,eop VCR price,eop VCR / eop XLY,bop VCR / XLY moving avg,eop VCR / XLY moving avg,eop XLY unit price,eop VCR / eop VCR,bop VCR / VCR moving avg,eop VCR / VCR moving avg,eop VCR unit price,XLY unit price pct diff,VCR unit price pct diff,unit price pct diff,month end liquidation,go long,exit long,current_position,new_position,XLY shares per unit,bop XLY shares,eop XLY shares,eop XLY shares bought,eop XLY shares sold,eop XLY shares traded,VCR shares per unit,bop VCR shares,eop VCR shares,eop VCR shares bought,eop VCR shares sold,eop VCR shares traded,XLY daily commission,VCR daily commission,daily total commissions,XLY cop,XLY pct cop,XLY daily position pnl,VCR cop,VCR pct cop,VCR daily position pnl,daily position pnl,short XLY investment amount,long XLY investment amount,XLY investment amount,daily XLY borrow cost,short VCR investment amount,long VCR investment amount,VCR investment amount,daily VCR borrow cost,net investment amount,gross investment amount,short investment amount,daily borrow cost,daily net profit,cumulative net profit,drawdown
0,2024-01-02,2024-01-03,1,,86.785,,294.83,3.3972460678688714,,,,1.0,,,,,,,False,False,False,0,0,,,,,,,,,,,,,,,0.0,,,,,,,0.0,,,,,,,,,0.0,0.0,0.0,0.0,0.0,0.0,0.0
1,2024-01-03,2024-01-04,1,86.785,86.175,294.83,292.73,3.396924862199014,,,,1.0,,,,,,,False,False,False,0,0,,,,,,,,,,,,,,,0.0,-0.6099999999999994,-0.00705368326991586,,-2.099999999999966,-0.007148236578451315,,0.0,,,,,,,,,0.0,0.0,0.0,0.0,0.0,0.0,0.0
2,2024-01-04,2024-01-05,1,86.175,86.31,292.73,293.38,3.3991426254199975,,,,1.0,,,,,,,False,False,False,0,0,,,,,,,,,,,,,,,0.0,0.13500000000000512,0.0015653538286372396,,0.6499999999999773,0.0022180145927476274,,0.0,,,,,,,,,0.0,0.0,0.0,0.0,0.0,0.0,0.0
3,2024-01-05,2024-01-08,3,86.31,87.78,293.38,298.6,3.4016860332649808,,,,1.0,,,,,,,False,False,False,0,0,,,,,,,,,,,,,,,0.0,1.4699999999999989,0.016888218028521796,,5.220000000000027,0.017636188045473317,,0.0,,,,,,,,,0.0,0.0,0.0,0.0,0.0,0.0,0.0
4,2024-01-08,2024-01-09,1,87.78,87.455,298.6,297.51,3.401863815676634,,,,1.0,,,,,,,False,False,False,0,0,,,,,,,,,,,,,,,0.0,-0.32500000000000284,-0.0037093089010614526,,-1.0900000000000318,-0.0036570472389466655,,0.0,,,,,,,,,0.0,0.0,0.0,0.0,0.0,0.0,0.0
5,2024-01-09,2024-01-10,1,87.455,88.155,297.51,300.13,3.40457149339232,,,,1.0,,,,,,,False,False,False,0,0,,,,,,,,,,,,,,,0.0,0.7000000000000028,0.007972253373696954,,2.6200000000000045,0.008767876261616757,,0.0,,,,,,,,,0.0,0.0,0.0,0.0,0.0,0.0,0.0
6,2024-01-10,2024-01-11,1,88.155,88.04,300.13,299.59,3.402885052248977,,,,1.0,,,,,,,False,False,False,0,0,,,,,,,,,,,,,,,0.0,-0.11499999999999488,-0.001305372074462452,,-0.5400000000000205,-0.0018008408788643185,,0.0,,,,,,,,,0.0,0.0,0.0,0.0,0.0,0.0,0.0
7,2024-01-11,2024-01-12,1,88.04,86.98,299.59,296.38,3.407449988503104,,,,1.0,,,,,,,False,False,False,0,0,,,,,,,,,,,,,,,0.0,-1.0600000000000023,-0.012113049488768552,,-3.2099999999999795,-0.010772458486863376,,0.0,,,,,,,,,0.0,0.0,0.0,0.0,0.0,0.0,0.0
8,2024-01-12,2024-01-16,4,86.98,86.88,296.38,295.83,3.405041436464088,,,,1.0,,,,,,,False,False,False,0,0,,,,,,,,,,,,,,,0.0,-0.10000000000000853,-0.001150350983867116,,-0.5500000000000114,-0.0018574497496849705,,0.0,,,,,,,,,0.0,0.0,0.0,0.0,0.0,0.0,0.0
9,2024-01-16,2024-01-17,1,86.88,86.12,295.83,293.36,3.4064096609382255,,,,1.0,,,,,,,False,False,False,0,0,,,,,,,,,,,,,,,0.0,-0.7599999999999909,-0.008786183689462976,,-2.4699999999999704,-0.008384441249276777,,0.0,,,,,,,,,0.0,0.0,0.0,0.0,0.0,0.0,0.0
10,2024-01-17,2024-01-18,1,86.12,86.61,293.36,295.34,3.4099988453989143,,,,1.0,,,,,,,False,False,False,0,0,,,,,,,,,,,,,,,0.0,0.4899999999999949,0.0056736098467910735,,1.9799999999999613,0.006726711282557244,,0.0,,,,,,,,,0.0,0.0,0.0,0.0,0.0,0.0,0.0
11,2024-01-18,2024-01-19,1,86.61,87.445,295.34,298.17,3.409800445994626,,,,1.0,,,,,,,False,False,False,0,0,,,,,,,,,,,,,,,0.0,0.8349999999999937,0.009594741958201024,,2.830000000000041,0.009536558602396146,,0.0,,,,,,,,,0.0,0.0,0.0,0.0,0.0,0.0,0.0
12,2024-01-19,2024-01-22,3,87.445,87.06,298.17,297.75,3.4200551343900756,,,,1.0,,,,,,,False,False,False,0,0,,,,,,,,,,,,,,,0.0,-0.3849999999999909,-0.004412488177003037,,-0.4200000000000159,-0.0014095854126144958,,0.0,,,,,,,,,0.0,0.0,0.0,0.0,0.0,0.0,0.0
13,2024-01-22,2024-01-23,1,87.06,86.85,297.75,297.03,3.420034542314335,,,,1.0,,,,,,,False,False,False,0,0,,,,,,,,,,,,,,,0.0,-0.21000000000000796,-0.0024150434370376834,,-0.7200000000000273,-0.002421064432876549,,0.0,,,,,,,,,0.0,0.0,0.0,0.0,0.0,0.0,0.0
14,2024-01-23,2024-01-24,1,86.85,86.52,297.03,295.75,3.418284789644013,,,,1.0,,,,,,,False,False,False,0,0,,,,,,,,,,,,,,,0.0,-0.3299999999999983,-0.0038068916022558773,,-1.2799999999999727,-0.0043186409440367805,,0.0,,,,,,,,,0.0,0.0,0.0,0.0,0.0,0.0,0.0
15,2024-01-24,2024-01-25,1,86.52,85.45,295.75,293.49,3.4346401404330016,,,,1.0,,,,,,,False,False,False,0,0,,,,,,,,,,,,,,,0.0,-1.0699999999999932,-0.012444191523258041,,-2.259999999999991,-0.007670935721048935,,0.0,,,,,,,,,0.0,0.0,0.0,0.0,0.0,0.0,0.0
16,2024-01-25,2024-01-26,1,85.45,85.84,293.49,294.95,3.4360438024231126,,,,1.0,,,,,,,False,False,False,0,0,,,,,,,,,,,,,,,0.0,0.39000000000000057,0.004553688760843054,,1.4599999999999795,0.0049622833116370725,,0.0,,,,,,,,,0.0,0.0,0.0,0.0,0.0,0.0,0.0
17,2024-01-26,2024-01-29,3,85.84,87.095,294.95,298.6,3.42844020896722,,,,1.0,,,,,,,False,False,False,0,0,,,,,,,,,,,,,,,0.0,1.2549999999999955,0.014514378606981881,,3.650000000000034,0.012299034656005792,,0.0,,,,,,,,,0.0,0.0,0.0,0.0,0.0,0.0,0.0
18,2024-01-29,2024-01-30,1,87.095,87.045,298.6,297.78,3.420989143546441,,,,1.0,,,,,,,False,False,False,0,0,,,,,,,,,,,,,,,0.0,-0.04999999999999716,-0.0005742506187436981,,-0.82000000000005,-0.002749926277685789,,0.0,,,,,,,,,0.0,0.0,0.0,0.0,0.0,0.0,0.0
19,2024-01-30,2024-01-31,1,87.045,85.46,297.78,292.25,3.4197285279663,,3.412061830852713,,1.0,,1.0,,,,,True,False,False,0,0,,,,,,,,,,,,,,,0.0,-1.585000000000008,-0.018376796094802535,,-5.529999999999973,-0.0187453584752265,,0.0,,,,,,,,,0.0,0.0,0.0,0.0,0.0,0.0,0.0
20,2024-01-31,2024-02-01,1,85.46,87.105,292.25,298.26,3.424143275357327,3.412061830852713,3.4134066912271352,297.2076457764256,1.0,1.0,1.0,298.26,-0.0035345507908990975,0.0,-0.0035345507908990975,False,True,False,0,1,1143.0,0.0,1143.0,1143.0,-0.0,1143.0,335.0,0.0,-335.0,0.0,335.0,-335.0,-5.715,-1.675,-7.39,1.6450000000000102,0.01906585727624411,0.0,6.009999999999991,0.02035598898245833,0.0,0.0,0.0,0.0,0.0,0.0,0.0,0.0,0.0,0.0,0.0,0.0,0.0,0.0,-7.39,-7.39,-7.39
21,2024-02-01,2024-02-02,1,87.105,88.66,298.26,303.33,3.4212722761109857,3.4134066912271352,3.4146240619227344,302.6326372441978,1.0,1.0,1.0,303.33,-0.0023016701717486414,0.0,-0.0023016701717486414,False,True,False,1,1,1126.0,1143.0,1126.0,0.0,17.0,-17.0,330.0,-335.0,-330.0,5.0,-0.0,5.0,-0.085,-0.025,-0.11000000000000001,1.5549999999999926,0.017694541824784457,1777.3649999999916,5.069999999999993,0.01685573243678111,-1698.4499999999978,78.91499999999382,0.0,99561.015,99561.015,0.0,-99917.09999999999,0.0,-99917.09999999999,-2.7754749999999997,-356.08499999999185,199478.115,-99917.09999999999,-2.7754749999999997,76.02952499999382,68.63952499999382,0.0
22,2024-02-02,2024-02-05,3,88.66,87.41,303.33,299.0,3.420661251573047,3.4146240619227344,3.415699993230387,298.4722892526662,1.0,1.0,1.0,299.0,-0.0017664781917107778,0.0,-0.0017664781917107778,False,True,False,1,1,1140.0,1126.0,1140.0,14.0,-0.0,14.0,334.0,-330.0,-334.0,0.0,4.0,-4.0,-0.07,-0.02,-0.09000000000000001,-1.25,-0.014199136724510949,-1407.5,-4.329999999999984,-0.014377748380730894,1428.8999999999946,21.399999999994634,0.0,99831.15999999999,99831.15999999999,0.0,-100098.9,0.0,-100098.9,-8.341574999999999,-267.74000000000524,199930.06,-100098.9,-8.341574999999999,12.968424999994635,81.60794999998846,0.0
23,2024-02-05,2024-02-06,1,87.41,87.94,299.0,300.55,3.4176711394132364,3.415699993230387,3.4164992485377987,300.3766574046802,1.0,1.0,1.0,300.55,-0.0005769176587250357,0.0,-0.0005769176587250357,False,False,True,1,0,1137.0,1140.0,0.0,0.0,1140.0,-1140.0,333.0,-334.0,0.0,334.0,-0.0,334.0,-5.7,-1.67,-7.37,0.5300000000000011,0.00604507116026753,604.2000000000013,1.5500000000000114,0.005170556094484655,-517.7000000000038,86.4999999999975,0.0,99647.4,99647.4,0.0,-99866.0,0.0,-99866.0,-2.7740555555555555,-218.60000000000582,199513.4,-99866.0,-2.7740555555555555,76.35594444444195,157.96389444443042,0.0
24,2024-02-06,2024-02-07,1,87.94,88.925,300.55,303.38,3.411639021647456,3.4164992485377987,3.41698800883634,303.8121956762237,1.0,1.0,1.0,303.38,0.001423587958778454,0.0,0.001423587958778454,False,False,True,0,0,1127.0,0.0,0.0,0.0,-0.0,0.0,330.0,0.0,0.0,0.0,-0.0,0.0,-0.0,-0.0,0.0,0.9849999999999994,0.011138554081854879,0.0,2.829999999999984,0.009372015678355106,0.0,0.0,0.0,0.0,0.0,0.0,0.0,0.0,0.0,0.0,0.0,0.0,0.0,0.0,0.0,157.96389444443042,0.0
25,2024-02-07,2024-02-08,1,88.925,89.315,303.38,305.34,3.4186866707719865,3.41698800883634,3.417693767705324,305.1882840092177,1.0,1.0,1.0,305.34,-0.0004969990674598352,0.0,-0.0004969990674598352,False,False,True,0,0,1121.0,0.0,0.0,0.0,-0.0,0.0,328.0,0.0,0.0,0.0,-0.0,0.0,-0.0,-0.0,0.0,0.39000000000000057,0.004376129066328874,0.0,1.9599999999999795,0.006439764665269865,0.0,0.0,0.0,0.0,0.0,0.0,0.0,0.0,0.0,0.0,0.0,0.0,0.0,0.0,0.0,157.96389444443042,0.0
26,2024-02-08,2024-02-09,1,89.315,89.95,305.34,308.07,3.4249027237354084,3.417693767705324,3.418794651279645,307.4215544050939,1.0,1.0,1.0,308.07,-0.0021070828029371613,0.0,-0.0021070828029371613,False,True,False,0,1,1111.0,0.0,1111.0,1111.0,-0.0,1111.0,325.0,0.0,-325.0,0.0,325.0,-325.0,-5.555,-1.625,-7.18,0.6350000000000051,0.0070845134956944505,0.0,2.730000000000018,0.008901120049517002,0.0,0.0,0.0,0.0,0.0,0.0,0.0,0.0,0.0,0.0,0.0,0.0,0.0,0.0,-7.18,150.78389444443042,-7.180000000000007
27,2024-02-09,2024-02-12,3,89.95,89.875,308.07,308.65,3.434214186369958,3.418794651279645,3.4201328611729878,307.2641692837581,1.0,1.0,1.0,308.65,-0.004500084992460306,0.0,-0.004500084992460306,False,True,False,1,1,1108.0,1111.0,1108.0,0.0,3.0,-3.0,324.0,-325.0,-324.0,1.0,-0.0,1.0,-0.015,-0.005,-0.02,-0.07500000000000284,-0.0008341443553313468,-83.32500000000316,0.5799999999999841,0.0018809189615915005,-188.49999999999483,-271.824999999998,0.0,99934.45,99934.45,0.0,-100122.75,0.0,-100122.75,-8.3435625,-188.3000000000029,200057.2,-100122.75,-8.3435625,-280.188562499998,-129.40466805556758,-287.368562499998
28,2024-02-12,2024-02-13,1,89.875,88.085,308.65,301.84,3.4266901288528127,3.4201328611729878,3.4212152957924244,301.26240307642263,1.0,1.0,1.0,301.84,-0.001915419660817819,0.0,-0.001915419660817819,False,True,False,1,1,1132.0,1108.0,1132.0,24.0,-0.0,24.0,331.0,-324.0,-331.0,0.0,7.0,-7.0,-0.12,-0.035,-0.155,-1.7900000000000063,-0.02011755866210722,-1983.320000000007,-6.810000000000002,-0.02231087318384991,2206.4400000000005,223.11999999999352,0.0,99581.5,99581.5,0.0,-100002.59999999999,0.0,-100002.59999999999,-2.77785,-421.09999999999127,199584.09999999998,-100002.59999999999,-2.77785,220.18714999999352,90.78248194442594,-67.18141250000448
29,2024-02-13,2024-02-14,1,88.085,89.015,301.84,305.25,3.4291973262933215,3.4212152957924244,3.4223546790601795,304.53947955496267,1.0,1.0,1.0,305.25,-0.002330380534299273,0.0,-0.002330380534299273,False,True,False,1,1,1122.0,1132.0,1122.0,0.0,10.0,-10.0,328.0,-331.0,-328.0,3.0,-0.0,3.0,-0.05,-0.015,-0.065,0.9300000000000068,0.010502637477722364,1052.7600000000077,3.410000000000025,0.011234037334759198,-1128.7100000000082,-75.9500000000005,0.0,99712.21999999999,99712.21999999999,0.0,-99909.04,0.0,-99909.04,-2.775251111111111,-196.82000000000698,199621.25999999998,-99909.04,-2.775251111111111,-78.79025111111162,11.992230833314323,-145.9716636111161
30,2024-02-14,2024-02-15,1,89.015,90.045,305.25,308.89,3.4303959131545336,3.4223546790601795,3.42337453244796,308.16592707597385,1.0,1.0,1.0,308.89,-0.002346864277904189,0.0,-0.002346864277904189,False,True,False,1,1,1109.0,1122.0,1109.0,0.0,13.0,-13.0,324.0,-328.0,-324.0,4.0,-0.0,4.0,-0.065,-0.02,-0.085,1.0300000000000011,0.011504650515090085,1155.6600000000012,3.6399999999999864,0.011854113473481776,-1193.9199999999955,-38.25999999999431,0.0,99874.83,99874.83,0.0,-100122.0,0.0,-100122.0,-2.7811666666666666,-247.16999999999825,199996.83000000002,-100122.0,-2.7811666666666666,-41.12616666666097,-29.133935833346648,-187.09783027777706
31,2024-02-15,2024-02-16,1,90.045,89.51,308.89,307.36,3.433806278628086,3.42337453244796,3.4245748240796323,306.4262543994169,1.0,1.0,1.0,307.36,-0.003042578142534328,0.0,-0.003042578142534328,False,True,False,1,1,1113.0,1109.0,1113.0,4.0,-0.0,4.0,325.0,-324.0,-325.0,0.0,1.0,-1.0,-0.02,-0.005,-0.025,-0.5349999999999966,-0.005959194489068452,-593.3149999999962,-1.5299999999999727,-0.004965527444049303,495.71999999999116,-97.59500000000503,0.0,99859.905,99859.905,0.0,-100080.36,0.0,-100080.36,-2.7800100000000003,-220.45500000000175,199940.265,-100080.36,-2.7800100000000003,-100.40001000000504,-129.53394583335168,-287.4978402777821
32,2024-02-16,2024-02-20,4,89.51,88.665,307.36,304.08,3.4295381492133306,3.4245748240796323,3.4250489748207955,303.6399267770206,1.0,1.0,1.0,304.08,-0.0014482766830917532,0.0,-0.0014482766830917532,False,True,False,1,1,1127.0,1113.0,1127.0,14.0,-0.0,14.0,329.0,-325.0,-329.0,0.0,4.0,-4.0,-0.07,-0.02,-0.09000000000000001,-0.8449999999999989,-0.009485127938405113,-940.4849999999988,-3.2800000000000296,-0.010728874339253278,1066.0000000000095,125.51500000001079,0.0,99624.63,99624.63,0.0,-99892.0,0.0,-99892.0,-11.099111111111112,-267.36999999999534,199516.63,-99892.0,-11.099111111111112,114.32588888889967,-15.20805694445201,-173.17195138888243
33,2024-02-20,2024-02-21,1,88.665,89.32,304.08,305.74,3.4229735781459922,3.4250489748207955,3.4251959266123784,305.92537443099343,1.0,1.0,1.0,305.74,0.0006061302287752396,0.0,0.0006061302287752396,False,False,True,1,0,1120.0,1127.0,0.0,0.0,1127.0,-1127.0,327.0,-329.0,0.0,329.0,-0.0,329.0,-5.635,-1.645,-7.279999999999999,0.6549999999999869,0.0073602040275143965,738.1849999999853,1.660000000000025,0.005444242891894796,-546.1400000000083,192.044999999977,0.0,99925.455,99925.455,0.0,-100042.31999999999,0.0,-100042.31999999999,-2.7789533333333334,-116.86499999999069,199967.775,-100042.31999999999,-2.7789533333333334,181.98604666664366,166.77798972219165,0.0
34,2024-02-21,2024-02-22,1,89.32,91.055,305.74,311.62,3.422327164900335,3.4251959266123784,3.425398045375195,311.88121509769013,1.0,1.0,1.0,311.62,0.0008378976869576404,0.0,0.0008378976869576404,False,False,True,0,0,1099.0,0.0,0.0,0.0,-0.0,0.0,321.0,0.0,0.0,0.0,-0.0,0.0,-0.0,-0.0,0.0,1.7350000000000136,0.019238292575826016,0.0,5.8799999999999955,0.019049429216320374,0.0,0.0,0.0,0.0,0.0,0.0,0.0,0.0,0.0,0.0,0.0,0.0,0.0,0.0,0.0,166.77798972219165,0.0
35,2024-02-22,2024-02-23,1,91.055,90.645,311.62,310.43,3.4246786915990954,3.425398045375195,3.4248999729335,310.49520582303455,1.0,1.0,1.0,310.43,0.0002100279475297715,0.0,0.0002100279475297715,False,False,True,0,0,1103.0,0.0,0.0,0.0,-0.0,0.0,322.0,0.0,0.0,0.0,-0.0,0.0,-0.0,-0.0,0.0,-0.4100000000000108,-0.004512941066151613,-0.0,-1.1899999999999977,-0.0038260636658693148,-0.0,0.0,0.0,0.0,0.0,0.0,0.0,0.0,0.0,0.0,0.0,0.0,0.0,0.0,0.0,166.77798972219165,0.0
36,2024-02-23,2024-02-26,3,90.645,90.925,310.43,311.18,3.422381083310421,3.4248999729335,3.4242168369778647,311.40903003897847,1.0,1.0,1.0,311.18,0.0007357342910309809,0.0,0.0007357342910309809,False,False,True,0,0,1099.0,0.0,0.0,0.0,-0.0,0.0,321.0,0.0,0.0,0.0,-0.0,0.0,-0.0,-0.0,0.0,0.28000000000000114,0.0030842123914211254,0.0,0.75,0.0024130897634773293,0.0,0.0,0.0,0.0,0.0,0.0,0.0,0.0,0.0,0.0,0.0,0.0,0.0,0.0,0.0,166.77798972219165,0.0
37,2024-02-26,2024-02-27,1,90.925,91.225,311.18,312.74,3.4282269114825983,3.4242168369778647,3.4242061721036334,312.3741809533057,1.0,1.0,1.0,312.74,-0.0011704072619062467,0.0,-0.0011704072619062467,False,False,True,0,0,1096.0,0.0,0.0,0.0,-0.0,0.0,320.0,0.0,0.0,0.0,-0.0,0.0,-0.0,-0.0,0.0,0.29999999999999716,0.0032939914494585563,0.0,1.5600000000000023,0.005000651528547613,0.0,0.0,0.0,0.0,0.0,0.0,0.0,0.0,0.0,0.0,0.0,0.0,0.0,0.0,0.0,166.77798972219165,0.0
38,2024-02-27,2024-02-28,1,91.225,91.585,312.74,313.36,3.4215209914287277,3.4242061721036334,3.4242327644977477,313.60592227211123,1.0,1.0,1.0,313.36,0.0007844837366344082,0.0,0.0007844837366344082,False,False,True,0,0,1092.0,0.0,0.0,0.0,-0.0,0.0,319.0,0.0,0.0,0.0,-0.0,0.0,-0.0,-0.0,0.0,0.35999999999999943,0.003938520489668912,0.0,0.6200000000000045,0.001980514942211594,0.0,0.0,0.0,0.0,0.0,0.0,0.0,0.0,0.0,0.0,0.0,0.0,0.0,0.0,0.0,166.77798972219165,0.0
39,2024-02-28,2024-02-29,1,91.585,92.205,313.36,315.74,3.4243262295970935,3.4242327644977477,3.4244626495792874,315.7313820505148,1.0,1.0,1.0,315.74,-2.7294822000490763e-05,0.0,-2.7294822000490763e-05,True,False,True,0,0,1085.0,0.0,0.0,0.0,-0.0,0.0,317.0,0.0,0.0,0.0,-0.0,0.0,-0.0,-0.0,0.0,0.6200000000000045,0.006746856214902227,0.0,2.3799999999999955,0.0075664007460048656,0.0,0.0,0.0,0.0,0.0,0.0,0.0,0.0,0.0,0.0,0.0,0.0,0.0,0.0,0.0,166.77798972219165,0.0
40,2024-02-29,2024-03-01,1,92.205,92.51,315.74,317.39,3.430872338125608,3.4244626495792874,3.4247991027177016,316.7970397125799,1.0,1.0,1.0,317.39,-0.0018699860548390507,0.0,-0.0018699860548390507,False,True,False,0,1,1079.0,0.0,1079.0,1079.0,-0.0,1079.0,315.0,0.0,-315.0,0.0,315.0,-315.0,-5.3950000000000005,-1.575,-6.970000000000001,0.3050000000000068,0.0033023877561449027,0.0,1.6499999999999773,0.005212211506266495,0.0,0.0,0.0,0.0,0.0,0.0,0.0,0.0,0.0,0.0,0.0,0.0,0.0,0.0,-6.970000000000001,159.80798972219165,-6.969999999999999
41,2024-03-01,2024-03-04,3,92.51,91.26,317.39,313.59,3.4362261669953975,3.4247991027177016,3.425546797261922,312.54716611401744,1.0,1.0,1.0,313.59,-0.0033310108604360567,0.0,-0.0033310108604360567,False,True,False,1,1,1093.0,1079.0,1093.0,14.0,-0.0,14.0,319.0,-315.0,-319.0,0.0,4.0,-4.0,-0.07,-0.02,-0.09000000000000001,-1.25,-0.013604171283970741,-1348.75,-3.8000000000000114,-0.012044901397121879,1197.0000000000036,-151.74999999999636,0.0,99818.29000000001,99818.29000000001,0.0,-99977.84999999999,0.0,-99977.84999999999,-8.3314875,-159.55999999998312,199796.14,-99977.84999999999,-8.3314875,-160.17148749999637,-0.36349777780472436,-167.14148749999637
42,2024-03-04,2024-03-05,1,91.26,90.125,313.59,309.99,3.4395561719833565,3.425546797261922,3.426491543282437,308.7274051032307,1.0,1.0,1.0,309.99,-0.004081335481993136,0.0,-0.004081335481993136,False,True,False,1,1,1106.0,1093.0,1106.0,13.0,-0.0,13.0,323.0,-319.0,-323.0,0.0,4.0,-4.0,-0.065,-0.02,-0.085,-1.1350000000000051,-0.012514979894143411,-1240.5550000000055,-3.599999999999966,-0.011546361318352094,1148.3999999999892,-92.15500000001634,0.0,99747.18000000001,99747.18000000001,0.0,-100035.20999999999,0.0,-100035.20999999999,-2.7787558333333333,-288.0299999999843,199782.39,-100035.20999999999,-2.7787558333333333,-95.01875583334967,-95.3822536111544,-262.16024333334605
43,2024-03-05,2024-03-06,1,90.125,89.805,309.99,308.67,3.437113746450643,3.426491543282437,3.4274636736343083,307.7160730444793,1.0,1.0,1.0,308.67,-0.0030952280034339764,0.0,-0.0030952280034339764,False,True,False,1,1,1110.0,1106.0,1110.0,4.0,-0.0,4.0,324.0,-323.0,-324.0,0.0,1.0,-1.0,-0.02,-0.005,-0.025,-0.3199999999999932,-0.0035569425596880104,-353.91999999999246,-1.3199999999999932,-0.004267293838544712,426.3599999999978,72.44000000000534,0.0,99678.25,99678.25,0.0,-100126.77,0.0,-100126.77,-2.781299166666667,-448.5200000000041,199805.02000000002,-100126.77,-2.781299166666667,69.63370083333866,-25.748552777815732,-192.5265425000074
44,2024-03-06,2024-03-07,1,89.805,90.49,308.67,311.21,3.4391645485689026,3.4274636736343083,3.42883994998038,310.15118782716854,1.0,1.0,1.0,311.21,-0.0034080442048691015,0.0,-0.0034080442048691015,False,True,False,1,1,1100.0,1110.0,1100.0,0.0,10.0,-10.0,321.0,-324.0,-321.0,3.0,-0.0,3.0,-0.05,-0.015,-0.065,0.6849999999999881,0.007598694317616639,760.3499999999867,2.5399999999999636,0.008195180408224811,-822.9599999999882,-62.61000000000149,0.0,99683.55,99683.55,0.0,-100009.08,0.0,-100009.08,-2.77803,-325.52999999999884,199692.63,-100009.08,-2.77803,-65.45303000000149,-91.20158277781722,-257.9795725000089
45,2024-03-07,2024-03-08,1,90.49,90.155,311.21,310.16,3.440297265819977,3.42883994998038,3.42992047973278,309.1270656904812,1.0,1.0,1.0,310.16,-0.0033358851641849424,0.0,-0.0033358851641849424,False,True,False,1,1,1104.0,1100.0,1104.0,4.0,-0.0,4.0,322.0,-321.0,-322.0,0.0,1.0,-1.0,-0.02,-0.005,-0.025,-0.33499999999999375,-0.003708936134710113,-368.4999999999931,-1.0499999999999545,-0.003379632101379692,337.0499999999854,-31.45000000000772,0.0,99539.0,99539.0,0.0,-99898.40999999999,0.0,-99898.40999999999,-2.774955833333333,-359.40999999998894,199437.40999999997,-99898.40999999999,-2.774955833333333,-34.24995583334105,-125.45153861115827,-292.2295283333499
46,2024-03-08,2024-03-11,3,90.155,89.91,310.16,309.0,3.4367701034367704,3.42992047973278,3.4305138487178484,308.3841503327742,1.0,1.0,1.0,309.0,-0.0019950297433389344,0.0,-0.0019950297433389344,False,True,False,1,1,1111.0,1104.0,1111.0,7.0,-0.0,7.0,324.0,-322.0,-324.0,0.0,2.0,-2.0,-0.035,-0.01,-0.045000000000000005,-0.24500000000000455,-0.0027212412316502043,-270.480000000005,-1.160000000000025,-0.0037470164649283555,373.52000000000805,103.04000000000303,0.0,99531.12,99531.12,0.0,-99871.52,0.0,-99871.52,-8.322626666666668,-340.40000000000873,199402.64,-99871.52,-8.322626666666668,94.67237333333637,-30.779165277821903,-197.55715500001355
47,2024-03-11,2024-03-12,1,89.91,90.685,309.0,311.64,3.4365109996140486,3.4305138487178484,3.430628689380053,311.0961483709781,1.0,1.0,1.0,311.64,-0.0017466523140162308,0.0,-0.0017466523140162308,False,True,False,1,1,1101.0,1111.0,1101.0,0.0,10.0,-10.0,321.0,-324.0,-321.0,3.0,-0.0,3.0,-0.05,-0.015,-0.065,0.7750000000000057,0.008582793072705113,861.0250000000063,2.6399999999999864,0.008507398564911868,-855.3599999999956,5.665000000010764,0.0,99890.01,99890.01,0.0,-100116.0,0.0,-100116.0,-2.7809999999999997,-225.99000000000524,200006.01,-100116.0,-2.7809999999999997,2.819000000010764,-27.96016527781114,-194.7381550000028
48,2024-03-12,2024-03-13,1,90.685,90.495,311.64,311.73,3.4447207028012596,3.430628689380053,3.4315302180774743,310.4547432454479,1.0,1.0,1.0,311.73,-0.004099292225344702,0.0,-0.004099292225344702,False,True,False,1,1,1101.0,1101.0,1101.0,0.0,-0.0,0.0,321.0,-321.0,-321.0,0.0,-0.0,0.0,-0.0,-0.0,0.0,-0.18999999999999773,-0.0020973625085518094,-209.1899999999975,0.09000000000003183,0.0002887530700078038,-28.890000000010218,-238.08000000000771,0.0,99844.185,99844.185,0.0,-100036.44,0.0,-100036.44,-2.7787900000000003,-192.25500000000466,199880.625,-100036.44,-2.7787900000000003,-240.8587900000077,-268.8189552778188,-435.59694500001046
49,2024-03-13,2024-03-14,1,90.495,89.92,311.73,309.75,3.4447286476868326,3.4315302180774743,3.43230678414715,308.5631972095265,1.0,1.0,1.0,309.75,-0.0038388449520253675,0.0,-0.0038388449520253675,False,True,False,1,1,1108.0,1101.0,1108.0,7.0,-0.0,7.0,323.0,-321.0,-323.0,0.0,2.0,-2.0,-0.035,-0.01,-0.045000000000000005,-0.5750000000000028,-0.006374214415453838,-633.0750000000031,-1.9800000000000182,-0.006371908023413271,635.5800000000058,2.505000000002724,0.0,99634.99500000001,99634.99500000001,0.0,-100065.33,0.0,-100065.33,-2.7795925,-430.33499999999185,199700.325,-100065.33,-2.7795925,-0.3195924999972761,-269.1385477778161,-435.91653750000773
50,2024-03-14,2024-03-15,1,89.92,89.025,309.75,306.65,3.4445380511092387,3.43230678414715,3.4330138910448857,305.56111145870005,1.0,1.0,1.0,306.65,-0.0035572359571573635,0.0,-0.0035572359571573635,False,True,False,1,1,1119.0,1108.0,1119.0,11.0,-0.0,11.0,326.0,-323.0,-326.0,0.0,3.0,-3.0,-0.055,-0.015,-0.07,-0.894999999999996,-0.010003156981539429,-991.6599999999955,-3.1000000000000227,-0.010058488437259133,1001.3000000000073,9.64000000001181,0.0,99631.36,99631.36,0.0,-100049.25,0.0,-100049.25,-2.7791458333333336,-417.8899999999994,199680.61,-100049.25,-2.7791458333333336,6.790854166678476,-262.34769361113763,-429.1256833333293
51,2024-03-15,2024-03-18,3,89.025,89.51,306.65,308.22,3.4434141436710983,3.4330138910448857,3.433494284297036,307.2890733874277,1.0,1.0,1.0,308.22,-0.0030249020287642973,0.0,-0.0030249020287642973,False,True,False,1,1,1112.0,1119.0,1112.0,0.0,7.0,-7.0,324.0,-326.0,-324.0,2.0,-0.0,2.0,-0.035,-0.01,-0.045000000000000005,0.48499999999999943,0.005433121719006199,542.7149999999993,1.57000000000005,0.0051067816352388775,-511.8200000000163,30.894999999983042,0.0,99618.975,99618.975,0.0,-99967.9,0.0,-99967.9,-8.330658333333332,-348.92499999998836,199586.875,-99967.9,-8.330658333333332,22.51934166664971,-239.8283519444879,-406.60634166667955
52,2024-03-18,2024-03-19,1,89.51,90.285,308.22,310.92,3.4437614221631505,3.433494284297036,3.434205447944527,309.9930314577579,1.0,1.0,1.0,310.92,-0.0029858263040101625,0.0,-0.0029858263040101625,False,True,False,1,1,1106.0,1112.0,1106.0,0.0,6.0,-6.0,322.0,-324.0,-322.0,2.0,-0.0,2.0,-0.03,-0.01,-0.04,0.7749999999999915,0.008620982784996126,861.7999999999905,2.6999999999999886,0.00872183065478747,-874.7999999999963,-13.000000000005798,0.0,99535.12000000001,99535.12000000001,0.0,-99863.28000000001,0.0,-99863.28000000001,-2.773980000000001,-328.1600000000035,199398.40000000002,-99863.28000000001,-2.773980000000001,-15.813980000005799,-255.64233194449372,-422.42032166668537
53,2024-03-19,2024-03-20,1,90.285,91.63,310.92,315.98,3.448433919022155,3.434205447944527,3.4354784649883356,314.67624519515704,1.0,1.0,1.0,315.98,-0.00413460319176019,0.0,-0.00413460319176019,False,True,False,1,1,1085.0,1106.0,1085.0,0.0,21.0,-21.0,316.0,-322.0,-316.0,6.0,-0.0,6.0,-0.105,-0.03,-0.135,1.3449999999999989,0.014787395309278048,1487.5699999999988,5.060000000000002,0.016143276082684087,-1629.3200000000006,-141.75000000000182,0.0,99855.20999999999,99855.20999999999,0.0,-100116.24,0.0,-100116.24,-2.781006666666667,-261.0300000000134,199971.45,-100116.24,-2.781006666666667,-144.66600666666847,-400.3083386111622,-567.0863283333538
54,2024-03-20,2024-03-21,1,91.63,92.165,315.98,317.97,3.4500081375793417,3.4354784649883356,3.4368625136222852,316.63087272564997,1.0,1.0,1.0,317.97,-0.0042203826675111895,0.0,-0.0042203826675111895,False,True,False,1,1,1079.0,1085.0,1079.0,0.0,6.0,-6.0,314.0,-316.0,-314.0,2.0,-0.0,2.0,-0.03,-0.01,-0.04,0.5350000000000108,0.005821719971015232,580.4750000000117,1.990000000000009,0.0062781182625703145,-628.8400000000029,-48.36499999999114,0.0,99418.54999999999,99418.54999999999,0.0,-99849.68000000001,0.0,-99849.68000000001,-2.7736022222222227,-431.1300000000192,199268.22999999998,-99849.68000000001,-2.7736022222222227,-51.178602222213364,-451.48694083337557,-618.2649305555672
55,2024-03-21,2024-03-22,1,92.165,91.36,317.97,315.05,3.4484457092819616,3.4368625136222852,3.4380508645064287,313.991759244532,1.0,1.0,1.0,315.05,-0.0033646152683682847,0.0,-0.0033646152683682847,False,True,False,1,1,1089.0,1079.0,1089.0,10.0,-0.0,10.0,317.0,-314.0,-317.0,0.0,3.0,-3.0,-0.05,-0.015,-0.065,-0.8050000000000068,-0.00877270304043689,-868.5950000000073,-2.920000000000016,-0.009225682319208745,916.880000000005,48.284999999997694,0.0,99446.035,99446.035,0.0,-99842.58,0.0,-99842.58,-2.7734050000000003,-396.54499999999825,199288.615,-99842.58,-2.7734050000000003,45.4465949999977,-406.04034583337784,-572.8183355555695
56,2024-03-22,2024-03-25,3,91.36,91.06,315.05,314.17,3.450142763013398,3.4380508645064287,3.4394389484915777,313.06891172195543,1.0,1.0,1.0,314.17,-0.003510909124139076,0.0,-0.003510909124139076,False,True,False,1,1,1093.0,1089.0,1093.0,4.0,-0.0,4.0,318.0,-317.0,-318.0,0.0,1.0,-1.0,-0.02,-0.005,-0.025,-0.29999999999999716,-0.0032891160010640073,-326.6999999999969,-0.8799999999999955,-0.0027971157107192037,278.95999999999856,-47.73999999999836,0.0,99491.04,99491.04,0.0,-99870.85,0.0,-99870.85,-8.322570833333334,-379.8100000000122,199361.89,-99870.85,-8.322570833333334,-56.0875708333317,-462.12791666670955,-628.9059063889013
57,2024-03-25,2024-03-26,1,91.06,91.175,314.17,314.19,3.4460104195228958,3.4394389484915777,3.440328123893593,313.5908461287196,1.0,1.0,1.0,314.19,-0.0019088000434996475,0.0,-0.0019088000434996475,False,True,False,1,1,1094.0,1093.0,1094.0,1.0,-0.0,1.0,318.0,-318.0,-318.0,0.0,-0.0,0.0,-0.005,-0.0,-0.005,0.11499999999999488,0.0012621067881078845,125.69499999999441,0.01999999999998181,6.365777581885145e-05,-6.359999999994216,119.33500000000019,0.0,99528.58,99528.58,0.0,-99906.06000000001,0.0,-99906.06000000001,-2.7751683333333337,-377.4800000000105,199434.64,-99906.06000000001,-2.7751683333333337,116.55483166666686,-345.5730850000427,-512.3510747222343
58,2024-03-26,2024-03-27,1,91.175,92.23,314.19,318.12,3.4492030792583757,3.440328123893593,3.4417122282850747,317.3014628667061,1.0,1.0,1.0,318.12,-0.0025763611520570008,0.0,-0.0025763611520570008,False,True,False,1,1,1080.0,1094.0,1080.0,0.0,14.0,-14.0,314.0,-318.0,-314.0,4.0,-0.0,4.0,-0.07,-0.02,-0.09000000000000001,1.0550000000000068,0.011504720552883744,1154.1700000000073,3.930000000000007,0.012430771635770532,-1249.740000000002,-95.5699999999947,0.0,99745.45,99745.45,0.0,-99912.42,0.0,-99912.42,-2.7753449999999997,-166.97000000000116,199657.87,-99912.42,-2.7753449999999997,-98.43534499999471,-444.0084300000374,-610.7864197222291
59,2024-03-27,2024-03-28,1,92.23,91.945,318.12,317.73,3.4556528359345267,3.4417122282850747,3.443278558601947,316.44823082967116,1.0,1.0,1.0,317.73,-0.004042304996872476,0.0,-0.004042304996872476,True,True,False,1,0,1084.0,1080.0,0.0,0.0,1080.0,-1080.0,315.0,-314.0,0.0,314.0,-0.0,314.0,-5.4,-1.57,-6.970000000000001,-0.2850000000000108,-0.0030948850548111586,-307.80000000001166,-0.38999999999998636,-0.0012267045652469201,122.45999999999572,-185.34000000001595,0.0,99608.40000000001,99608.40000000001,0.0,-99889.68000000001,0.0,-99889.68000000001,-2.7747133333333336,-281.27999999999884,199498.08000000002,-99889.68000000001,-2.7747133333333336,-195.08471333334927,-639.0931433333867,-805.8711330555784
60,2024-03-28,2024-04-01,4,91.945,91.26,317.73,315.72,3.4595660749506902,3.443278558601947,3.444713245443201,314.2336012580137,1.0,1.0,1.0,315.72,-0.004719082476845901,0.0,-0.004719082476845901,False,True,False,0,1,1092.0,0.0,1092.0,1092.0,-0.0,1092.0,317.0,0.0,-317.0,0.0,317.0,-317.0,-5.46,-1.585,-7.045,-0.6849999999999881,-0.007477996693559859,-0.0,-2.009999999999991,-0.006346220683485846,-0.0,0.0,0.0,0.0,0.0,0.0,0.0,0.0,0.0,0.0,0.0,0.0,0.0,0.0,-7.045,-646.1381433333867,-812.9161330555783
61,2024-04-01,2024-04-02,1,91.26,89.915,315.72,310.68,3.4552633042317744,3.444713245443201,3.44566510230502,309.7313914640254,1.0,1.0,1.0,310.68,-0.003058000830604851,0.0,-0.003058000830604851,False,True,False,1,1,1109.0,1092.0,1109.0,17.0,-0.0,17.0,322.0,-317.0,-322.0,0.0,5.0,-5.0,-0.085,-0.025,-0.11000000000000001,-1.3449999999999989,-0.014847795882096216,-1468.7399999999989,-5.0400000000000205,-0.01609230128875513,1597.6800000000064,128.94000000000756,0.0,99655.92000000001,99655.92000000001,0.0,-100083.24,0.0,-100083.24,-2.7800900000000004,-427.31999999999243,199739.16000000003,-100083.24,-2.7800900000000004,126.04991000000754,-520.0882333333791,-686.8662230555708
62,2024-04-02,2024-04-03,1,89.915,89.98,310.68,310.97,3.4559902200489,3.44566510230502,3.4464868047082975,310.0409459054057,1.0,1.0,1.0,310.97,-0.002992072181119045,0.0,-0.002992072181119045,False,True,False,1,1,1110.0,1109.0,1110.0,1.0,-0.0,1.0,322.0,-322.0,-322.0,0.0,-0.0,0.0,-0.005,-0.0,-0.005,0.06499999999999773,0.0007226437958660669,72.08499999999748,0.29000000000002046,0.0009330009524231071,-93.38000000000659,-21.29500000000911,0.0,99715.735,99715.735,0.0,-100038.96,0.0,-100038.96,-2.7788600000000003,-323.2250000000058,199754.695,-100038.96,-2.7788600000000003,-24.07886000000911,-544.1670933333882,-710.9450830555797
63,2024-04-03,2024-04-04,1,89.98,88.925,310.97,307.02,3.452572392465561,3.4464868047082975,3.4472597370090425,306.47883910868535,1.0,1.0,1.0,307.02,-0.0017641794806222068,0.0,-0.0017641794806222068,False,True,False,1,1,1124.0,1110.0,1124.0,14.0,-0.0,14.0,326.0,-322.0,-326.0,0.0,4.0,-4.0,-0.07,-0.02,-0.09000000000000001,-1.0550000000000068,-0.01179410557850746,-1171.0500000000075,-3.9500000000000455,-0.01278355245881423,1271.9000000000146,100.85000000000719,0.0,99877.8,99877.8,0.0,-100132.34000000001,0.0,-100132.34000000001,-2.781453888888889,-254.54000000000815,200010.14,-100132.34000000001,-2.781453888888889,97.97854611111829,-446.18854722226985,-612.9665369444615
64,2024-04-04,2024-04-05,1,88.925,89.42,307.02,309.28,3.458734063967792,3.4472597370090425,3.4482382127789877,308.2539656833486,1.0,1.0,1.0,309.28,-0.0033230083455288066,0.0,-0.0033230083455288066,False,True,False,1,1,1113.0,1124.0,1113.0,0.0,11.0,-11.0,323.0,-326.0,-323.0,3.0,-0.0,3.0,-0.055,-0.015,-0.07,0.49500000000000455,0.0055510529713156676,556.3800000000051,2.259999999999991,0.007334123414965233,-736.759999999997,-180.37999999999192,0.0,99951.7,99951.7,0.0,-100088.51999999999,0.0,-100088.51999999999,-2.7802366666666667,-136.81999999999243,200040.21999999997,-100088.51999999999,-2.7802366666666667,-183.23023666665858,-629.4187838889284,-796.1967736111201
65,2024-04-05,2024-04-08,3,89.42,90.27,309.28,311.7,3.452974410103024,3.4482382127789877,3.44887206999314,311.2724634675592,1.0,1.0,1.0,311.7,-0.0013725698153091886,0.0,-0.0013725698153091886,False,False,False,1,1,1107.0,1113.0,1107.0,0.0,6.0,-6.0,321.0,-323.0,-321.0,2.0,-0.0,2.0,-0.03,-0.01,-0.04,0.8499999999999943,0.009460808504228889,946.0499999999937,2.420000000000016,0.007794171313270711,-781.6600000000051,164.38999999998862,0.0,99524.46,99524.46,0.0,-99897.43999999999,0.0,-99897.43999999999,-8.324786666666666,-372.9799999999814,199421.9,-99897.43999999999,-8.324786666666666,156.02521333332197,-473.3935705556064,-640.1715602777981
66,2024-04-08,2024-04-09,1,90.27,90.695,311.7,312.93,3.450355587408347,3.44887206999314,3.449551344191719,312.7954523880278,1.0,1.0,1.0,312.93,-0.00043005319196265845,0.0,-0.00043005319196265845,False,False,True,1,0,1104.0,1107.0,0.0,0.0,1107.0,-1107.0,320.0,-321.0,0.0,321.0,-0.0,321.0,-5.535,-1.605,-7.140000000000001,0.42499999999999716,0.004697049499869162,470.47499999999684,1.2300000000000182,0.003938336582697989,-394.83000000000584,75.644999999991,0.0,99928.89,99928.89,0.0,-100055.7,0.0,-100055.7,-2.779325,-126.80999999999767,199984.59,-100055.7,-2.779325,65.725674999991,-407.6678955556154,-574.4458852778071
67,2024-04-09,2024-04-10,1,90.695,89.295,312.93,307.57,3.4444257797189093,3.449551344191719,3.4499470831969616,308.02768727959955,1.0,1.0,1.0,307.57,0.0014869690818817612,0.0,0.0014869690818817612,False,False,True,0,0,1121.0,0.0,0.0,0.0,-0.0,0.0,325.0,0.0,0.0,0.0,-0.0,0.0,-0.0,-0.0,0.0,-1.3999999999999915,-0.015556733536469605,-0.0,-5.360000000000014,-0.017276819739565637,-0.0,0.0,0.0,0.0,0.0,0.0,0.0,0.0,0.0,0.0,0.0,0.0,0.0,0.0,0.0,-407.6678955556154,-574.4458852778071
68,2024-04-10,2024-04-11,1,89.295,90.015,307.57,309.59,3.43931566961062,3.4499470831969616,3.4496768315374298,310.54698669397453,1.0,1.0,1.0,309.59,0.0030863743791217165,0.0,0.0030863743791217165,False,False,True,0,0,1114.0,0.0,0.0,0.0,-0.0,0.0,323.0,0.0,0.0,0.0,-0.0,0.0,-0.0,-0.0,0.0,0.7199999999999989,0.008030827836122807,0.0,2.019999999999982,0.006546137835898193,0.0,0.0,0.0,0.0,0.0,0.0,0.0,0.0,0.0,0.0,0.0,0.0,0.0,0.0,0.0,-407.6678955556154,-574.4458852778071
69,2024-04-11,2024-04-12,1,90.015,88.555,309.59,304.8,3.4419287448478344,3.4496768315374298,3.44953683639548,305.4861318167971,1.0,1.0,1.0,304.8,0.002248558733738996,0.0,0.002248558733738996,False,False,True,0,0,1131.0,0.0,0.0,0.0,-0.0,0.0,328.0,0.0,0.0,0.0,-0.0,0.0,-0.0,-0.0,0.0,-1.4599999999999937,-0.016352495200990188,-0.0,-4.789999999999964,-0.015593017639830732,-0.0,0.0,0.0,0.0,0.0,0.0,0.0,0.0,0.0,0.0,0.0,0.0,0.0,0.0,0.0,-407.6678955556154,-574.4458852778071
70,2024-04-12,2024-04-15,3,88.555,87.08,304.8,299.54,3.4398254478640333,3.44953683639548,3.449301206233219,300.3856677133184,1.0,1.0,1.0,299.54,0.002819243512834027,0.0,0.002819243512834027,False,False,True,0,0,1152.0,0.0,0.0,0.0,-0.0,0.0,334.0,0.0,0.0,0.0,-0.0,0.0,-0.0,-0.0,0.0,-1.4750000000000085,-0.016796591542248947,-0.0,-5.259999999999991,-0.01740785924824166,-0.0,0.0,0.0,0.0,0.0,0.0,0.0,0.0,0.0,0.0,0.0,0.0,0.0,0.0,0.0,-407.6678955556154,-574.4458852778071
71,2024-04-15,2024-04-16,1,87.08,86.585,299.54,298.18,3.4437835652826707,3.449301206233219,3.449319677313798,298.65774494170324,1.0,1.0,1.0,298.18,0.0016009210134193626,0.0,0.0016009210134193626,False,False,True,0,0,1156.0,0.0,0.0,0.0,-0.0,0.0,335.0,0.0,0.0,0.0,-0.0,0.0,-0.0,-0.0,0.0,-0.49500000000000455,-0.00570064596223259,-0.0,-1.3600000000000136,-0.004550633563996468,-0.0,0.0,0.0,0.0,0.0,0.0,0.0,0.0,0.0,0.0,0.0,0.0,0.0,0.0,0.0,-407.6678955556154,-574.4458852778071
72,2024-04-16,2024-04-17,1,86.585,86.165,298.18,295.93,3.43445714617304,3.449319677313798,3.448854463514293,297.21062999574343,1.0,1.0,1.0,295.93,0.0043181394795789325,0.0,0.0043181394795789325,False,False,True,0,0,1166.0,0.0,0.0,0.0,-0.0,0.0,338.0,0.0,0.0,0.0,-0.0,0.0,-0.0,-0.0,0.0,-0.4199999999999875,-0.004862527670573662,-0.0,-2.25,-0.007574391130017642,-0.0,0.0,0.0,0.0,0.0,0.0,0.0,0.0,0.0,0.0,0.0,0.0,0.0,0.0,0.0,-407.6678955556154,-574.4458852778071
73,2024-04-17,2024-04-18,1,86.165,85.63,295.93,294.49,3.4390984468060264,3.448854463514293,3.448387689903486,295.3254077107289,1.0,1.0,1.0,294.49,0.0028327787252110568,0.0,0.0028327787252110568,False,False,True,0,0,1173.0,0.0,0.0,0.0,-0.0,0.0,340.0,0.0,0.0,0.0,-0.0,0.0,-0.0,-0.0,0.0,-0.5350000000000108,-0.00622837369543981,-0.0,-1.4399999999999977,-0.0048778932124925916,-0.0,0.0,0.0,0.0,0.0,0.0,0.0,0.0,0.0,0.0,0.0,0.0,0.0,0.0,0.0,-407.6678955556154,-574.4458852778071
74,2024-04-18,2024-04-19,1,85.63,84.88,294.49,292.03,3.4405042412818094,3.448387689903486,3.4479124950886098,292.6991471190079,1.0,1.0,1.0,292.03,0.0022887431365676537,0.0,0.0022887431365676537,False,False,True,0,0,1179.0,0.0,0.0,0.0,-0.0,0.0,342.0,0.0,0.0,0.0,-0.0,0.0,-0.0,-0.0,0.0,-0.75,-0.008797194732372986,-0.0,-2.4600000000000364,-0.008388509940798027,-0.0,0.0,0.0,0.0,0.0,0.0,0.0,0.0,0.0,0.0,0.0,0.0,0.0,0.0,0.0,-407.6678955556154,-574.4458852778071
75,2024-04-19,2024-04-22,3,84.88,85.255,292.03,293.92,3.447539733739957,3.4479124950886098,3.447867196311509,293.95177976877943,1.0,1.0,1.0,293.92,0.0001081180281280193,0.0,0.0001081180281280193,False,False,True,0,0,1172.0,0.0,0.0,0.0,-0.0,0.0,340.0,0.0,0.0,0.0,-0.0,0.0,-0.0,-0.0,0.0,0.375,0.004408271164387278,0.0,1.8900000000000432,0.006451084749870786,0.0,0.0,0.0,0.0,0.0,0.0,0.0,0.0,0.0,0.0,0.0,0.0,0.0,0.0,0.0,-407.6678955556154,-574.4458852778071
76,2024-04-22,2024-04-23,1,85.255,86.27,293.92,298.3,3.457748927784862,3.447867196311509,3.448247504550083,297.4475030257939,1.0,1.0,1.0,298.3,-0.002861942523489302,0.0,-0.002861942523489302,False,True,False,0,1,1155.0,0.0,1155.0,1155.0,-0.0,1155.0,335.0,0.0,-335.0,0.0,335.0,-335.0,-5.775,-1.675,-7.45,1.0150000000000006,0.011835147618372427,0.0,4.3799999999999955,0.014792070053887375,0.0,0.0,0.0,0.0,0.0,0.0,0.0,0.0,0.0,0.0,0.0,0.0,0.0,0.0,-7.45,-415.1178955556154,-581.8958852778071
77,2024-04-23,2024-04-24,1,86.27,87.095,298.3,299.4,3.43762558126184,3.448247504550083,3.4478282626370294,300.3251164087895,1.0,1.0,1.0,299.4,0.0030851372312239384,0.0,0.0030851372312239384,False,False,True,1,0,1152.0,1155.0,0.0,0.0,1155.0,-1155.0,334.0,-335.0,0.0,335.0,-0.0,335.0,-5.775,-1.675,-7.45,0.8250000000000028,0.009517563840937686,952.8750000000033,1.099999999999966,0.0036807804648250897,-368.4999999999886,584.3750000000148,0.0,99641.84999999999,99641.84999999999,0.0,-99930.5,0.0,-99930.5,-2.7758472222222226,-288.65000000000873,199572.34999999998,-99930.5,-2.7758472222222226,574.1491527777926,159.03125722217715,-7.746732500014502
78,2024-04-24,2024-04-25,1,87.095,87.17,299.4,298.86,3.4284730985430767,3.4478282626370294,3.446791763601265,300.5471896540699,1.0,1.0,1.0,298.86,0.005629542451346557,0.0,0.005629542451346557,False,False,True,0,0,1155.0,0.0,0.0,0.0,-0.0,0.0,335.0,0.0,0.0,0.0,-0.0,0.0,-0.0,-0.0,0.0,0.07500000000000284,0.0008607580940597347,0.0,-0.5399999999999636,-0.0018052356722808426,-0.0,0.0,0.0,0.0,0.0,0.0,0.0,0.0,0.0,0.0,0.0,0.0,0.0,0.0,0.0,159.03125722217715,-7.746732500014502
79,2024-04-25,2024-04-26,1,87.17,87.955,298.86,302.43,3.438462850321187,3.446791763601265,3.445932264320598,303.16256956754927,1.0,1.0,1.0,302.43,0.0024193491191559506,0.0,0.0024193491191559506,False,False,True,0,0,1141.0,0.0,0.0,0.0,-0.0,0.0,331.0,0.0,0.0,0.0,-0.0,0.0,-0.0,-0.0,0.0,0.7849999999999966,0.008965085027384192,0.0,3.569999999999993,0.011874609420712903,0.0,0.0,0.0,0.0,0.0,0.0,0.0,0.0,0.0,0.0,0.0,0.0,0.0,0.0,0.0,159.03125722217715,-7.746732500014502
80,2024-04-26,2024-04-29,3,87.955,90.0,302.43,308.09,3.423222222222222,3.445932264320598,3.4441150716841746,310.1339037888538,1.0,1.0,1.0,308.09,0.006612203841216658,0.0,0.006612203841216658,False,False,True,0,0,1120.0,0.0,0.0,0.0,-0.0,0.0,325.0,0.0,0.0,0.0,-0.0,0.0,-0.0,-0.0,0.0,2.0450000000000017,0.022984350279396357,0.0,5.659999999999968,0.018542102347440415,0.0,0.0,0.0,0.0,0.0,0.0,0.0,0.0,0.0,0.0,0.0,0.0,0.0,0.0,0.0,159.03125722217715,-7.746732500014502
81,2024-04-29,2024-04-30,1,90.0,87.81,308.09,300.9,3.4267167748547998,3.4441150716841746,3.4426877452153257,302.4277444445874,1.0,1.0,1.0,300.9,0.005064403962776294,0.0,0.005064403962776294,True,False,True,0,0,1143.0,0.0,0.0,0.0,-0.0,0.0,332.0,0.0,0.0,0.0,-0.0,0.0,-0.0,-0.0,0.0,-2.1899999999999977,-0.024634280958360878,-0.0,-7.189999999999998,-0.023613964445400704,-0.0,0.0,0.0,0.0,0.0,0.0,0.0,0.0,0.0,0.0,0.0,0.0,0.0,0.0,0.0,159.03125722217715,-7.746732500014502
82,2024-04-30,2024-05-01,1,87.81,87.26,300.9,299.73,3.4349071739628694,3.4426877452153257,3.4416335929110238,300.40893264748934,1.0,1.0,1.0,299.73,0.002262585878680548,0.0,0.002262585878680548,False,False,True,0,0,1150.0,0.0,0.0,0.0,-0.0,0.0,334.0,0.0,0.0,0.0,-0.0,0.0,-0.0,-0.0,0.0,-0.5499999999999972,-0.006283221676440565,-0.0,-1.169999999999959,-0.003895914222962508,-0.0,0.0,0.0,0.0,0.0,0.0,0.0,0.0,0.0,0.0,0.0,0.0,0.0,0.0,0.0,159.03125722217715,-7.746732500014502
83,2024-05-01,2024-05-02,1,87.26,88.36,299.73,304.34,3.4443186962426435,3.4416335929110238,3.4412209080998784,304.1027442696181,1.0,1.0,1.0,304.34,-0.0007798786151746446,0.0,-0.0007798786151746446,False,False,True,0,0,1132.0,0.0,0.0,0.0,-0.0,0.0,329.0,0.0,0.0,0.0,-0.0,0.0,-0.0,-0.0,0.0,1.0999999999999943,0.012527210856452808,0.0,4.609999999999957,0.01526342807893137,0.0,0.0,0.0,0.0,0.0,0.0,0.0,0.0,0.0,0.0,0.0,0.0,0.0,0.0,0.0,159.03125722217715,-7.746732500014502
84,2024-05-02,2024-05-03,1,88.36,88.955,304.34,306.75,3.448372772750267,3.4412209080998784,3.4407028435390017,306.1138058800247,1.0,1.0,1.0,306.75,-0.0020761361411433597,0.0,-0.0020761361411433597,False,True,False,0,1,1122.0,0.0,1122.0,1122.0,-0.0,1122.0,326.0,0.0,-326.0,0.0,326.0,-326.0,-5.61,-1.6300000000000001,-7.24,0.5949999999999989,0.006711245334822451,0.0,2.410000000000025,0.007887586099052457,0.0,0.0,0.0,0.0,0.0,0.0,0.0,0.0,0.0,0.0,0.0,0.0,0.0,0.0,-7.24,151.79125722217714,-14.986732500014512
85,2024-05-03,2024-05-06,3,88.955,89.905,306.75,310.32,3.4516434013681105,3.4407028435390017,3.4406362931022563,309.33638914837394,1.0,1.0,1.0,310.32,-0.0031747003499992027,0.0,-0.0031747003499992027,False,True,False,1,1,1108.0,1122.0,1108.0,0.0,14.0,-14.0,322.0,-326.0,-322.0,4.0,-0.0,4.0,-0.07,-0.02,-0.09000000000000001,0.9500000000000028,0.010622933396862263,1065.9000000000033,3.569999999999993,0.011570939540690972,-1163.819999999998,-97.91999999999462,0.0,99807.51,99807.51,0.0,-100000.5,0.0,-100000.5,-8.333375,-192.99000000000524,199808.01,-100000.5,-8.333375,-106.34337499999462,45.447882222182514,-121.33010750000913
86,2024-05-06,2024-05-07,1,89.905,89.26,310.32,308.6,3.4573157069235942,3.4406362931022563,3.4409842990780186,307.1111955223074,1.0,1.0,1.0,308.6,-0.004836057522197535,0.0,-0.004836057522197535,False,True,False,1,1,1115.0,1108.0,1115.0,7.0,-0.0,7.0,324.0,-322.0,-324.0,0.0,2.0,-2.0,-0.035,-0.01,-0.045000000000000005,-0.644999999999996,-0.007200098082477152,-714.6599999999955,-1.7199999999999704,-0.005558083202651215,553.8399999999905,-160.82000000000505,0.0,99614.74,99614.74,0.0,-99923.04,0.0,-99923.04,-2.7756399999999997,-308.29999999998836,199537.78,-99923.04,-2.7756399999999997,-163.64064000000505,-118.19275777782254,-284.97074750001417
87,2024-05-07,2024-05-08,1,89.26,88.925,308.6,307.71,3.460331740230531,3.4409842990780186,3.4417795971036,305.9895287955128,1.0,1.0,1.0,307.71,-0.0056068992430603,0.0,-0.0056068992430603,False,True,False,1,1,1118.0,1115.0,1118.0,3.0,-0.0,3.0,325.0,-324.0,-325.0,0.0,1.0,-1.0,-0.015,-0.005,-0.02,-0.33500000000000796,-0.0037601413666050578,-373.52500000000884,-0.8900000000000432,-0.0028881589416312873,288.360000000014,-85.16499999999485,0.0,99524.90000000001,99524.90000000001,0.0,-99986.40000000001,0.0,-99986.40000000001,-2.7774000000000005,-461.5,199511.30000000002,-99986.40000000001,-2.7774000000000005,-87.96239999999484,-206.15515777781738,-372.933147500009
88,2024-05-08,2024-05-09,1,88.925,89.53,307.71,310.11,3.46375516586619,3.4417795971036,3.4430015719163785,308.1425273286853,1.0,1.0,1.0,310.11,-0.0063646462440242295,0.0,-0.0063646462440242295,False,True,False,1,1,1108.0,1118.0,1108.0,0.0,10.0,-10.0,322.0,-325.0,-322.0,3.0,-0.0,3.0,-0.05,-0.015,-0.065,0.605000000000004,0.00678044681154572,676.3900000000044,2.400000000000034,0.007769292261073889,-780.0000000000111,-103.61000000000672,0.0,99418.15,99418.15,0.0,-100005.75,0.0,-100005.75,-2.7779375,-587.6000000000058,199423.9,-100005.75,-2.7779375,-106.45293750000673,-312.6080952778241,-479.3860850000157
89,2024-05-09,2024-05-10,1,89.53,89.05,310.11,308.75,3.467153284671533,3.4430015719163785,3.4442627989075634,306.59928997915347,1.0,1.0,1.0,308.75,-0.006990237295956148,0.0,-0.006990237295956148,False,True,False,1,1,1116.0,1108.0,1116.0,8.0,-0.0,8.0,324.0,-322.0,-324.0,0.0,2.0,-2.0,-0.04,-0.01,-0.05,-0.480000000000004,-0.005375754910393972,-531.8400000000045,-1.3600000000000136,-0.004395185306316224,437.9200000000044,-93.92000000000007,0.0,99199.24,99199.24,0.0,-99855.42,0.0,-99855.42,-2.7737616666666667,-656.179999999993,199054.66,-99855.42,-2.7737616666666667,-96.74376166666674,-409.3518569444908,-576.1298466666824
90,2024-05-10,2024-05-13,3,89.05,88.935,308.75,308.89,3.47321077191207,3.4442627989075634,3.4459320651099654,306.31551202084415,1.0,1.0,1.0,308.89,-0.008369570679539485,0.0,-0.008369570679539485,False,True,False,1,1,1116.0,1116.0,1116.0,0.0,-0.0,0.0,324.0,-324.0,-324.0,0.0,-0.0,0.0,-0.0,-0.0,0.0,-0.11499999999999488,-0.0012922439082298852,-128.3399999999943,0.13999999999998636,0.0004533385221089727,-45.35999999999558,-173.69999999998987,0.0,99379.8,99379.8,0.0,-100035.0,0.0,-100035.0,-8.33625,-655.1999999999971,199414.8,-100035.0,-8.33625,-182.03624999998988,-591.3881069444807,-758.1660966666723
91,2024-05-13,2024-05-14,1,88.935,89.34,308.89,310.89,3.479852249832102,3.4459320651099654,3.447735499337437,307.8595706969243,1.0,1.0,1.0,310.89,-0.009795412158286608,0.0,-0.009795412158286608,False,True,False,1,1,1110.0,1116.0,1110.0,0.0,6.0,-6.0,322.0,-324.0,-322.0,2.0,-0.0,2.0,-0.03,-0.01,-0.04,0.40500000000000114,0.004543550096531813,451.98000000000127,2.0,0.006453925399939925,-648.0,-196.01999999999873,0.0,99251.46,99251.46,0.0,-100080.36,0.0,-100080.36,-2.7800100000000003,-828.8999999999942,199331.82,-100080.36,-2.7800100000000003,-198.84000999999873,-790.2281169444794,-957.006106666671
92,2024-05-14,2024-05-15,1,89.34,89.475,310.89,311.33,3.479519418832076,3.447735499337437,3.449988612970388,308.4861338032172,1.0,1.0,1.0,311.33,-0.00917654768327873,0.0,-0.00917654768327873,False,True,False,1,1,1107.0,1110.0,1107.0,0.0,3.0,-3.0,321.0,-322.0,-321.0,1.0,-0.0,1.0,-0.015,-0.005,-0.02,0.1349999999999909,0.0015099407281167912,149.8499999999899,0.4399999999999977,0.001414291001065076,-141.67999999999927,8.169999999990637,0.0,99167.40000000001,99167.40000000001,0.0,-100106.58,0.0,-100106.58,-2.7807383333333338,-939.179999999993,199273.98,-100106.58,-2.7807383333333338,5.369261666657303,-784.8588552778222,-951.6368450000139
93,2024-05-15,2024-05-16,1,89.475,88.895,311.33,308.53,3.470723887732718,3.449988612970388,3.4515698850167227,306.68673775000264,1.0,1.0,1.0,308.53,-0.005992254931993861,0.0,-0.005992254931993861,False,True,False,1,1,1118.0,1107.0,1118.0,11.0,-0.0,11.0,324.0,-321.0,-324.0,0.0,3.0,-3.0,-0.055,-0.015,-0.07,-0.5799999999999983,-0.006503358683554473,-642.0599999999981,-2.8000000000000114,-0.009034359515243881,898.8000000000036,256.74000000000547,0.0,99048.825,99048.825,0.0,-99936.93,0.0,-99936.93,-2.776025833333333,-888.1049999999959,198985.755,-99936.93,-2.776025833333333,253.89397416667214,-530.96488111115,-697.7428708333416
94,2024-05-16,2024-05-17,1,88.895,89.35,308.53,309.35,3.462227196418579,3.4515698850167227,3.452656032773562,308.3977692262442,1.0,1.0,1.0,309.35,-0.00308291369192158,0.0,-0.00308291369192158,False,True,False,1,1,1115.0,1118.0,1115.0,0.0,3.0,-3.0,323.0,-324.0,-323.0,1.0,-0.0,1.0,-0.015,-0.005,-0.02,0.4549999999999983,0.005105343636902073,508.6899999999981,0.82000000000005,0.0026542386269409316,-265.6800000000162,243.00999999998191,0.0,99384.61,99384.61,0.0,-99963.71999999999,0.0,-99963.71999999999,-2.7767699999999995,-579.109999999986,199348.33,-99963.71999999999,-2.7767699999999995,240.2132299999819,-290.75165111116814,-457.5296408333598
95,2024-05-17,2024-05-20,3,89.35,88.685,309.35,307.5,3.4673281840221004,3.452656032773562,3.4536454552876683,306.19880026652334,1.0,1.0,1.0,307.5,-0.0042405221674275675,0.0,-0.0042405221674275675,False,True,False,1,1,1122.0,1115.0,1122.0,7.0,-0.0,7.0,325.0,-323.0,-325.0,0.0,2.0,-2.0,-0.035,-0.01,-0.045000000000000005,-0.664999999999992,-0.0074704759478871835,-741.4749999999912,-1.8500000000000227,-0.005998234730425267,597.5500000000073,-143.9249999999838,0.0,99625.25,99625.25,0.0,-99920.05,0.0,-99920.05,-8.326670833333335,-294.8000000000029,199545.3,-99920.05,-8.326670833333335,-152.29667083331714,-443.0483219444853,-609.8263116666769
96,2024-05-20,2024-05-21,1,88.685,89.255,307.5,308.45,3.4558288051089576,3.4536454552876683,3.4535494491538734,308.2551251117008,1.0,1.0,1.0,308.45,-0.0006319872718751585,0.0,-0.0006319872718751585,False,False,True,1,0,1119.0,1122.0,0.0,0.0,1122.0,-1122.0,324.0,-325.0,0.0,325.0,-0.0,325.0,-5.61,-1.625,-7.235,0.5699999999999932,0.006406675841965806,639.5399999999923,0.9499999999999886,0.003084668409074943,-308.7499999999963,330.78999999999604,0.0,99504.57,99504.57,0.0,-99937.5,0.0,-99937.5,-2.7760416666666665,-432.929999999993,199442.07,-99937.5,-2.7760416666666665,320.77895833332934,-122.26936361115594,-289.0473533333476
97,2024-05-21,2024-05-22,1,89.255,88.325,308.45,304.98,3.4529295216529863,3.4535494491538734,3.454314646173431,305.0347550965159,1.0,1.0,1.0,304.98,0.00017952056472544348,0.0,0.00017952056472544348,False,False,True,0,0,1133.0,0.0,0.0,0.0,-0.0,0.0,328.0,0.0,0.0,0.0,-0.0,0.0,-0.0,-0.0,0.0,-0.9299999999999926,-0.010474248254306493,-0.0,-3.4699999999999704,-0.011313554968781375,-0.0,0.0,0.0,0.0,0.0,0.0,0.0,0.0,0.0,0.0,0.0,0.0,0.0,0.0,0.0,-122.26936361115594,-289.0473533333476
98,2024-05-22,2024-05-23,1,88.325,86.895,304.98,300.25,3.455319638644341,3.454314646173431,3.455656973178494,300.16267117924025,1.0,1.0,1.0,300.25,-0.00029089599726153274,0.0,-0.00029089599726153274,False,False,True,0,0,1150.0,0.0,0.0,0.0,-0.0,0.0,333.0,0.0,0.0,0.0,-0.0,0.0,-0.0,-0.0,0.0,-1.4300000000000068,-0.016322700028511848,-0.0,-4.730000000000018,-0.015630739726773264,-0.0,0.0,0.0,0.0,0.0,0.0,0.0,0.0,0.0,0.0,0.0,0.0,0.0,0.0,0.0,-122.26936361115594,-289.0473533333476
99,2024-05-23,2024-05-24,1,86.895,87.77,300.25,303.29,3.4555087159621745,3.455656973178494,3.456509266460543,303.3030125358764,1.0,1.0,1.0,303.29,4.290367877458411e-05,0.0,4.290367877458411e-05,False,False,True,0,0,1140.0,0.0,0.0,0.0,-0.0,0.0,330.0,0.0,0.0,0.0,-0.0,0.0,-0.0,-0.0,0.0,0.875,0.010019263387329088,0.0,3.0400000000000205,0.010073982534782405,0.0,0.0,0.0,0.0,0.0,0.0,0.0,0.0,0.0,0.0,0.0,0.0,0.0,0.0,0.0,-122.26936361115594,-289.0473533333476
100,2024-05-24,2024-05-28,4,87.77,87.555,303.29,302.84,3.458854434355547,3.456509266460543,3.458290877067209,302.6346688249529,1.0,1.0,1.0,302.84,-0.0006782486319929987,0.0,-0.0006782486319929987,False,False,True,0,0,1141.0,0.0,0.0,0.0,-0.0,0.0,330.0,0.0,0.0,0.0,-0.0,0.0,-0.0,-0.0,0.0,-0.2149999999999892,-0.002452589280162103,-0.0,-0.4500000000000455,-0.0014848302597695836,-0.0,0.0,0.0,0.0,0.0,0.0,0.0,0.0,0.0,0.0,0.0,0.0,0.0,0.0,0.0,-122.26936361115594,-289.0473533333476
101,2024-05-28,2024-05-29,1,87.555,86.98,302.84,300.95,3.459990802483329,3.458290877067209,3.459954578448636,300.80214048730585,1.0,1.0,1.0,300.95,-0.0004914299616786469,0.0,-0.0004914299616786469,False,False,True,0,0,1148.0,0.0,0.0,0.0,-0.0,0.0,332.0,0.0,0.0,0.0,-0.0,0.0,-0.0,-0.0,0.0,-0.5750000000000028,-0.006588960154371681,-0.0,-1.8899999999999864,-0.006260475241325971,-0.0,0.0,0.0,0.0,0.0,0.0,0.0,0.0,0.0,0.0,0.0,0.0,0.0,0.0,0.0,-122.26936361115594,-289.0473533333476
102,2024-05-29,2024-05-30,1,86.98,87.495,300.95,302.71,3.459740556603234,3.459954578448636,3.4611962475806544,302.7287258413634,1.0,1.0,1.0,302.71,6.185874992841424e-05,0.0,6.185874992841424e-05,False,False,True,0,0,1142.0,0.0,0.0,0.0,-0.0,0.0,330.0,0.0,0.0,0.0,-0.0,0.0,-0.0,-0.0,0.0,0.5150000000000006,0.005903441704218277,0.0,1.759999999999991,0.005831113497466243,0.0,0.0,0.0,0.0,0.0,0.0,0.0,0.0,0.0,0.0,0.0,0.0,0.0,0.0,0.0,-122.26936361115594,-289.0473533333476
103,2024-05-30,2024-05-31,1,87.495,87.985,302.71,304.51,3.460930840484173,3.4611962475806544,3.46202685479273,304.53335184338385,1.0,1.0,1.0,304.51,7.668368212086859e-05,0.0,7.668368212086859e-05,True,False,True,0,0,1135.0,0.0,0.0,0.0,-0.0,0.0,328.0,0.0,0.0,0.0,-0.0,0.0,-0.0,-0.0,0.0,0.4899999999999949,0.005584696530014266,0.0,1.8000000000000114,0.005928675841956842,0.0,0.0,0.0,0.0,0.0,0.0,0.0,0.0,0.0,0.0,0.0,0.0,0.0,0.0,0.0,-122.26936361115594,-289.0473533333476
104,2024-05-31,2024-06-03,3,87.985,87.945,304.51,305.12,3.4694411279777135,3.46202685479273,3.463080272554103,304.46795174474664,1.0,1.0,1.0,305.12,-0.0021393090269246884,0.0,-0.0021393090269246884,False,True,False,0,1,1136.0,0.0,1136.0,1136.0,-0.0,1136.0,328.0,0.0,-328.0,0.0,328.0,-328.0,-5.68,-1.6400000000000001,-7.32,-0.04000000000000625,-0.00045472631943680044,-0.0,0.6100000000000136,0.0020012145189059975,0.0,0.0,0.0,0.0,0.0,0.0,0.0,0.0,0.0,0.0,0.0,0.0,0.0,0.0,-7.32,-129.58936361115593,-296.3673533333476
105,2024-06-03,2024-06-04,1,87.945,88.035,305.12,304.07,3.453967172147441,3.463080272554103,3.4631964610930694,304.87227179430045,1.0,1.0,1.0,304.07,0.002634969834240421,0.0,0.002634969834240421,False,False,True,1,0,1139.0,1136.0,0.0,0.0,1136.0,-1136.0,329.0,-328.0,0.0,328.0,-0.0,328.0,-5.68,-1.6400000000000001,-7.32,0.09000000000000341,0.0010228435941194256,102.24000000000387,-1.0500000000000114,-0.003447203794484633,344.40000000000373,446.6400000000076,0.0,99905.51999999999,99905.51999999999,0.0,-100079.36,0.0,-100079.36,-2.7799822222222224,-173.84000000001106,199984.88,-100079.36,-2.7799822222222224,436.5400177777854,306.9506541666295,0.0
106,2024-06-04,2024-06-05,1,88.035,88.55,304.07,306.26,3.4586109542631283,3.4631964610930694,3.4632612234600457,306.6660466297913,1.0,1.0,1.0,306.26,0.001324945126494477,0.0,0.001324945126494477,False,False,True,0,0,1132.0,0.0,0.0,0.0,-0.0,0.0,327.0,0.0,0.0,0.0,-0.0,0.0,-0.0,-0.0,0.0,0.5150000000000006,0.005832901550435043,0.0,2.1899999999999977,0.007176476329437219,0.0,0.0,0.0,0.0,0.0,0.0,0.0,0.0,0.0,0.0,0.0,0.0,0.0,0.0,0.0,306.9506541666295,0.0
107,2024-06-05,2024-06-06,1,88.55,89.195,306.26,308.65,3.460395762094288,3.4632612234600457,3.463264424553234,308.90558482651875,1.0,1.0,1.0,308.65,0.0008277306444670744,0.0,0.0008277306444670744,False,False,True,0,0,1122.0,0.0,0.0,0.0,-0.0,0.0,324.0,0.0,0.0,0.0,-0.0,0.0,-0.0,-0.0,0.0,0.644999999999996,0.007257619974388396,0.0,2.3899999999999864,0.007773534452843242,0.0,0.0,0.0,0.0,0.0,0.0,0.0,0.0,0.0,0.0,0.0,0.0,0.0,0.0,0.0,306.9506541666295,0.0
108,2024-06-06,2024-06-07,1,89.195,88.83,308.65,306.16,3.446583361476979,3.463264424553234,3.4624058343337736,307.64177883306377,1.0,1.0,1.0,306.16,0.00482820924511896,0.0,0.00482820924511896,False,False,True,0,0,1132.0,0.0,0.0,0.0,-0.0,0.0,327.0,0.0,0.0,0.0,-0.0,0.0,-0.0,-0.0,0.0,-0.3649999999999949,-0.004100553421621226,-0.0,-2.4899999999999523,-0.008100107722457927,-0.0,0.0,0.0,0.0,0.0,0.0,0.0,0.0,0.0,0.0,0.0,0.0,0.0,0.0,0.0,306.9506541666295,0.0
109,2024-06-07,2024-06-10,3,88.83,89.115,306.16,307.52,3.450821971609718,3.4624058343337736,3.461589268680682,308.5522959266542,1.0,1.0,1.0,307.52,0.0033512199772476443,0.0,0.0033512199772476443,False,False,True,0,0,1125.0,0.0,0.0,0.0,-0.0,0.0,325.0,0.0,0.0,0.0,-0.0,0.0,-0.0,-0.0,0.0,0.2849999999999966,0.003203239694204816,0.0,1.3599999999999568,0.004432284664480772,0.0,0.0,0.0,0.0,0.0,0.0,0.0,0.0,0.0,0.0,0.0,0.0,0.0,0.0,0.0,306.9506541666295,0.0
110,2024-06-10,2024-06-11,1,89.115,88.88,307.52,306.33,3.4465571557155714,3.461589268680682,3.460256587870858,307.66605420033903,1.0,1.0,1.0,306.33,0.0043520029157498785,0.0,0.0043520029157498785,False,False,True,0,0,1128.0,0.0,0.0,0.0,-0.0,0.0,326.0,0.0,0.0,0.0,-0.0,0.0,-0.0,-0.0,0.0,-0.23499999999999943,-0.0026405251444398914,-0.0,-1.1899999999999977,-0.0038771735463713356,-0.0,0.0,0.0,0.0,0.0,0.0,0.0,0.0,0.0,0.0,0.0,0.0,0.0,0.0,0.0,306.9506541666295,0.0
111,2024-06-11,2024-06-12,1,88.88,89.805,306.33,309.99,3.451812259896442,3.460256587870858,3.458854588374075,310.74834287374244,1.0,1.0,1.0,309.99,0.0024433588152692485,0.0,0.0024433588152692485,False,False,True,0,0,1118.0,0.0,0.0,0.0,-0.0,0.0,323.0,0.0,0.0,0.0,-0.0,0.0,-0.0,-0.0,0.0,0.9250000000000114,0.010353507714050688,0.0,3.660000000000025,0.011877086658817126,0.0,0.0,0.0,0.0,0.0,0.0,0.0,0.0,0.0,0.0,0.0,0.0,0.0,0.0,0.0,306.9506541666295,0.0
112,2024-06-12,2024-06-13,1,89.805,89.875,309.99,309.19,3.4402225312934633,3.458854588374075,3.456889743997144,310.86455613012,1.0,1.0,1.0,309.19,0.005401331817471224,0.0,0.005401331817471224,False,False,True,0,0,1117.0,0.0,0.0,0.0,-0.0,0.0,323.0,0.0,0.0,0.0,-0.0,0.0,-0.0,-0.0,0.0,0.06999999999999318,0.0007791629957856742,0.0,-0.8000000000000114,-0.002584064230624939,-0.0,0.0,0.0,0.0,0.0,0.0,0.0,0.0,0.0,0.0,0.0,0.0,0.0,0.0,0.0,306.9506541666295,0.0
113,2024-06-13,2024-06-14,1,89.875,89.165,309.19,305.99,3.431727695844782,3.456889743997144,3.4549399344027476,308.2335740235054,1.0,1.0,1.0,305.99,0.00730543110538341,0.0,0.00730543110538341,False,False,True,0,0,1130.0,0.0,0.0,0.0,-0.0,0.0,327.0,0.0,0.0,0.0,-0.0,0.0,-0.0,-0.0,0.0,-0.7099999999999937,-0.007931230136734078,-0.0,-3.1999999999999886,-0.010403552983923953,-0.0,0.0,0.0,0.0,0.0,0.0,0.0,0.0,0.0,0.0,0.0,0.0,0.0,0.0,0.0,306.9506541666295,0.0
114,2024-06-14,2024-06-17,3,89.165,90.73,305.99,310.78,3.425327895955031,3.4549399344027476,3.4530949693795696,313.4667002483613,1.0,1.0,1.0,310.78,0.008607868769244945,0.0,0.008607868769244945,False,False,True,0,0,1112.0,0.0,0.0,0.0,-0.0,0.0,322.0,0.0,0.0,0.0,-0.0,0.0,-0.0,-0.0,0.0,1.5649999999999977,0.017399477277061048,0.0,4.789999999999964,0.01553284467876356,0.0,0.0,0.0,0.0,0.0,0.0,0.0,0.0,0.0,0.0,0.0,0.0,0.0,0.0,0.0,306.9506541666295,0.0
115,2024-06-17,2024-06-18,1,90.73,90.425,310.78,309.81,3.4261542714957147,3.4530949693795696,3.451036273753251,312.24611260614756,1.0,1.0,1.0,309.81,0.007832492956743738,0.0,0.007832492956743738,False,False,True,0,0,1115.0,0.0,0.0,0.0,-0.0,0.0,323.0,0.0,0.0,0.0,-0.0,0.0,-0.0,-0.0,0.0,-0.3050000000000068,-0.0033672853433760284,-0.0,-0.9699999999999704,-0.003126060007165671,-0.0,0.0,0.0,0.0,0.0,0.0,0.0,0.0,0.0,0.0,0.0,0.0,0.0,0.0,0.0,306.9506541666295,0.0
116,2024-06-18,2024-06-20,2,90.425,90.54,309.81,309.81,3.421802518223989,3.451036273753251,3.449334959409002,312.45682422561936,1.0,1.0,1.0,309.81,0.00850709080170151,0.0,0.00850709080170151,False,False,True,0,0,1115.0,0.0,0.0,0.0,-0.0,0.0,323.0,0.0,0.0,0.0,-0.0,0.0,-0.0,-0.0,0.0,0.1150000000000091,0.001270964169651006,0.0,0.0,0.0,0.0,0.0,0.0,0.0,0.0,0.0,0.0,0.0,0.0,0.0,0.0,0.0,0.0,0.0,0.0,306.9506541666295,0.0
117,2024-06-20,2024-06-21,1,90.54,91.305,309.81,312.23,3.4196374787799133,3.449334959409002,3.4476703572653484,314.94152846883895,1.0,1.0,1.0,312.23,0.008646901973609343,0.0,0.008646901973609343,False,False,True,0,0,1104.0,0.0,0.0,0.0,-0.0,0.0,320.0,0.0,0.0,0.0,-0.0,0.0,-0.0,-0.0,0.0,0.7650000000000006,0.008413808606184887,0.0,2.420000000000016,0.007780889361903584,0.0,0.0,0.0,0.0,0.0,0.0,0.0,0.0,0.0,0.0,0.0,0.0,0.0,0.0,0.0,306.9506541666295,0.0
118,2024-06-21,2024-06-24,3,91.305,90.72,312.23,311.24,3.4307760141093477,3.4476703572653484,3.446443176038599,312.77265481111243,1.0,1.0,1.0,311.24,0.004912265420429245,0.0,0.004912265420429245,False,False,True,0,0,1107.0,0.0,0.0,0.0,-0.0,0.0,321.0,0.0,0.0,0.0,-0.0,0.0,-0.0,-0.0,0.0,-0.585000000000008,-0.006427710634555574,-0.0,-0.9900000000000091,-0.003175776964596601,-0.0,0.0,0.0,0.0,0.0,0.0,0.0,0.0,0.0,0.0,0.0,0.0,0.0,0.0,0.0,306.9506541666295,0.0
119,2024-06-24,2024-06-25,1,90.72,90.355,311.24,309.8,3.4286979137845166,3.446443176038599,3.445102635929716,311.40337317096765,1.0,1.0,1.0,309.8,0.0051621636351715855,0.0,0.0051621636351715855,False,False,True,0,0,1113.0,0.0,0.0,0.0,-0.0,0.0,323.0,0.0,0.0,0.0,-0.0,0.0,-0.0,-0.0,0.0,-0.3649999999999949,-0.004031484129314607,-0.0,-1.4399999999999977,-0.004637390765961123,-0.0,0.0,0.0,0.0,0.0,0.0,0.0,0.0,0.0,0.0,0.0,0.0,0.0,0.0,0.0,306.9506541666295,0.0
120,2024-06-25,2024-06-26,1,90.355,91.665,309.8,314.36,3.429444171712213,3.445102635929716,3.44363212279755,315.7953331224974,1.0,1.0,1.0,314.36,0.004555497761546131,0.0,0.004555497761546131,False,False,True,0,0,1096.0,0.0,0.0,0.0,-0.0,0.0,318.0,0.0,0.0,0.0,-0.0,0.0,-0.0,-0.0,0.0,1.3100000000000023,0.014394271164861215,0.0,4.560000000000002,0.014611898015206027,0.0,0.0,0.0,0.0,0.0,0.0,0.0,0.0,0.0,0.0,0.0,0.0,0.0,0.0,0.0,306.9506541666295,0.0
121,2024-06-26,2024-06-27,1,91.665,92.225,314.36,315.87,3.42499322309569,3.44363212279755,3.441882243828167,317.588972525004,1.0,1.0,1.0,315.87,0.005427270964526793,0.0,0.005427270964526793,False,False,True,0,0,1092.0,0.0,0.0,0.0,-0.0,0.0,317.0,0.0,0.0,0.0,-0.0,0.0,-0.0,-0.0,0.0,0.5599999999999881,0.006090616467750636,0.0,1.509999999999991,0.004791910538803443,0.0,0.0,0.0,0.0,0.0,0.0,0.0,0.0,0.0,0.0,0.0,0.0,0.0,0.0,0.0,306.9506541666295,0.0
122,2024-06-27,2024-06-28,1,92.225,91.2,315.87,312.33,3.4246710526315787,3.441882243828167,3.4401287686295845,313.8996606371289,1.0,1.0,1.0,312.33,0.0050130615747723825,0.0,0.0050130615747723825,True,False,True,0,0,1101.0,0.0,0.0,0.0,-0.0,0.0,320.0,0.0,0.0,0.0,-0.0,0.0,-0.0,-0.0,0.0,-1.0249999999999915,-0.011176346402453522,-0.0,-3.5400000000000205,-0.011270415382006542,-0.0,0.0,0.0,0.0,0.0,0.0,0.0,0.0,0.0,0.0,0.0,0.0,0.0,0.0,0.0,306.9506541666295,0.0
123,2024-06-28,2024-07-01,3,91.2,91.51,312.33,312.31,3.4128510545295594,3.4401287686295845,3.4377247793318544,314.8061836172933,1.0,1.0,1.0,312.31,0.007960875083661084,0.0,0.007960875083661084,False,False,True,0,0,1101.0,0.0,0.0,0.0,-0.0,0.0,320.0,0.0,0.0,0.0,-0.0,0.0,-0.0,-0.0,0.0,0.3100000000000023,0.0033933588470011623,0.0,-0.01999999999998181,-6.403688526767149e-05,-0.0,0.0,0.0,0.0,0.0,0.0,0.0,0.0,0.0,0.0,0.0,0.0,0.0,0.0,0.0,306.9506541666295,0.0
124,2024-07-01,2024-07-02,1,91.51,93.29,312.31,317.13,3.3993997212991744,3.4377247793318544,3.4342227089979276,320.70534466386874,1.0,1.0,1.0,317.13,0.011210987730107272,0.0,0.011210987730107272,False,False,True,0,0,1083.0,0.0,0.0,0.0,-0.0,0.0,315.0,0.0,0.0,0.0,-0.0,0.0,-0.0,-0.0,0.0,1.7800000000000011,0.019264665045582836,0.0,4.819999999999993,0.015315500179177918,0.0,0.0,0.0,0.0,0.0,0.0,0.0,0.0,0.0,0.0,0.0,0.0,0.0,0.0,0.0,306.9506541666295,0.0
125,2024-07-02,2024-07-03,1,93.29,93.885,317.13,318.44,3.3918091281887413,3.4342227089979276,3.431114806799992,322.42199903427047,1.0,1.0,1.0,318.44,0.012427169302139681,0.0,0.012427169302139681,False,False,True,0,0,1078.0,0.0,0.0,0.0,-0.0,0.0,314.0,0.0,0.0,0.0,-0.0,0.0,-0.0,-0.0,0.0,0.5949999999999989,0.006357708071904877,0.0,1.3100000000000023,0.004122289771696186,0.0,0.0,0.0,0.0,0.0,0.0,0.0,0.0,0.0,0.0,0.0,0.0,0.0,0.0,0.0,306.9506541666295,0.0
126,2024-07-03,2024-07-05,2,93.885,94.65,318.44,320.04,3.381299524564184,3.431114806799992,3.4272492353150454,324.75501646361926,1.0,1.0,1.0,320.04,0.014625114604581286,0.0,0.014625114604581286,False,False,True,0,0,1071.0,0.0,0.0,0.0,-0.0,0.0,312.0,0.0,0.0,0.0,-0.0,0.0,-0.0,-0.0,0.0,0.7650000000000006,0.008115248610557308,0.0,1.6000000000000227,0.005011913761545792,0.0,0.0,0.0,0.0,0.0,0.0,0.0,0.0,0.0,0.0,0.0,0.0,0.0,0.0,0.0,306.9506541666295,0.0
127,2024-07-05,2024-07-08,3,94.65,94.695,320.04,320.73,3.386979249168383,3.4272492353150454,3.4235784096687496,324.5433663381582,1.0,1.0,1.0,320.73,0.011819520008922488,0.0,0.011819520008922488,False,False,True,0,0,1069.0,0.0,0.0,0.0,-0.0,0.0,312.0,0.0,0.0,0.0,-0.0,0.0,-0.0,-0.0,0.0,0.044999999999987494,0.00047532283236668033,0.0,0.6899999999999977,0.0021536597115949514,0.0,0.0,0.0,0.0,0.0,0.0,0.0,0.0,0.0,0.0,0.0,0.0,0.0,0.0,0.0,306.9506541666295,0.0
128,2024-07-08,2024-07-09,1,94.695,95.01,320.73,321.07,3.3793284917377115,3.4235784096687496,3.420215666181786,325.2741847026279,1.0,1.0,1.0,321.07,0.013009304007618532,0.0,0.013009304007618532,False,False,True,0,0,1065.0,0.0,0.0,0.0,-0.0,0.0,311.0,0.0,0.0,0.0,-0.0,0.0,-0.0,-0.0,0.0,0.31500000000001194,0.0033209487309595513,0.0,0.339999999999975,0.0010595201988360585,0.0,0.0,0.0,0.0,0.0,0.0,0.0,0.0,0.0,0.0,0.0,0.0,0.0,0.0,0.0,306.9506541666295,0.0
129,2024-07-09,2024-07-10,1,95.01,95.725,321.07,322.75,3.37163750326456,3.420215666181786,3.4162564427645288,327.40014464525143,1.0,1.0,1.0,322.75,0.014305077009975678,0.0,0.014305077009975678,False,False,True,0,0,1060.0,0.0,0.0,0.0,-0.0,0.0,310.0,0.0,0.0,0.0,-0.0,0.0,-0.0,-0.0,0.0,0.7149999999999892,0.00749734814470006,0.0,1.6800000000000068,0.0052188618343974895,0.0,0.0,0.0,0.0,0.0,0.0,0.0,0.0,0.0,0.0,0.0,0.0,0.0,0.0,0.0,306.9506541666295,0.0
130,2024-07-10,2024-07-11,1,95.725,94.51,322.75,321.58,3.4026028991641093,3.4162564427645288,3.414058729936955,322.87039640567565,1.0,1.0,1.0,321.58,0.004004646866230856,0.0,0.004004646866230856,False,False,True,0,0,1062.0,0.0,0.0,0.0,-0.0,0.0,311.0,0.0,0.0,0.0,-0.0,0.0,-0.0,-0.0,0.0,-1.2149999999999892,-0.012773848356393327,-0.0,-1.170000000000016,-0.003631683410486411,-0.0,0.0,0.0,0.0,0.0,0.0,0.0,0.0,0.0,0.0,0.0,0.0,0.0,0.0,0.0,306.9506541666295,0.0
131,2024-07-11,2024-07-12,1,94.51,95.745,321.58,326.14,3.4063397566452553,3.414058729936955,3.4117851047743954,326.87905309781377,1.0,1.0,1.0,326.14,0.0022634972436033534,0.0,0.0022634972436033534,False,False,True,0,0,1048.0,0.0,0.0,0.0,-0.0,0.0,307.0,0.0,0.0,0.0,-0.0,0.0,-0.0,-0.0,0.0,1.2349999999999994,0.012982758369165655,0.0,4.560000000000002,0.014080390716865697,0.0,0.0,0.0,0.0,0.0,0.0,0.0,0.0,0.0,0.0,0.0,0.0,0.0,0.0,0.0,306.9506541666295,0.0
132,2024-07-12,2024-07-15,3,95.745,95.635,326.14,325.19,3.40032414910859,3.4117851047743954,3.409790185665152,326.2860684950993,1.0,1.0,1.0,325.19,0.0033648804070732737,0.0,0.0033648804070732737,False,False,True,0,0,1051.0,0.0,0.0,0.0,-0.0,0.0,308.0,0.0,0.0,0.0,-0.0,0.0,-0.0,-0.0,0.0,-0.10999999999999943,-0.0011495455336329417,-0.0,-0.9499999999999886,-0.0029171101397790595,-0.0,0.0,0.0,0.0,0.0,0.0,0.0,0.0,0.0,0.0,0.0,0.0,0.0,0.0,0.0,306.9506541666295,0.0
133,2024-07-15,2024-07-16,1,95.635,97.35,325.19,331.81,3.4084232152028764,3.409790185665152,3.408624961633057,331.94307457450253,1.0,1.0,1.0,331.81,0.0004009761502675392,0.0,0.0004009761502675392,False,False,True,0,0,1026.0,0.0,0.0,0.0,-0.0,0.0,301.0,0.0,0.0,0.0,-0.0,0.0,-0.0,-0.0,0.0,1.7149999999999892,0.017773869975711187,0.0,6.6200000000000045,0.02015288904656604,0.0,0.0,0.0,0.0,0.0,0.0,0.0,0.0,0.0,0.0,0.0,0.0,0.0,0.0,0.0,306.9506541666295,0.0
134,2024-07-16,2024-07-17,1,97.35,95.725,331.81,325.97,3.40527552885871,3.408624961633057,3.4076223432782413,326.2906244523243,1.0,1.0,1.0,325.97,0.0009831176867917874,0.0,0.0009831176867917874,False,False,True,0,0,1046.0,0.0,0.0,0.0,-0.0,0.0,307.0,0.0,0.0,0.0,-0.0,0.0,-0.0,-0.0,0.0,-1.625,-0.016833234454850507,-0.0,-5.839999999999975,-0.017757163347605364,-0.0,0.0,0.0,0.0,0.0,0.0,0.0,0.0,0.0,0.0,0.0,0.0,0.0,0.0,0.0,306.9506541666295,0.0
135,2024-07-17,2024-07-18,1,95.725,94.75,325.97,321.71,3.3953562005277043,3.4076223432782413,3.4060824397298406,322.87221702561334,1.0,1.0,1.0,321.71,0.0036061133998921894,0.0,0.0036061133998921894,False,False,True,0,0,1060.0,0.0,0.0,0.0,-0.0,0.0,311.0,0.0,0.0,0.0,-0.0,0.0,-0.0,-0.0,0.0,-0.9749999999999943,-0.010237653400822371,-0.0,-4.260000000000048,-0.013154833968784007,-0.0,0.0,0.0,0.0,0.0,0.0,0.0,0.0,0.0,0.0,0.0,0.0,0.0,0.0,0.0,306.9506541666295,0.0
136,2024-07-18,2024-07-19,1,94.75,93.905,321.71,319.47,3.4020552686225445,3.4060824397298406,3.4050950772497686,319.84817150283067,1.0,1.0,1.0,319.47,0.001183046451030931,0.0,0.001183046451030931,False,False,True,0,0,1066.0,0.0,0.0,0.0,-0.0,0.0,313.0,0.0,0.0,0.0,-0.0,0.0,-0.0,-0.0,0.0,-0.8449999999999989,-0.008958211029634957,-0.0,-2.2399999999999523,-0.006987145928126457,-0.0,0.0,0.0,0.0,0.0,0.0,0.0,0.0,0.0,0.0,0.0,0.0,0.0,0.0,0.0,306.9506541666295,0.0
137,2024-07-19,2024-07-22,3,93.905,94.94,319.47,322.55,3.397408889825153,3.4050950772497686,3.4039836478020304,323.27972663409304,1.0,1.0,1.0,322.55,0.0022598121905614407,0.0,0.0022598121905614407,False,False,True,0,0,1056.0,0.0,0.0,0.0,-0.0,0.0,310.0,0.0,0.0,0.0,-0.0,0.0,-0.0,-0.0,0.0,1.0349999999999966,0.010961480190271107,0.0,3.079999999999984,0.009594790282848547,0.0,0.0,0.0,0.0,0.0,0.0,0.0,0.0,0.0,0.0,0.0,0.0,0.0,0.0,0.0,306.9506541666295,0.0
138,2024-07-22,2024-07-23,1,94.94,94.515,322.55,322.44,3.411521980637994,3.4039836478020304,3.403020946128462,321.7275144720089,1.0,1.0,1.0,322.44,-0.002212113472122222,0.0,-0.002212113472122222,False,True,False,0,1,1055.0,0.0,1055.0,1055.0,-0.0,1055.0,310.0,0.0,-310.0,0.0,310.0,-310.0,-5.275,-1.55,-6.825,-0.42499999999999716,-0.0044865610610434516,-0.0,-0.11000000000001364,-0.00034109056285050503,-0.0,0.0,0.0,0.0,0.0,0.0,0.0,0.0,0.0,0.0,0.0,0.0,0.0,0.0,-6.825,300.1256541666295,-6.824999999999989
139,2024-07-23,2024-07-24,1,94.515,90.65,322.44,309.6,3.4153337010479867,3.403020946128462,3.402352735491636,308.4838487665451,1.0,1.0,1.0,309.6,-0.003611653819922525,0.0,-0.003611653819922525,False,True,False,1,1,1099.0,1055.0,1099.0,44.0,-0.0,44.0,323.0,-310.0,-323.0,0.0,13.0,-13.0,-0.22,-0.065,-0.28500000000000003,-3.864999999999995,-0.04175261486126841,-4077.574999999995,-12.839999999999975,-0.040635930699828,3980.3999999999924,-97.17500000000246,0.0,99713.325,99713.325,0.0,-99956.4,0.0,-99956.4,-2.7765666666666666,-243.0749999999971,199669.72499999998,-99956.4,-2.7765666666666666,-100.23656666666912,199.88908749996037,-107.06156666666911
140,2024-07-24,2024-07-25,1,90.65,90.295,309.6,309.7,3.4298687634974248,3.402352735491636,3.4023739650808964,307.2154402512173,1.0,1.0,1.0,309.7,-0.008054825734262288,0.0,-0.008054825734262288,False,True,False,1,1,1099.0,1099.0,1099.0,0.0,-0.0,0.0,323.0,-323.0,-323.0,0.0,-0.0,0.0,-0.0,-0.0,0.0,-0.355000000000004,-0.003923849296553545,-390.14500000000436,0.0999999999999659,0.00032294526358498613,-32.299999999988984,-422.44499999999334,0.0,99624.35,99624.35,0.0,-100000.8,0.0,-100000.8,-2.7778,-376.4499999999971,199625.15000000002,-100000.8,-2.7778,-425.22279999999336,-225.333712500033,-532.2843666666624
141,2024-07-25,2024-07-26,1,90.295,91.305,309.7,314.39,3.4432944526586713,3.4023739650808964,3.403289026559046,310.6537548817113,1.0,1.0,1.0,314.39,-0.011955289819213363,0.0,-0.011955289819213363,False,True,False,1,1,1082.0,1099.0,1082.0,0.0,17.0,-17.0,318.0,-323.0,-318.0,5.0,-0.0,5.0,-0.085,-0.025,-0.11000000000000001,1.0100000000000051,0.011123462709691006,1109.9900000000057,4.689999999999998,0.015030166454277107,-1514.8699999999992,-404.8799999999935,0.0,99234.205,99234.205,0.0,-100033.09999999999,0.0,-100033.09999999999,-2.778697222222222,-798.8949999999895,199267.305,-100033.09999999999,-2.778697222222222,-407.76869722221574,-633.1024097222487,-940.0530638888781
142,2024-07-26,2024-07-29,3,91.305,92.83,314.39,318.23,3.42809436604546,3.403289026559046,3.4034601922297396,315.9273203354762,1.0,1.0,1.0,318.23,-0.00726220359168077,0.0,-0.00726220359168077,False,True,False,1,1,1069.0,1082.0,1069.0,0.0,13.0,-13.0,314.0,-318.0,-314.0,4.0,-0.0,4.0,-0.065,-0.02,-0.085,1.5249999999999915,0.01656431279784364,1650.0499999999909,3.840000000000032,0.012140138352980147,-1221.1200000000101,428.92999999998074,0.0,98792.01000000001,98792.01000000001,0.0,-99976.01999999999,0.0,-99976.01999999999,-8.331335,-1184.0099999999802,198768.03,-99976.01999999999,-8.331335,420.51366499998073,-212.58874472226796,-519.5393988888975
143,2024-07-29,2024-07-30,1,92.83,92.315,318.23,316.76,3.431295022477387,3.4034601922297396,3.4043823906271307,314.19042764568843,1.0,1.0,1.0,316.76,-0.008145129784628724,0.0,-0.008145129784628724,False,True,False,1,1,1075.0,1069.0,1075.0,6.0,-0.0,6.0,316.0,-314.0,-316.0,0.0,2.0,-2.0,-0.03,-0.01,-0.04,-0.5150000000000006,-0.005563221564134752,-550.5350000000007,-1.4700000000000273,-0.004630002444202666,461.58000000000857,-88.95499999999208,0.0,99235.27,99235.27,0.0,-99924.22,0.0,-99924.22,-2.775672777777778,-688.9499999999971,199159.49,-99924.22,-2.775672777777778,-91.77067277776986,-304.3594175000378,-611.3100716666672
144,2024-07-30,2024-07-31,1,92.315,93.745,316.76,322.22,3.4371966504880263,3.4043823906271307,3.4062722370865735,319.1438272093404,1.0,1.0,1.0,322.22,-0.009592671894082916,0.0,-0.009592671894082916,True,True,False,1,0,1055.0,1075.0,0.0,0.0,1075.0,-1075.0,310.0,-316.0,0.0,316.0,-0.0,316.0,-5.375,-1.58,-6.955,1.4300000000000068,0.015371688247207808,1537.2500000000073,5.460000000000036,0.017090152720628925,-1725.3600000000115,-188.11000000000422,0.0,99238.625,99238.625,0.0,-100096.16,0.0,-100096.16,-2.780448888888889,-857.5350000000035,199334.785,-100096.16,-2.780448888888889,-197.84544888889312,-502.2048663889309,-809.1555205555603
145,2024-07-31,2024-08-01,1,93.745,91.445,322.22,313.74,3.430914757504511,3.4062722370865735,3.408227518552362,311.4865647203817,1.0,1.0,1.0,313.74,-0.007208411044453434,0.0,-0.007208411044453434,False,True,False,0,1,1087.0,0.0,1087.0,1087.0,-0.0,1087.0,319.0,0.0,-319.0,0.0,319.0,-319.0,-5.4350000000000005,-1.595,-7.03,-2.3000000000000114,-0.024840631438375206,-0.0,-8.480000000000018,-0.02666992463474631,-0.0,0.0,0.0,0.0,0.0,0.0,0.0,0.0,0.0,0.0,0.0,0.0,0.0,0.0,-7.03,-509.23486638893087,-816.1855205555603
146,2024-08-01,2024-08-02,1,91.445,88.08,313.74,302.31,3.4322207084468666,3.408227518552362,3.410773577746496,300.19667983409204,1.0,1.0,1.0,302.31,-0.007015121668682011,0.0,-0.007015121668682011,False,True,False,1,1,1128.0,1087.0,1128.0,41.0,-0.0,41.0,331.0,-319.0,-331.0,0.0,12.0,-12.0,-0.20500000000000002,-0.06,-0.265,-3.364999999999995,-0.037492206242114454,-3657.7549999999947,-11.430000000000007,-0.03711163646767354,3646.1700000000023,-11.584999999992306,0.0,99400.715,99400.715,0.0,-100083.06,0.0,-100083.06,-2.780085,-682.3450000000012,199483.775,-100083.06,-2.780085,-14.630084999992306,-523.8649513889231,-830.8156055555526
147,2024-08-02,2024-08-05,3,88.08,85.59,302.31,293.99,3.434863885967987,3.410773577746496,3.4131678095864766,291.9281105193226,1.0,1.0,1.0,293.99,-0.007038178049536792,0.0,-0.007038178049536792,False,True,False,1,1,1160.0,1128.0,1160.0,32.0,-0.0,32.0,340.0,-331.0,-340.0,0.0,9.0,-9.0,-0.16,-0.045,-0.20500000000000002,-2.489999999999995,-0.02867703852090616,-2808.7199999999943,-8.319999999999993,-0.027907227805657134,2753.919999999998,-54.799999999996544,0.0,99354.24,99354.24,0.0,-100064.61,0.0,-100064.61,-8.338717500000001,-710.3699999999953,199418.85,-100064.61,-8.338717500000001,-63.34371749999654,-587.2086688889196,-894.1593230555491
148,2024-08-05,2024-08-06,1,85.59,86.535,293.99,296.81,3.429941642110129,3.4131678095864766,3.4156984671050976,295.3584764025657,1.0,1.0,1.0,296.81,-0.004902410588845324,0.0,-0.004902410588845324,False,True,False,1,1,1150.0,1160.0,1150.0,0.0,10.0,-10.0,337.0,-340.0,-337.0,3.0,-0.0,3.0,-0.05,-0.015,-0.065,0.9449999999999932,0.010980502483444048,1096.199999999992,2.819999999999993,0.009546450293246675,-958.7999999999977,137.3999999999944,0.0,99284.40000000001,99284.40000000001,0.0,-99956.6,0.0,-99956.6,-2.776572222222222,-672.1999999999971,199241.0,-99956.6,-2.776572222222222,134.55842777777218,-452.65024111114747,-759.600895277777
149,2024-08-06,2024-08-07,1,86.535,85.025,296.81,291.88,3.432872684504557,3.4156984671050976,3.418760226167097,290.41976216561096,1.0,1.0,1.0,291.88,-0.005015426727705914,0.0,-0.005015426727705914,False,True,False,1,1,1172.0,1150.0,1172.0,22.0,-0.0,22.0,343.0,-337.0,-343.0,0.0,6.0,-6.0,-0.11,-0.03,-0.14,-1.509999999999991,-0.01760362548370314,-1736.4999999999895,-4.930000000000007,-0.01674944455059102,1661.4100000000024,-75.08999999998719,0.0,99515.25,99515.25,0.0,-100024.97,0.0,-100024.97,-2.7784713888888892,-509.72000000000116,199540.22,-100024.97,-2.7784713888888892,-78.00847138887607,-530.6587125000235,-837.6093666666529
150,2024-08-07,2024-08-08,1,85.025,86.88,291.88,298.99,3.4414134438305712,3.418760226167097,3.4207007534004203,297.02188844939735,1.0,1.0,1.0,298.99,-0.006604293445423388,0.0,-0.006604293445423388,False,True,False,1,1,1142.0,1172.0,1142.0,0.0,30.0,-30.0,334.0,-343.0,-334.0,9.0,-0.0,9.0,-0.15,-0.045,-0.195,1.8549999999999898,0.02158252529236612,2174.059999999988,7.110000000000014,0.024067369117923187,-2438.7300000000046,-264.67000000001644,0.0,99649.3,99649.3,0.0,-100114.84,0.0,-100114.84,-2.7809677777777777,-465.5399999999936,199764.14,-100114.84,-2.7809677777777777,-267.6459677777942,-798.3046802778177,-1105.2553344444473
151,2024-08-08,2024-08-09,1,86.88,87.17,298.99,300.0,3.441550992313869,3.4207007534004203,3.422461315183851,298.18248467391464,1.0,1.0,1.0,300.0,-0.006076810891971329,0.0,-0.006076810891971329,False,True,False,1,1,1139.0,1142.0,1139.0,0.0,3.0,-3.0,333.0,-334.0,-333.0,1.0,-0.0,1.0,-0.015,-0.005,-0.02,0.29000000000000625,0.0033323788378593886,331.1800000000071,1.009999999999991,0.003372346640858489,-337.33999999999696,-6.15999999998985,0.0,99216.95999999999,99216.95999999999,0.0,-99862.66,0.0,-99862.66,-2.7739627777777778,-645.7000000000116,199079.62,-99862.66,-2.7739627777777778,-8.953962777767627,-807.2586430555854,-1114.209297222215
152,2024-08-09,2024-08-12,3,87.17,86.825,300.0,298.21,3.4346098473941833,3.422461315183851,3.4241756000981303,297.1552036908379,1.0,1.0,1.0,298.21,-0.003543362649480864,0.0,-0.003543362649480864,False,True,False,1,1,1147.0,1139.0,1147.0,8.0,-0.0,8.0,335.0,-333.0,-335.0,0.0,2.0,-2.0,-0.04,-0.01,-0.05,-0.34499999999999886,-0.003965636393346954,-392.9549999999987,-1.7900000000000205,-0.005984538347256478,596.0700000000068,203.11500000000808,0.0,99286.63,99286.63,0.0,-99900.0,0.0,-99900.0,-8.325,-613.3699999999953,199186.63,-99900.0,-8.325,194.74000000000808,-612.5186430555773,-919.4692972222067
153,2024-08-12,2024-08-13,1,86.825,89.0,298.21,305.22,3.429438202247191,3.4241756000981303,3.425226349450346,304.7516284087336,1.0,1.0,1.0,305.22,-0.0015357162907391707,0.0,-0.0015357162907391707,False,True,False,1,1,1123.0,1147.0,1123.0,0.0,24.0,-24.0,328.0,-335.0,-328.0,7.0,-0.0,7.0,-0.12,-0.035,-0.155,2.174999999999997,0.024741771102002125,2494.7249999999967,7.010000000000048,0.023234891753784074,-2348.350000000016,146.3749999999809,0.0,99588.27500000001,99588.27500000001,0.0,-99900.34999999999,0.0,-99900.34999999999,-2.775009722222222,-312.07499999998254,199488.625,-99900.34999999999,-2.775009722222222,143.44499027775868,-469.0736527778186,-776.0243069444481
154,2024-08-13,2024-08-14,1,89.0,88.525,305.22,303.4,3.4272804292572716,3.425226349450346,3.4263265944702743,303.2181625850919,1.0,1.0,1.0,303.4,-0.0005995119551958529,0.0,-0.0005995119551958529,False,False,True,1,0,1130.0,1123.0,0.0,0.0,1123.0,-1123.0,330.0,-328.0,0.0,328.0,-0.0,328.0,-5.615,-1.6400000000000001,-7.255000000000001,-0.4749999999999943,-0.005351371734172326,-533.4249999999936,-1.82000000000005,-0.005980761148296958,596.9600000000164,63.53500000002282,0.0,99947.0,99947.0,0.0,-100112.16,0.0,-100112.16,-2.7808933333333337,-165.1600000000035,200059.16,-100112.16,-2.7808933333333337,53.499106666689485,-415.5745461111291,-722.5252002777586
155,2024-08-14,2024-08-15,1,88.525,91.35,303.4,313.58,3.4327312534209087,3.4263265944702743,3.428195347114935,312.9949344048595,1.0,1.0,1.0,313.58,-0.0018675045331471045,0.0,-0.0018675045331471045,False,True,False,0,1,1093.0,0.0,1093.0,1093.0,-0.0,1093.0,319.0,0.0,-319.0,0.0,319.0,-319.0,-5.465,-1.595,-7.06,2.8249999999999886,0.031413284826048146,0.0,10.180000000000007,0.03300244401787255,0.0,0.0,0.0,0.0,0.0,0.0,0.0,0.0,0.0,0.0,0.0,0.0,0.0,0.0,-7.06,-422.6345461111291,-729.5852002777585
156,2024-08-15,2024-08-16,1,91.35,91.565,313.58,314.39,3.43351717359253,3.428195347114935,3.4297684423634336,313.902706958579,1.0,1.0,1.0,314.39,-0.0015511659891351936,0.0,-0.0015511659891351936,False,True,False,1,1,1090.0,1093.0,1090.0,0.0,3.0,-3.0,318.0,-319.0,-318.0,1.0,-0.0,1.0,-0.015,-0.005,-0.02,0.2150000000000034,0.0023508197688962645,234.99500000000373,0.8100000000000023,0.0025797425011298124,-258.3900000000007,-23.394999999996998,0.0,99845.54999999999,99845.54999999999,0.0,-100032.01999999999,0.0,-100032.01999999999,-2.778667222222222,-186.47000000000116,199877.56999999998,-100032.01999999999,-2.778667222222222,-26.19366722221922,-448.82821333334834,-755.7788674999779
157,2024-08-16,2024-08-19,3,91.565,92.69,314.39,317.62,3.4266911209407707,3.4297684423634336,3.4312325539192146,317.90523692266663,1.0,1.0,1.0,317.62,0.0008976415891853953,0.0,0.0008976415891853953,False,False,True,1,0,1080.0,1090.0,0.0,0.0,1090.0,-1090.0,315.0,-318.0,0.0,318.0,-0.0,318.0,-5.45,-1.59,-7.04,1.125,0.012211489294829311,1226.25,3.230000000000018,0.010221446249066419,-1027.1400000000058,199.10999999999422,0.0,99805.84999999999,99805.84999999999,0.0,-99976.01999999999,0.0,-99976.01999999999,-8.331335,-170.16999999999825,199781.87,-99976.01999999999,-8.331335,183.73866499999423,-265.0895483333541,-572.0402024999836
158,2024-08-19,2024-08-20,1,92.69,92.605,317.62,316.7,3.4199017331677553,3.4312325539192146,3.4316515415457034,317.74929065568887,1.0,1.0,1.0,316.7,0.0033077241249601427,0.0,0.0033077241249601427,False,False,True,0,0,1084.0,0.0,0.0,0.0,-0.0,0.0,316.0,0.0,0.0,0.0,-0.0,0.0,-0.0,-0.0,0.0,-0.08499999999999375,-0.0009174560129762317,-0.0,-0.9200000000000159,-0.002900746137906529,-0.0,0.0,0.0,0.0,0.0,0.0,0.0,0.0,0.0,0.0,0.0,0.0,0.0,0.0,0.0,-265.0895483333541,-572.0402024999836
159,2024-08-20,2024-08-21,1,92.605,93.775,316.7,320.87,3.4217008797653956,3.4316515415457034,3.4319699004815734,321.80312330844833,1.0,1.0,1.0,320.87,0.002903883577272295,0.0,0.002903883577272295,False,False,True,0,0,1071.0,0.0,0.0,0.0,-0.0,0.0,312.0,0.0,0.0,0.0,-0.0,0.0,-0.0,-0.0,0.0,1.1700000000000017,0.01255516009318603,0.0,4.170000000000016,0.013081103133406609,0.0,0.0,0.0,0.0,0.0,0.0,0.0,0.0,0.0,0.0,0.0,0.0,0.0,0.0,0.0,-265.0895483333541,-572.0402024999836
160,2024-08-21,2024-08-22,1,93.775,92.155,320.87,315.86,3.4274863002550053,3.4319699004815734,3.4318507773194527,316.27318617887937,1.0,1.0,1.0,315.86,0.0013072758929823787,0.0,0.0013072758929823787,False,False,True,0,0,1088.0,0.0,0.0,0.0,-0.0,0.0,317.0,0.0,0.0,0.0,-0.0,0.0,-0.0,-0.0,0.0,-1.6200000000000045,-0.017426353964365086,-0.0,-5.009999999999991,-0.015736979236092075,-0.0,0.0,0.0,0.0,0.0,0.0,0.0,0.0,0.0,0.0,0.0,0.0,0.0,0.0,0.0,-265.0895483333541,-572.0402024999836
161,2024-08-22,2024-08-23,1,92.155,93.935,315.86,322.5,3.43322510246447,3.4318507773194527,3.4313473098097425,322.3709027675028,1.0,1.0,1.0,322.5,-0.00040038163814728935,0.0,-0.00040038163814728935,False,False,True,0,0,1064.0,0.0,0.0,0.0,-0.0,0.0,310.0,0.0,0.0,0.0,-0.0,0.0,-0.0,-0.0,0.0,1.7800000000000011,0.019131111715676167,0.0,6.639999999999986,0.020804058793918563,0.0,0.0,0.0,0.0,0.0,0.0,0.0,0.0,0.0,0.0,0.0,0.0,0.0,0.0,0.0,-265.0895483333541,-572.0402024999836
162,2024-08-23,2024-08-26,3,93.935,93.205,322.5,320.48,3.438442143661821,3.4313473098097425,3.4318646986905605,319.81872601081704,1.0,1.0,1.0,320.48,-0.0020655178510373844,0.0,-0.0020655178510373844,False,True,False,0,1,1071.0,0.0,1071.0,1071.0,-0.0,1071.0,312.0,0.0,-312.0,0.0,312.0,-312.0,-5.355,-1.56,-6.915000000000001,-0.730000000000004,-0.007801685398053509,-0.0,-2.019999999999982,-0.006283264318319,-0.0,0.0,0.0,0.0,0.0,0.0,0.0,0.0,0.0,0.0,0.0,0.0,0.0,0.0,-6.915000000000001,-272.00454833335414,-578.9552024999837
163,2024-08-26,2024-08-27,1,93.205,92.96,320.48,319.1,3.4326592082616183,3.4318646986905605,3.431932907979772,319.0261423902745,1.0,1.0,1.0,319.1,-0.00023148279046726963,0.0,-0.00023148279046726963,False,False,True,1,0,1074.0,1071.0,0.0,0.0,1071.0,-1071.0,313.0,-312.0,0.0,312.0,-0.0,312.0,-5.355,-1.56,-6.915000000000001,-0.24500000000000455,-0.002632075217607821,-262.39500000000487,-1.3799999999999955,-0.00431533863331029,430.5599999999986,168.1649999999937,0.0,99822.555,99822.555,0.0,-99989.76000000001,0.0,-99989.76000000001,-2.7774933333333336,-167.2050000000163,199812.315,-99989.76000000001,-2.7774933333333336,158.4725066666604,-113.53204166669374,-420.4826958333232
164,2024-08-27,2024-08-28,1,92.96,92.06,319.1,315.66,3.4288507495111884,3.431932907979772,3.43151561293093,315.94374350861784,1.0,1.0,1.0,315.66,0.0008984858960142276,0.0,0.0008984858960142276,False,False,True,0,0,1088.0,0.0,0.0,0.0,-0.0,0.0,317.0,0.0,0.0,0.0,-0.0,0.0,-0.0,-0.0,0.0,-0.8999999999999915,-0.009728754714505586,-0.0,-3.4399999999999977,-0.010838848313426942,-0.0,0.0,0.0,0.0,0.0,0.0,0.0,0.0,0.0,0.0,0.0,0.0,0.0,0.0,0.0,-113.53204166669374,-420.4826958333232
165,2024-08-28,2024-08-29,1,92.06,92.17,315.66,316.51,3.43398068785939,3.43151561293093,3.431668909448674,316.2827940438438,1.0,1.0,1.0,316.51,-0.0007181054147849099,0.0,-0.0007181054147849099,False,False,True,0,0,1084.0,0.0,0.0,0.0,-0.0,0.0,316.0,0.0,0.0,0.0,-0.0,0.0,-0.0,-0.0,0.0,0.10999999999999943,0.0011941596164774355,0.0,0.8499999999999659,0.0026891516909495422,0.0,0.0,0.0,0.0,0.0,0.0,0.0,0.0,0.0,0.0,0.0,0.0,0.0,0.0,0.0,-113.53204166669374,-420.4826958333232
166,2024-08-29,2024-08-30,1,92.17,93.56,316.51,320.53,3.4259298845660533,3.431668909448674,3.4313543682546332,321.06694316801793,1.0,1.0,1.0,320.53,0.0016737713578279356,0.0,0.0016737713578279356,True,False,True,0,0,1071.0,0.0,0.0,0.0,-0.0,0.0,312.0,0.0,0.0,0.0,-0.0,0.0,-0.0,-0.0,0.0,1.3900000000000006,0.014968243710405504,0.0,4.019999999999982,0.012621039062596798,0.0,0.0,0.0,0.0,0.0,0.0,0.0,0.0,0.0,0.0,0.0,0.0,0.0,0.0,0.0,-113.53204166669374,-420.4826958333232
167,2024-08-30,2024-09-03,4,93.56,92.275,320.53,314.96,3.4132755350853423,3.4313543682546332,3.4302749507105013,316.6282243306963,1.0,1.0,1.0,314.96,0.005282645071368054,0.0,0.005282645071368054,False,False,True,0,0,1091.0,0.0,0.0,0.0,-0.0,0.0,318.0,0.0,0.0,0.0,-0.0,0.0,-0.0,-0.0,0.0,-1.2849999999999966,-0.013829692799915928,-0.0,-5.569999999999993,-0.01753022908883528,-0.0,0.0,0.0,0.0,0.0,0.0,0.0,0.0,0.0,0.0,0.0,0.0,0.0,0.0,0.0,-113.53204166669374,-420.4826958333232
168,2024-09-03,2024-09-04,1,92.275,92.515,314.96,315.63,3.411662973571853,3.4302749507105013,3.429361017283587,317.351887064982,1.0,1.0,1.0,315.63,0.005440570567533507,0.0,0.005440570567533507,False,False,True,0,0,1087.0,0.0,0.0,0.0,-0.0,0.0,317.0,0.0,0.0,0.0,-0.0,0.0,-0.0,-0.0,0.0,0.23999999999999488,0.0025975446176171165,0.0,0.6700000000000159,0.0021249948528240786,0.0,0.0,0.0,0.0,0.0,0.0,0.0,0.0,0.0,0.0,0.0,0.0,0.0,0.0,0.0,-113.53204166669374,-420.4826958333232
169,2024-09-04,2024-09-05,1,92.515,93.565,315.63,318.91,3.4084326404104104,3.429361017283587,3.42813901507888,320.86816358213883,1.0,1.0,1.0,318.91,0.006121402099102849,0.0,0.006121402099102849,False,False,True,0,0,1077.0,0.0,0.0,0.0,-0.0,0.0,314.0,0.0,0.0,0.0,-0.0,0.0,-0.0,-0.0,0.0,1.0499999999999972,0.011285588396072223,0.0,3.2800000000000296,0.010338289828471979,0.0,0.0,0.0,0.0,0.0,0.0,0.0,0.0,0.0,0.0,0.0,0.0,0.0,0.0,0.0,-113.53204166669374,-420.4826958333232
170,2024-09-05,2024-09-06,1,93.565,91.2,318.91,311.07,3.4108552631578943,3.42813901507888,3.4266111060452458,312.64627817519386,1.0,1.0,1.0,311.07,0.005054482578756378,0.0,0.005054482578756378,False,False,True,0,0,1100.0,0.0,0.0,0.0,-0.0,0.0,321.0,0.0,0.0,0.0,-0.0,0.0,-0.0,-0.0,0.0,-2.364999999999995,-0.025601484849466033,-0.0,-7.840000000000032,-0.024890964078481657,-0.0,0.0,0.0,0.0,0.0,0.0,0.0,0.0,0.0,0.0,0.0,0.0,0.0,0.0,0.0,-113.53204166669374,-420.4826958333232
171,2024-09-06,2024-09-09,3,91.2,92.53,311.07,314.87,3.402896357937966,3.4266111060452458,3.424678374326451,317.0643256423666,1.0,1.0,1.0,314.87,0.006944818069759135,0.0,0.006944818069759135,False,False,True,0,0,1090.0,0.0,0.0,0.0,-0.0,0.0,318.0,0.0,0.0,0.0,-0.0,0.0,-0.0,-0.0,0.0,1.3299999999999983,0.014478019180653235,0.0,3.8000000000000114,0.012141887991210677,0.0,0.0,0.0,0.0,0.0,0.0,0.0,0.0,0.0,0.0,0.0,0.0,0.0,0.0,0.0,-113.53204166669374,-420.4826958333232
172,2024-09-09,2024-09-10,1,92.53,93.59,314.87,318.01,3.3979057591623034,3.424678374326451,3.4228431699148567,320.51564905321254,1.0,1.0,1.0,318.01,0.007848273341203508,0.0,0.007848273341203508,False,False,True,0,0,1075.0,0.0,0.0,0.0,-0.0,0.0,314.0,0.0,0.0,0.0,-0.0,0.0,-0.0,-0.0,0.0,1.0600000000000023,0.01139062390822622,0.0,3.1399999999999864,0.009922973597118093,0.0,0.0,0.0,0.0,0.0,0.0,0.0,0.0,0.0,0.0,0.0,0.0,0.0,0.0,0.0,-113.53204166669374,-420.4826958333232
173,2024-09-10,2024-09-11,1,93.59,94.525,318.01,321.21,3.3981486379264743,3.4228431699148567,3.4212786916988214,323.54425063620187,1.0,1.0,1.0,321.21,0.0072407768770691204,0.0,0.0072407768770691204,False,False,True,0,0,1065.0,0.0,0.0,0.0,-0.0,0.0,311.0,0.0,0.0,0.0,-0.0,0.0,-0.0,-0.0,0.0,0.9350000000000023,0.009940809607831471,0.0,3.1999999999999886,0.010012286011663001,0.0,0.0,0.0,0.0,0.0,0.0,0.0,0.0,0.0,0.0,0.0,0.0,0.0,0.0,0.0,-113.53204166669374,-420.4826958333232
174,2024-09-11,2024-09-12,1,94.525,95.59,321.21,325.41,3.40422638351292,3.4212786916988214,3.4201259894116034,327.04003013949034,1.0,1.0,1.0,325.41,0.004996654013466831,0.0,0.004996654013466831,False,False,True,0,0,1050.0,0.0,0.0,0.0,-0.0,0.0,307.0,0.0,0.0,0.0,-0.0,0.0,-0.0,-0.0,0.0,1.0649999999999977,0.011203862298674701,0.0,4.2000000000000455,0.01299081088194759,0.0,0.0,0.0,0.0,0.0,0.0,0.0,0.0,0.0,0.0,0.0,0.0,0.0,0.0,0.0,-113.53204166669374,-420.4826958333232
175,2024-09-12,2024-09-13,1,95.59,96.24,325.41,328.58,3.4141729010806317,3.4201259894116034,3.4191980717945896,329.1529252209727,1.0,1.0,1.0,328.58,0.0017421215934474712,0.0,0.0017421215934474712,False,False,True,0,0,1040.0,0.0,0.0,0.0,-0.0,0.0,304.0,0.0,0.0,0.0,-0.0,0.0,-0.0,-0.0,0.0,0.6499999999999915,0.006776859590752165,0.0,3.169999999999959,0.009694413757954856,0.0,0.0,0.0,0.0,0.0,0.0,0.0,0.0,0.0,0.0,0.0,0.0,0.0,0.0,0.0,-113.53204166669374,-420.4826958333232
176,2024-09-13,2024-09-16,3,96.24,96.075,328.58,327.99,3.413895394223263,3.4191980717945896,3.4182169828261264,328.4994547476652,1.0,1.0,1.0,327.99,0.001552057984325472,0.0,0.001552057984325472,False,False,True,0,0,1043.0,0.0,0.0,0.0,-0.0,0.0,305.0,0.0,0.0,0.0,-0.0,0.0,-0.0,-0.0,0.0,-0.16499999999999204,-0.0017159352155157732,-0.0,-0.589999999999975,-0.0017972193636875407,-0.0,0.0,0.0,0.0,0.0,0.0,0.0,0.0,0.0,0.0,0.0,0.0,0.0,0.0,0.0,-113.53204166669374,-420.4826958333232
177,2024-09-16,2024-09-17,1,96.075,96.565,327.99,330.27,3.4201832962253405,3.4182169828261264,3.4178915915903545,330.0801229466049,1.0,1.0,1.0,330.27,-0.0005750799523767017,0.0,-0.0005750799523767017,False,False,True,0,0,1036.0,0.0,0.0,0.0,-0.0,0.0,303.0,0.0,0.0,0.0,-0.0,0.0,-0.0,-0.0,0.0,0.4899999999999949,0.005087220273654966,0.0,2.2799999999999727,0.006927381635918258,0.0,0.0,0.0,0.0,0.0,0.0,0.0,0.0,0.0,0.0,0.0,0.0,0.0,0.0,0.0,-113.53204166669374,-420.4826958333232
178,2024-09-17,2024-09-18,1,96.565,96.375,330.27,329.67,3.4207003891050585,3.4178915915903545,3.4179315243872197,329.3993021395204,1.0,1.0,1.0,329.67,-0.0008214549663376254,0.0,-0.0008214549663376254,False,False,True,0,0,1036.0,0.0,0.0,0.0,-0.0,0.0,303.0,0.0,0.0,0.0,-0.0,0.0,-0.0,-0.0,0.0,-0.18999999999999773,-0.0019695248410691105,-0.0,-0.5999999999999659,-0.0018183476234790259,-0.0,0.0,0.0,0.0,0.0,0.0,0.0,0.0,0.0,0.0,0.0,0.0,0.0,0.0,0.0,-113.53204166669374,-420.4826958333232
179,2024-09-18,2024-09-19,1,96.375,98.57,329.67,337.17,3.420614791518718,3.4179315243872197,3.417877219974886,336.90551035884823,1.0,1.0,1.0,337.17,-0.0007847478529054969,0.0,-0.0007847478529054969,False,False,True,0,0,1015.0,0.0,0.0,0.0,-0.0,0.0,297.0,0.0,0.0,0.0,-0.0,0.0,-0.0,-0.0,0.0,2.194999999999993,0.022520123793854006,0.0,7.5,0.022495100071343078,0.0,0.0,0.0,0.0,0.0,0.0,0.0,0.0,0.0,0.0,0.0,0.0,0.0,0.0,0.0,-113.53204166669374,-420.4826958333232
180,2024-09-19,2024-09-20,1,98.57,98.345,337.17,336.24,3.4189841883166405,3.417877219974886,3.417452114377968,336.1311351984302,1.0,1.0,1.0,336.24,-0.0003238235457237787,0.0,-0.0003238235457237787,False,False,True,0,0,1015.0,0.0,0.0,0.0,-0.0,0.0,297.0,0.0,0.0,0.0,-0.0,0.0,-0.0,-0.0,0.0,-0.22499999999999432,-0.002285250975491557,-0.0,-0.9300000000000068,-0.0027620635014242046,-0.0,0.0,0.0,0.0,0.0,0.0,0.0,0.0,0.0,0.0,0.0,0.0,0.0,0.0,0.0,-113.53204166669374,-420.4826958333232
181,2024-09-20,2024-09-23,3,98.345,99.335,336.24,339.33,3.4160165097901043,3.417452114377968,3.4165916847442497,339.4726057817354,1.0,1.0,1.0,339.33,0.0004201686399514348,0.0,0.0004201686399514348,False,False,True,0,0,1008.0,0.0,0.0,0.0,-0.0,0.0,295.0,0.0,0.0,0.0,-0.0,0.0,-0.0,-0.0,0.0,0.9899999999999949,0.010016271518170819,0.0,3.089999999999975,0.00914789451453811,0.0,0.0,0.0,0.0,0.0,0.0,0.0,0.0,0.0,0.0,0.0,0.0,0.0,0.0,0.0,-113.53204166669374,-420.4826958333232
182,2024-09-23,2024-09-24,1,99.335,100.205,339.33,341.94,3.412404570630208,3.4165916847442497,3.4152898060926686,342.35956976979753,1.0,1.0,1.0,341.94,0.0012262752774081572,0.0,0.0012262752774081572,False,False,True,0,0,998.0,0.0,0.0,0.0,-0.0,0.0,292.0,0.0,0.0,0.0,-0.0,0.0,-0.0,-0.0,0.0,0.8700000000000045,0.008720111385364791,0.0,2.6100000000000136,0.007662197863563878,0.0,0.0,0.0,0.0,0.0,0.0,0.0,0.0,0.0,0.0,0.0,0.0,0.0,0.0,0.0,-113.53204166669374,-420.4826958333232
183,2024-09-24,2024-09-25,1,100.205,99.845,341.94,340.14,3.4066803545495516,3.4152898060926686,3.413990863407066,340.9996106893225,1.0,1.0,1.0,340.14,0.0025240380450565827,0.0,0.0025240380450565827,False,False,True,0,0,1004.0,0.0,0.0,0.0,-0.0,0.0,294.0,0.0,0.0,0.0,-0.0,0.0,-0.0,-0.0,0.0,-0.35999999999999943,-0.0035991041100367394,-0.0,-1.8000000000000114,-0.005277985510695935,-0.0,0.0,0.0,0.0,0.0,0.0,0.0,0.0,0.0,0.0,0.0,0.0,0.0,0.0,0.0,-113.53204166669374,-420.4826958333232
184,2024-09-25,2024-09-26,1,99.845,100.27,340.14,341.57,3.4065024434028124,3.413990863407066,3.4128734481016467,342.3208638738265,1.0,1.0,1.0,341.57,0.002195859647204231,0.0,0.002195859647204231,False,False,True,0,0,1000.0,0.0,0.0,0.0,-0.0,0.0,293.0,0.0,0.0,0.0,-0.0,0.0,-0.0,-0.0,0.0,0.42499999999999716,0.004247564040478939,0.0,1.4300000000000068,0.004195338479517172,0.0,0.0,0.0,0.0,0.0,0.0,0.0,0.0,0.0,0.0,0.0,0.0,0.0,0.0,0.0,-113.53204166669374,-420.4826958333232
185,2024-09-26,2024-09-27,1,100.27,100.42,341.57,341.36,3.399322844054969,3.4128734481016467,3.4111405559114254,342.72075165836736,1.0,1.0,1.0,341.36,0.003978341591424734,0.0,0.003978341591424734,False,False,True,0,0,1000.0,0.0,0.0,0.0,-0.0,0.0,293.0,0.0,0.0,0.0,-0.0,0.0,-0.0,-0.0,0.0,0.15000000000000568,0.00149484307072561,0.0,-0.20999999999997954,-0.0006149971640398267,-0.0,0.0,0.0,0.0,0.0,0.0,0.0,0.0,0.0,0.0,0.0,0.0,0.0,0.0,0.0,-113.53204166669374,-420.4826958333232
186,2024-09-27,2024-09-30,3,100.42,100.185,341.36,340.48,3.398512751409892,3.4111405559114254,3.409769699253618,341.74511659398615,1.0,1.0,1.0,340.48,0.0037087993783110947,0.0,0.0037087993783110947,True,False,True,0,0,1003.0,0.0,0.0,0.0,-0.0,0.0,294.0,0.0,0.0,0.0,-0.0,0.0,-0.0,-0.0,0.0,-0.23499999999999943,-0.0023429137608504246,-0.0,-0.8799999999999955,-0.002581252166519639,-0.0,0.0,0.0,0.0,0.0,0.0,0.0,0.0,0.0,0.0,0.0,0.0,0.0,0.0,0.0,-113.53204166669374,-420.4826958333232
187,2024-09-30,2024-10-01,1,100.185,99.78,340.48,338.65,3.3939667267989573,3.409769699253618,3.408804258839298,340.226820591526,1.0,1.0,1.0,338.65,0.004645388910914812,0.0,0.004645388910914812,False,False,True,0,0,1006.0,0.0,0.0,0.0,-0.0,0.0,295.0,0.0,0.0,0.0,-0.0,0.0,-0.0,-0.0,0.0,-0.40500000000000114,-0.004050714412817698,-0.0,-1.830000000000041,-0.005389261052312381,-0.0,0.0,0.0,0.0,0.0,0.0,0.0,0.0,0.0,0.0,0.0,0.0,0.0,0.0,0.0,-113.53204166669374,-420.4826958333232
188,2024-10-01,2024-10-02,1,99.78,98.935,338.65,335.61,3.3922272198918484,3.408804258839298,3.407832471155298,337.250049348266,1.0,1.0,1.0,335.61,0.004874869886379215,0.0,0.004874869886379215,False,False,True,0,0,1016.0,0.0,0.0,0.0,-0.0,0.0,298.0,0.0,0.0,0.0,-0.0,0.0,-0.0,-0.0,0.0,-0.8449999999999989,-0.008504693588487962,-0.0,-3.0399999999999636,-0.009017354133963769,-0.0,0.0,0.0,0.0,0.0,0.0,0.0,0.0,0.0,0.0,0.0,0.0,0.0,0.0,0.0,-113.53204166669374,-420.4826958333232
189,2024-10-02,2024-10-03,1,98.935,97.79,335.61,332.15,3.396564065855404,3.407832471155298,3.4072390424275483,333.2519373542766,1.0,1.0,1.0,332.15,0.003312098446878308,0.0,0.003312098446878308,False,False,True,0,0,1026.0,0.0,0.0,0.0,-0.0,0.0,301.0,0.0,0.0,0.0,-0.0,0.0,-0.0,-0.0,0.0,-1.144999999999996,-0.01164074652021949,-0.0,-3.4600000000000364,-0.010363097415698791,-0.0,0.0,0.0,0.0,0.0,0.0,0.0,0.0,0.0,0.0,0.0,0.0,0.0,0.0,0.0,-113.53204166669374,-420.4826958333232
190,2024-10-03,2024-10-04,1,97.79,99.085,332.15,336.62,3.397285159206742,3.4072390424275483,3.40656053722999,337.6062805189336,1.0,1.0,1.0,336.62,0.002925668283600333,0.0,0.002925668283600333,False,False,True,0,0,1012.0,0.0,0.0,0.0,-0.0,0.0,297.0,0.0,0.0,0.0,-0.0,0.0,-0.0,-0.0,0.0,1.2949999999999875,0.013155745294992333,0.0,4.470000000000027,0.013368023586769992,0.0,0.0,0.0,0.0,0.0,0.0,0.0,0.0,0.0,0.0,0.0,0.0,0.0,0.0,0.0,-113.53204166669374,-420.4826958333232
191,2024-10-04,2024-10-07,3,99.085,97.545,336.62,331.23,3.3956635399046595,3.40656053722999,3.4061988963283247,332.29294760409937,1.0,1.0,1.0,331.23,0.0032039540372459743,0.0,0.0032039540372459743,False,False,True,0,0,1029.0,0.0,0.0,0.0,-0.0,0.0,302.0,0.0,0.0,0.0,-0.0,0.0,-0.0,-0.0,0.0,-1.539999999999992,-0.015664257629951335,-0.0,-5.389999999999986,-0.016141699578864795,-0.0,0.0,0.0,0.0,0.0,0.0,0.0,0.0,0.0,0.0,0.0,0.0,0.0,0.0,0.0,-113.53204166669374,-420.4826958333232
192,2024-10-07,2024-10-08,1,97.545,98.495,331.23,333.81,3.389106045992182,3.4061988963283247,3.4057589106698187,335.49356029385837,1.0,1.0,1.0,333.81,0.005030793034687075,0.0,0.005030793034687075,False,False,True,0,0,1022.0,0.0,0.0,0.0,-0.0,0.0,300.0,0.0,0.0,0.0,-0.0,0.0,-0.0,-0.0,0.0,0.9500000000000028,0.009691975479094027,0.0,2.579999999999984,0.0077589707185634505,0.0,0.0,0.0,0.0,0.0,0.0,0.0,0.0,0.0,0.0,0.0,0.0,0.0,0.0,0.0,-113.53204166669374,-420.4826958333232
193,2024-10-08,2024-10-09,1,98.495,99.2,333.81,335.52,3.3822580645161286,3.4057589106698187,3.4049643819993016,337.85128393844604,1.0,1.0,1.0,335.52,0.0069242431583413245,0.0,0.0069242431583413245,False,False,True,0,0,1015.0,0.0,0.0,0.0,-0.0,0.0,298.0,0.0,0.0,0.0,-0.0,0.0,-0.0,-0.0,0.0,0.7049999999999983,0.007132228822508242,0.0,1.7099999999999795,0.005109598315890961,0.0,0.0,0.0,0.0,0.0,0.0,0.0,0.0,0.0,0.0,0.0,0.0,0.0,0.0,0.0,-113.53204166669374,-420.4826958333232
194,2024-10-09,2024-10-10,1,99.2,98.71,335.52,334.39,3.3876000405227433,3.4049643819993016,3.4041330648497925,336.104034147151,1.0,1.0,1.0,334.39,0.0051127610199062255,0.0,0.0051127610199062255,False,False,True,0,0,1018.0,0.0,0.0,0.0,-0.0,0.0,299.0,0.0,0.0,0.0,-0.0,0.0,-0.0,-0.0,0.0,-0.4900000000000091,-0.004951755861030564,-0.0,-1.1299999999999955,-0.0033735906964260124,-0.0,0.0,0.0,0.0,0.0,0.0,0.0,0.0,0.0,0.0,0.0,0.0,0.0,0.0,0.0,-113.53204166669374,-420.4826958333232
195,2024-10-10,2024-10-11,1,98.71,98.29,334.39,333.92,3.3972937226574422,3.4041330648497925,3.403289105928633,334.59223894408615,1.0,1.0,1.0,333.92,0.00201114992818373,0.0,0.00201114992818373,False,False,True,0,0,1018.0,0.0,0.0,0.0,-0.0,0.0,299.0,0.0,0.0,0.0,-0.0,0.0,-0.0,-0.0,0.0,-0.4199999999999875,-0.004263965851258462,-0.0,-0.46999999999997044,-0.0014065331282930866,-0.0,0.0,0.0,0.0,0.0,0.0,0.0,0.0,0.0,0.0,0.0,0.0,0.0,0.0,0.0,-113.53204166669374,-420.4826958333232
196,2024-10-11,2024-10-14,3,98.29,98.72,333.92,334.92,3.392625607779579,3.403289105928633,3.4022256166064486,335.97270053727465,1.0,1.0,1.0,334.92,0.0031382109251745782,0.0,0.0031382109251745782,False,False,True,0,0,1018.0,0.0,0.0,0.0,-0.0,0.0,299.0,0.0,0.0,0.0,-0.0,0.0,-0.0,-0.0,0.0,0.4299999999999926,0.0043652675785396085,0.0,1.0,0.0029902540073404606,0.0,0.0,0.0,0.0,0.0,0.0,0.0,0.0,0.0,0.0,0.0,0.0,0.0,0.0,0.0,-113.53204166669374,-420.4826958333232
197,2024-10-14,2024-10-15,1,98.72,98.935,334.92,335.6,3.392126143427503,3.4022256166064486,3.4008227589665574,336.599191378959,1.0,1.0,1.0,335.6,0.0029729048403856688,0.0,0.0029729048403856688,False,False,True,0,0,1014.0,0.0,0.0,0.0,-0.0,0.0,298.0,0.0,0.0,0.0,-0.0,0.0,-0.0,-0.0,0.0,0.2150000000000034,0.0021755086873256058,0.0,0.6800000000000068,0.0020282772568200147,0.0,0.0,0.0,0.0,0.0,0.0,0.0,0.0,0.0,0.0,0.0,0.0,0.0,0.0,0.0,-113.53204166669374,-420.4826958333232
198,2024-10-15,2024-10-16,1,98.935,99.455,335.6,337.51,3.3935950932582575,3.4008227589665574,3.3994674941742167,338.22882749301897,1.0,1.0,1.0,337.51,0.0021275313328579337,0.0,0.0021275313328579337,False,False,True,0,0,1007.0,0.0,0.0,0.0,-0.0,0.0,296.0,0.0,0.0,0.0,-0.0,0.0,-0.0,-0.0,0.0,0.519999999999996,0.005242211712620606,0.0,1.9099999999999682,0.005675164910214042,0.0,0.0,0.0,0.0,0.0,0.0,0.0,0.0,0.0,0.0,0.0,0.0,0.0,0.0,0.0,-113.53204166669374,-420.4826958333232
199,2024-10-16,2024-10-17,1,99.455,99.365,337.51,337.25,3.394052231671112,3.3994674941742167,3.3981393661818364,337.78808755862104,1.0,1.0,1.0,337.25,0.0015942438878808946,0.0,0.0015942438878808946,False,False,True,0,0,1010.0,0.0,0.0,0.0,-0.0,0.0,297.0,0.0,0.0,0.0,-0.0,0.0,-0.0,-0.0,0.0,-0.09000000000000341,-0.0009053415767762938,-0.0,-0.2599999999999909,-0.0007706444154000008,-0.0,0.0,0.0,0.0,0.0,0.0,0.0,0.0,0.0,0.0,0.0,0.0,0.0,0.0,0.0,-113.53204166669374,-420.4826958333232
200,2024-10-17,2024-10-18,1,99.365,99.755,337.25,338.91,3.397423688035688,3.3981393661818364,3.3970613411677895,338.9813924734691,1.0,1.0,1.0,338.91,0.0002106310082284501,0.0,0.0002106310082284501,False,False,True,0,0,1002.0,0.0,0.0,0.0,-0.0,0.0,295.0,0.0,0.0,0.0,-0.0,0.0,-0.0,-0.0,0.0,0.39000000000000057,0.003917240846776749,0.0,1.660000000000025,0.0049100903190819264,0.0,0.0,0.0,0.0,0.0,0.0,0.0,0.0,0.0,0.0,0.0,0.0,0.0,0.0,0.0,-113.53204166669374,-420.4826958333232
201,2024-10-18,2024-10-21,3,99.755,98.98,338.91,335.37,3.3882602545968883,3.3970613411677895,3.3956735284081283,336.2411315487878,1.0,1.0,1.0,335.37,0.0025941560417936573,0.0,0.0025941560417936573,False,False,True,0,0,1012.0,0.0,0.0,0.0,-0.0,0.0,298.0,0.0,0.0,0.0,-0.0,0.0,-0.0,-0.0,0.0,-0.7749999999999915,-0.007799370303284403,-0.0,-3.5400000000000205,-0.01050018545660308,-0.0,0.0,0.0,0.0,0.0,0.0,0.0,0.0,0.0,0.0,0.0,0.0,0.0,0.0,0.0,-113.53204166669374,-420.4826958333232
202,2024-10-21,2024-10-22,1,98.98,98.58,335.37,333.59,3.383952120105498,3.3956735284081283,3.3942509058818926,334.7454964304733,1.0,1.0,1.0,333.59,0.0034578369335920333,0.0,0.0034578369335920333,False,False,True,0,0,1019.0,0.0,0.0,0.0,-0.0,0.0,300.0,0.0,0.0,0.0,-0.0,0.0,-0.0,-0.0,0.0,-0.4000000000000057,-0.004049408246508398,-0.0,-1.7800000000000296,-0.005321705934226918,-0.0,0.0,0.0,0.0,0.0,0.0,0.0,0.0,0.0,0.0,0.0,0.0,0.0,0.0,0.0,-113.53204166669374,-420.4826958333232
203,2024-10-22,2024-10-23,1,98.58,97.03,333.59,328.51,3.385653921467587,3.3942509058818926,3.393199584227795,329.34416539772,1.0,1.0,1.0,328.51,0.0025360205609904446,0.0,0.0025360205609904446,False,False,True,0,0,1032.0,0.0,0.0,0.0,-0.0,0.0,304.0,0.0,0.0,0.0,-0.0,0.0,-0.0,-0.0,0.0,-1.5499999999999972,-0.015848192240023616,-0.0,-5.079999999999984,-0.015345415154477578,-0.0,0.0,0.0,0.0,0.0,0.0,0.0,0.0,0.0,0.0,0.0,0.0,0.0,0.0,0.0,-113.53204166669374,-420.4826958333232
204,2024-10-23,2024-10-24,1,97.03,100.09,328.51,337.69,3.3738635228294536,3.393199584227795,3.3915676381991267,339.62534638536005,1.0,1.0,1.0,337.69,0.005714772780011703,0.0,0.005714772780011703,False,False,True,0,0,1004.0,0.0,0.0,0.0,-0.0,0.0,296.0,0.0,0.0,0.0,-0.0,0.0,-0.0,-0.0,0.0,3.0600000000000023,0.03104957219371941,0.0,9.180000000000007,0.02756103600970673,0.0,0.0,0.0,0.0,0.0,0.0,0.0,0.0,0.0,0.0,0.0,0.0,0.0,0.0,0.0,-113.53204166669374,-420.4826958333232
205,2024-10-24,2024-10-25,1,100.09,100.405,337.69,339.16,3.3779194263233903,3.3915676381991267,3.390497467312548,340.5303487133833,1.0,1.0,1.0,339.16,0.004032279030344933,0.0,0.004032279030344933,False,False,True,0,0,1001.0,0.0,0.0,0.0,-0.0,0.0,295.0,0.0,0.0,0.0,-0.0,0.0,-0.0,-0.0,0.0,0.3149999999999977,0.0031422255834955134,0.0,1.4700000000000273,0.004343657564455944,0.0,0.0,0.0,0.0,0.0,0.0,0.0,0.0,0.0,0.0,0.0,0.0,0.0,0.0,0.0,-113.53204166669374,-420.4826958333232
206,2024-10-25,2024-10-28,3,100.405,100.64,339.16,340.65,3.384837042925278,3.390497467312548,3.3898136818883176,341.21966511033486,1.0,1.0,1.0,340.65,0.0016708918786672486,0.0,0.0016708918786672486,False,False,True,0,0,997.0,0.0,0.0,0.0,-0.0,0.0,294.0,0.0,0.0,0.0,-0.0,0.0,-0.0,-0.0,0.0,0.23499999999999943,0.00233778613770737,0.0,1.4899999999999523,0.004383584783874711,0.0,0.0,0.0,0.0,0.0,0.0,0.0,0.0,0.0,0.0,0.0,0.0,0.0,0.0,0.0,-113.53204166669374,-420.4826958333232
207,2024-10-28,2024-10-29,1,100.64,100.115,340.65,338.84,3.3845078160115865,3.3898136818883176,3.3893407363489487,339.37119676224887,1.0,1.0,1.0,338.84,0.0015664644683135232,0.0,0.0015664644683135232,False,False,True,0,0,1000.0,0.0,0.0,0.0,-0.0,0.0,295.0,0.0,0.0,0.0,-0.0,0.0,-0.0,-0.0,0.0,-0.5250000000000057,-0.005230267707517557,-0.0,-1.8100000000000023,-0.005327537656326958,-0.0,0.0,0.0,0.0,0.0,0.0,0.0,0.0,0.0,0.0,0.0,0.0,0.0,0.0,0.0,-113.53204166669374,-420.4826958333232
208,2024-10-29,2024-10-30,1,100.115,99.975,338.84,338.39,3.3847461865466366,3.3893407363489487,3.388966684681688,338.84934011648613,1.0,1.0,1.0,338.39,0.0013565076914865554,0.0,0.0013565076914865554,False,False,True,0,0,1003.0,0.0,0.0,0.0,-0.0,0.0,296.0,0.0,0.0,0.0,-0.0,0.0,-0.0,-0.0,0.0,-0.14000000000000057,-0.0013993705117307546,-0.0,-0.44999999999998863,-0.0013289430953393622,-0.0,0.0,0.0,0.0,0.0,0.0,0.0,0.0,0.0,0.0,0.0,0.0,0.0,0.0,0.0,-113.53204166669374,-420.4826958333232
209,2024-10-30,2024-10-31,1,99.975,98.445,338.39,333.09,3.3835136370562244,3.388966684681688,3.3883141632417284,333.62682527348875,1.0,1.0,1.0,333.09,0.001610355008750272,0.0,0.001610355008750272,True,False,True,0,0,1017.0,0.0,0.0,0.0,-0.0,0.0,300.0,0.0,0.0,0.0,-0.0,0.0,-0.0,-0.0,0.0,-1.5300000000000011,-0.015422138139086331,-0.0,-5.300000000000011,-0.01578635273372674,-0.0,0.0,0.0,0.0,0.0,0.0,0.0,0.0,0.0,0.0,0.0,0.0,0.0,0.0,0.0,-113.53204166669374,-420.4826958333232
210,2024-10-31,2024-11-01,1,98.445,100.045,333.09,338.54,3.383877255235144,3.3883141632417284,3.3876437680431493,338.98389046151874,1.0,1.0,1.0,338.54,0.0013103317278702847,0.0,0.0013103317278702847,False,False,True,0,0,1000.0,0.0,0.0,0.0,-0.0,0.0,295.0,0.0,0.0,0.0,-0.0,0.0,-0.0,-0.0,0.0,1.6000000000000085,0.016122068174660456,0.0,5.4500000000000455,0.016229530026667254,0.0,0.0,0.0,0.0,0.0,0.0,0.0,0.0,0.0,0.0,0.0,0.0,0.0,0.0,0.0,-113.53204166669374,-420.4826958333232
211,2024-11-01,2024-11-04,3,100.045,99.7,338.54,337.81,3.3882647943831494,3.3876437680431493,3.387273830767074,337.748083673902,1.0,1.0,1.0,337.81,-0.00018330422732763474,0.0,-0.00018330422732763474,False,False,True,0,0,1003.0,0.0,0.0,0.0,-0.0,0.0,296.0,0.0,0.0,0.0,-0.0,0.0,-0.0,-0.0,0.0,-0.34499999999999886,-0.0034544078006634076,-0.0,-0.7300000000000182,-0.002158646509849666,-0.0,0.0,0.0,0.0,0.0,0.0,0.0,0.0,0.0,0.0,0.0,0.0,0.0,0.0,0.0,-113.53204166669374,-420.4826958333232
212,2024-11-04,2024-11-05,1,99.7,101.465,337.81,343.84,3.3887547430148324,3.387273830767074,3.3872562656182064,343.68973923878116,1.0,1.0,1.0,343.84,-0.0004371033136038322,0.0,-0.0004371033136038322,False,False,True,0,0,986.0,0.0,0.0,0.0,-0.0,0.0,291.0,0.0,0.0,0.0,-0.0,0.0,-0.0,-0.0,0.0,1.7650000000000006,0.017548234461139546,0.0,6.029999999999973,0.01769282564309867,0.0,0.0,0.0,0.0,0.0,0.0,0.0,0.0,0.0,0.0,0.0,0.0,0.0,0.0,0.0,-113.53204166669374,-420.4826958333232
213,2024-11-05,2024-11-06,1,101.465,104.71,343.84,355.18,3.3920351446853214,3.3872562656182064,3.3877451196266657,354.67960357288234,1.0,1.0,1.0,355.18,-0.001409846418881119,0.0,-0.001409846418881119,False,True,False,0,1,955.0,0.0,955.0,955.0,-0.0,955.0,282.0,0.0,-282.0,0.0,282.0,-282.0,-4.775,-1.41,-6.1850000000000005,3.2449999999999903,0.03148071287043856,0.0,11.340000000000032,0.03244827033224886,0.0,0.0,0.0,0.0,0.0,0.0,0.0,0.0,0.0,0.0,0.0,0.0,0.0,0.0,-6.1850000000000005,-119.71704166669375,-426.66769583332325
214,2024-11-06,2024-11-07,1,104.71,106.055,355.18,359.25,3.3873933336476356,3.3877451196266657,3.38773478428291,359.28730866200607,1.0,1.0,1.0,359.25,0.00010384613739558079,0.0,0.00010384613739558079,False,False,True,1,0,942.0,955.0,0.0,0.0,955.0,-955.0,278.0,-282.0,0.0,282.0,-0.0,282.0,-4.775,-1.41,-6.1850000000000005,1.345000000000013,0.012763203171809014,1284.4750000000124,4.069999999999993,0.01139382173268512,-1147.739999999998,136.73500000001445,0.0,99998.04999999999,99998.04999999999,0.0,-100160.76,0.0,-100160.76,-2.782243333333333,-162.7100000000064,200158.81,-100160.76,-2.782243333333333,127.76775666668112,8.050714999987377,-298.89993916664207
215,2024-11-07,2024-11-08,1,106.055,107.56,359.25,364.01,3.3842506507995536,3.38773478428291,3.387082630690016,364.3847533974698,1.0,1.0,1.0,364.01,0.0010289844312794257,0.0,0.0010289844312794257,False,False,True,0,0,932.0,0.0,0.0,0.0,-0.0,0.0,275.0,0.0,0.0,0.0,-0.0,0.0,-0.0,-0.0,0.0,1.5049999999999955,0.014091003929484149,0.0,4.759999999999991,0.013162814827715906,0.0,0.0,0.0,0.0,0.0,0.0,0.0,0.0,0.0,0.0,0.0,0.0,0.0,0.0,0.0,8.050714999987377,-298.89993916664207
216,2024-11-08,2024-11-11,3,107.56,109.73,364.01,370.07,3.372550806525107,3.387082630690016,3.3860788906272923,371.6645770656155,1.0,1.0,1.0,370.07,0.0042995960318823806,0.0,0.0042995960318823806,False,False,True,0,0,915.0,0.0,0.0,0.0,-0.0,0.0,270.0,0.0,0.0,0.0,-0.0,0.0,-0.0,-0.0,0.0,2.1700000000000017,0.019973971602043915,0.0,6.060000000000002,0.016510837146591222,0.0,0.0,0.0,0.0,0.0,0.0,0.0,0.0,0.0,0.0,0.0,0.0,0.0,0.0,0.0,8.050714999987377,-298.89993916664207
217,2024-11-11,2024-11-12,1,109.73,108.265,370.07,365.48,3.375790883480349,3.3860788906272923,3.3852621276299346,366.5938310937638,1.0,1.0,1.0,365.48,0.003042949784350147,0.0,0.003042949784350147,False,False,True,0,0,928.0,0.0,0.0,0.0,-0.0,0.0,274.0,0.0,0.0,0.0,-0.0,0.0,-0.0,-0.0,0.0,-1.4650000000000034,-0.013440877590454797,-0.0,-4.589999999999975,-0.012480618803021627,-0.0,0.0,0.0,0.0,0.0,0.0,0.0,0.0,0.0,0.0,0.0,0.0,0.0,0.0,0.0,8.050714999987377,-298.89993916664207
218,2024-11-12,2024-11-13,1,108.265,109.19,365.48,368.44,3.374301675977654,3.3852621276299346,3.3842974567659048,369.6367717159126,1.0,1.0,1.0,368.44,0.0032429492719918645,0.0,0.0032429492719918645,False,False,True,0,0,917.0,0.0,0.0,0.0,-0.0,0.0,271.0,0.0,0.0,0.0,-0.0,0.0,-0.0,-0.0,0.0,0.9249999999999972,0.008507558613721803,0.0,2.9599999999999795,0.00806631798961505,0.0,0.0,0.0,0.0,0.0,0.0,0.0,0.0,0.0,0.0,0.0,0.0,0.0,0.0,0.0,8.050714999987377,-298.89993916664207
219,2024-11-13,2024-11-14,1,109.19,107.64,368.44,362.94,3.371794871794872,3.3842974567659048,3.3831845887720933,364.285778246282,1.0,1.0,1.0,362.94,0.003701133328294237,0.0,0.003701133328294237,False,False,True,0,0,934.0,0.0,0.0,0.0,-0.0,0.0,276.0,0.0,0.0,0.0,-0.0,0.0,-0.0,-0.0,0.0,-1.5499999999999972,-0.014297158167269827,-0.0,-5.5,-0.01504034477315693,-0.0,0.0,0.0,0.0,0.0,0.0,0.0,0.0,0.0,0.0,0.0,0.0,0.0,0.0,0.0,8.050714999987377,-298.89993916664207
220,2024-11-14,2024-11-15,1,107.64,106.72,362.94,359.3,3.3667541229385307,3.3831845887720933,3.3816511105172347,361.0534593137578,1.0,1.0,1.0,359.3,0.004868339991360002,0.0,0.004868339991360002,False,False,True,0,0,941.0,0.0,0.0,0.0,-0.0,0.0,278.0,0.0,0.0,0.0,-0.0,0.0,-0.0,-0.0,0.0,-0.9200000000000017,-0.008583743691391442,-0.0,-3.6399999999999864,-0.010079837227404747,-0.0,0.0,0.0,0.0,0.0,0.0,0.0,0.0,0.0,0.0,0.0,0.0,0.0,0.0,0.0,8.050714999987377,-298.89993916664207
221,2024-11-15,2024-11-18,3,106.72,107.705,359.3,362.33,3.3640963743558796,3.3816511105172347,3.3804429165051837,364.22073285825877,1.0,1.0,1.0,362.33,0.005204694017622985,0.0,0.005204694017622985,False,False,True,0,0,933.0,0.0,0.0,0.0,-0.0,0.0,276.0,0.0,0.0,0.0,-0.0,0.0,-0.0,-0.0,0.0,0.9849999999999994,0.009187426172749386,0.0,3.0299999999999727,0.008397704659294966,0.0,0.0,0.0,0.0,0.0,0.0,0.0,0.0,0.0,0.0,0.0,0.0,0.0,0.0,0.0,8.050714999987377,-298.89993916664207
222,2024-11-18,2024-11-19,1,107.705,107.785,362.33,363.08,3.3685577770561768,3.3804429165051837,3.3796731993527183,364.36103975551123,1.0,1.0,1.0,363.08,0.0035220478630054674,0.0,0.0035220478630054674,False,False,True,0,0,930.0,0.0,0.0,0.0,-0.0,0.0,275.0,0.0,0.0,0.0,-0.0,0.0,-0.0,-0.0,0.0,0.0799999999999983,0.0007424938853340176,0.0,0.75,0.002067796879658234,0.0,0.0,0.0,0.0,0.0,0.0,0.0,0.0,0.0,0.0,0.0,0.0,0.0,0.0,0.0,8.050714999987377,-298.89993916664207
223,2024-11-19,2024-11-20,1,107.785,107.31,363.08,361.93,3.3727518404622123,3.3796731993527183,3.3790280953024494,362.6727310225402,1.0,1.0,1.0,361.93,0.0020500372158744093,0.0,0.0020500372158744093,False,False,True,0,0,933.0,0.0,0.0,0.0,-0.0,0.0,276.0,0.0,0.0,0.0,-0.0,0.0,-0.0,-0.0,0.0,-0.4749999999999943,-0.004416660286360824,-0.0,-1.1499999999999773,-0.003172372696822212,-0.0,0.0,0.0,0.0,0.0,0.0,0.0,0.0,0.0,0.0,0.0,0.0,0.0,0.0,0.0,8.050714999987377,-298.89993916664207
224,2024-11-20,2024-11-21,1,107.31,107.5,361.93,362.68,3.373767441860465,3.3790280953024494,3.3790232912539997,363.2455202450133,1.0,1.0,1.0,362.68,0.0015580671670722592,0.0,0.0015580671670722592,False,False,True,0,0,933.0,0.0,0.0,0.0,-0.0,0.0,276.0,0.0,0.0,0.0,-0.0,0.0,-0.0,-0.0,0.0,0.18999999999999773,0.001769005628681513,0.0,0.75,0.002070079816251159,0.0,0.0,0.0,0.0,0.0,0.0,0.0,0.0,0.0,0.0,0.0,0.0,0.0,0.0,0.0,8.050714999987377,-298.89993916664207
225,2024-11-21,2024-11-22,1,107.5,109.05,362.68,368.5,3.3791838606143974,3.3790232912539997,3.37908651296855,368.48248991124865,1.0,1.0,1.0,368.5,-4.7518330474188604e-05,0.0,-4.7518330474188604e-05,False,False,True,0,0,916.0,0.0,0.0,0.0,-0.0,0.0,271.0,0.0,0.0,0.0,-0.0,0.0,-0.0,-0.0,0.0,1.5499999999999972,0.014315645079920522,0.0,5.819999999999993,0.01591980885153598,0.0,0.0,0.0,0.0,0.0,0.0,0.0,0.0,0.0,0.0,0.0,0.0,0.0,0.0,0.0,8.050714999987377,-298.89993916664207
226,2024-11-22,2024-11-25,3,109.05,110.165,368.5,373.83,3.3933644987064855,3.37908651296855,3.3795128857576104,372.2570657011803,1.0,1.0,1.0,373.83,-0.004216496174620056,0.0,-0.004216496174620056,False,True,False,0,1,906.0,0.0,906.0,906.0,-0.0,906.0,268.0,0.0,-268.0,0.0,268.0,-268.0,-4.53,-1.34,-5.87,1.115000000000009,0.010172749268514083,0.0,5.329999999999984,0.014360436993494626,0.0,0.0,0.0,0.0,0.0,0.0,0.0,0.0,0.0,0.0,0.0,0.0,0.0,0.0,-5.87,2.1807149999873774,-304.7699391666421
227,2024-11-25,2024-11-26,1,110.165,110.565,373.83,374.35,3.3857911635689417,3.3795128857576104,3.3795770531354785,373.6558422137902,1.0,1.0,1.0,374.35,-0.0018560228979660816,0.0,-0.0018560228979660816,False,True,False,1,1,902.0,906.0,902.0,0.0,4.0,-4.0,267.0,-268.0,-267.0,1.0,-0.0,1.0,-0.02,-0.005,-0.025,0.3999999999999915,0.0036243413932097062,362.39999999999225,0.5200000000000387,0.0013900400538084698,-139.36000000001036,223.0399999999819,0.0,99809.49,99809.49,0.0,-100186.44,0.0,-100186.44,-2.7829566666666667,-376.9499999999971,199995.93,-100186.44,-2.7829566666666667,220.2320433333152,222.41275833330258,-84.5378958333269
228,2024-11-26,2024-11-27,1,110.565,110.02,374.35,372.51,3.385838938374841,3.3795770531354785,3.379631690726889,371.8210673859653,1.0,1.0,1.0,372.51,-0.0018511461927472976,0.0,-0.0018511461927472976,False,True,False,1,1,906.0,902.0,906.0,4.0,-0.0,4.0,268.0,-267.0,-268.0,0.0,1.0,-1.0,-0.02,-0.005,-0.025,-0.5450000000000017,-0.004941415862049813,-491.5900000000015,-1.8400000000000318,-0.004927305579833845,491.2800000000085,-0.30999999999301053,0.0,99729.63,99729.63,0.0,-99951.45000000001,0.0,-99951.45000000001,-2.776429166666667,-221.82000000000698,199681.08000000002,-99951.45000000001,-2.776429166666667,-3.1114291666596774,219.3013291666429,-87.64932499998659
229,2024-11-27,2024-11-29,2,110.02,111.15,372.51,376.17,3.384345479082321,3.379631690726889,3.379673282828194,375.6460624242937,1.0,1.0,1.0,376.17,-0.001393792143349726,0.0,-0.001393792143349726,True,False,False,1,0,899.0,906.0,0.0,0.0,906.0,-906.0,266.0,-268.0,0.0,268.0,-0.0,268.0,-4.53,-1.34,-5.87,1.1300000000000097,0.01021847296289371,1023.7800000000087,3.660000000000025,0.00977728577369582,-980.8800000000067,42.900000000002024,0.0,99678.12,99678.12,0.0,-99832.68,0.0,-99832.68,-5.546259999999999,-154.55999999999767,199510.8,-99832.68,-5.546259999999999,31.483740000002026,250.78506916664492,-56.16558499998456
230,2024-11-29,2024-12-02,3,111.15,112.12,376.17,379.66,3.3861933642525868,3.379673282828194,3.3797890882790655,378.92896847069716,1.0,1.0,1.0,379.66,-0.001927346128091588,0.0,-0.001927346128091588,False,True,False,0,1,889.0,0.0,889.0,889.0,-0.0,889.0,263.0,0.0,-263.0,0.0,263.0,-263.0,-4.445,-1.315,-5.76,0.9699999999999989,0.00868908588638196,0.0,3.490000000000009,0.009234946491839752,0.0,0.0,0.0,0.0,0.0,0.0,0.0,0.0,0.0,0.0,0.0,0.0,0.0,0.0,-5.76,245.02506916664493,-61.92558499998455
231,2024-12-02,2024-12-03,1,112.12,112.035,379.66,378.85,3.381532556790289,3.3797890882790655,3.3794524763994227,378.6546705053451,1.0,1.0,1.0,378.85,-0.0005157182697074196,0.0,-0.0005157182697074196,False,False,True,1,0,892.0,889.0,0.0,0.0,889.0,-889.0,264.0,-263.0,0.0,263.0,-0.0,263.0,-4.445,-1.315,-5.76,-0.08500000000000796,-0.0007584038194479675,-75.56500000000707,-0.8100000000000023,-0.002135766985013405,213.0300000000006,137.46499999999352,0.0,99674.68000000001,99674.68000000001,0.0,-99850.58,0.0,-99850.58,-2.7736272222222222,-175.89999999999418,199525.26,-99850.58,-2.7736272222222222,128.93137277777132,373.95644194441627,0.0
232,2024-12-03,2024-12-04,1,112.035,113.075,378.85,382.61,3.383683395976122,3.3794524763994227,3.379198909047487,382.13158876886473,1.0,1.0,1.0,382.61,-0.0012511711160246278,0.0,-0.0012511711160246278,False,False,False,0,0,882.0,0.0,0.0,0.0,-0.0,0.0,261.0,0.0,0.0,0.0,-0.0,0.0,-0.0,-0.0,0.0,1.0400000000000063,0.009239992886767235,0.0,3.759999999999991,0.009875845244863811,0.0,0.0,0.0,0.0,0.0,0.0,0.0,0.0,0.0,0.0,0.0,0.0,0.0,0.0,0.0,373.95644194441627,0.0
233,2024-12-04,2024-12-05,1,113.075,114.0,382.61,384.6,3.373684210526316,3.379198909047487,3.378281362339537,385.2286756314135,1.0,1.0,1.0,384.6,0.0016332874860862246,0.0,0.0016332874860862246,False,False,True,0,0,879.0,0.0,0.0,0.0,-0.0,0.0,260.0,0.0,0.0,0.0,-0.0,0.0,-0.0,-0.0,0.0,0.9249999999999972,0.008147133030588689,0.0,1.990000000000009,0.005187639532433176,0.0,0.0,0.0,0.0,0.0,0.0,0.0,0.0,0.0,0.0,0.0,0.0,0.0,0.0,0.0,373.95644194441627,0.0
234,2024-12-05,2024-12-06,1,114.0,116.4,384.6,391.81,3.36606529209622,3.378281362339537,3.3772149602619663,393.2319505763221,1.0,1.0,1.0,391.81,0.003622614384719185,0.0,0.003622614384719185,False,False,True,0,0,861.0,0.0,0.0,0.0,-0.0,0.0,255.0,0.0,0.0,0.0,-0.0,0.0,-0.0,-0.0,0.0,2.4000000000000057,0.020834086902842053,0.0,7.2099999999999795,0.018573195256184706,0.0,0.0,0.0,0.0,0.0,0.0,0.0,0.0,0.0,0.0,0.0,0.0,0.0,0.0,0.0,373.95644194441627,0.0
235,2024-12-06,2024-12-09,3,116.4,116.03,391.81,390.32,3.363957597173145,3.3772149602619663,3.3762003075806453,391.85825183919593,1.0,1.0,1.0,390.32,0.003933256437918839,0.0,0.003933256437918839,False,False,True,0,0,865.0,0.0,0.0,0.0,-0.0,0.0,256.0,0.0,0.0,0.0,-0.0,0.0,-0.0,-0.0,0.0,-0.37000000000000455,-0.0031837569378833767,-0.0,-1.490000000000009,-0.003810112903282424,-0.0,0.0,0.0,0.0,0.0,0.0,0.0,0.0,0.0,0.0,0.0,0.0,0.0,0.0,0.0,373.95644194441627,0.0
236,2024-12-09,2024-12-10,1,116.03,116.22,390.32,390.81,3.362674238513165,3.3762003075806453,3.3757064791800486,392.3819997470226,1.0,1.0,1.0,390.81,0.004014346057138158,0.0,0.004014346057138158,False,False,True,0,0,864.0,0.0,0.0,0.0,-0.0,0.0,256.0,0.0,0.0,0.0,-0.0,0.0,-0.0,-0.0,0.0,0.18999999999999773,0.001636168287505515,0.0,0.4900000000000091,0.0012545928700006047,0.0,0.0,0.0,0.0,0.0,0.0,0.0,0.0,0.0,0.0,0.0,0.0,0.0,0.0,0.0,373.95644194441627,0.0
237,2024-12-10,2024-12-11,1,116.22,118.26,390.81,397.29,3.3594622019279554,3.3757064791800486,3.374890045102429,399.2110482278326,1.0,1.0,1.0,397.29,0.004823727368779281,0.0,0.004823727368779281,False,False,True,0,0,851.0,0.0,0.0,0.0,-0.0,0.0,252.0,0.0,0.0,0.0,-0.0,0.0,-0.0,-0.0,0.0,2.0400000000000063,0.01740064374572445,0.0,6.480000000000018,0.016444984229400435,0.0,0.0,0.0,0.0,0.0,0.0,0.0,0.0,0.0,0.0,0.0,0.0,0.0,0.0,0.0,373.95644194441627,0.0
238,2024-12-11,2024-12-12,1,118.26,117.28,397.29,393.75,3.357349931787176,3.374890045102429,3.374042457892905,395.80710448961287,1.0,1.0,1.0,393.75,0.005210792563367065,0.0,0.005210792563367065,False,False,True,0,0,857.0,0.0,0.0,0.0,-0.0,0.0,254.0,0.0,0.0,0.0,-0.0,0.0,-0.0,-0.0,0.0,-0.980000000000004,-0.00832135225434253,-0.0,-3.5400000000000205,-0.008950302467139916,-0.0,0.0,0.0,0.0,0.0,0.0,0.0,0.0,0.0,0.0,0.0,0.0,0.0,0.0,0.0,373.95644194441627,0.0
239,2024-12-12,2024-12-13,1,117.28,117.745,393.75,394.97,3.354452418361714,3.374042457892905,3.3731753352212466,397.2766292046001,1.0,1.0,1.0,394.97,0.0058230243897738135,0.0,0.0058230243897738135,False,False,True,0,0,854.0,0.0,0.0,0.0,-0.0,0.0,253.0,0.0,0.0,0.0,-0.0,0.0,-0.0,-0.0,0.0,0.4650000000000034,0.0039570310116029605,0.0,1.2200000000000273,0.0030936225098913447,0.0,0.0,0.0,0.0,0.0,0.0,0.0,0.0,0.0,0.0,0.0,0.0,0.0,0.0,0.0,373.95644194441627,0.0
240,2024-12-13,2024-12-16,3,117.745,119.34,394.97,400.97,3.359896095190213,3.3731753352212466,3.372832433833831,402.5547445053036,1.0,1.0,1.0,400.97,0.003944487262876526,0.0,0.003944487262876526,False,False,True,0,0,840.0,0.0,0.0,0.0,-0.0,0.0,249.0,0.0,0.0,0.0,-0.0,0.0,-0.0,-0.0,0.0,1.5949999999999989,0.013455292943991512,0.0,6.0,0.015076798890624448,0.0,0.0,0.0,0.0,0.0,0.0,0.0,0.0,0.0,0.0,0.0,0.0,0.0,0.0,0.0,373.95644194441627,0.0
241,2024-12-16,2024-12-17,1,119.34,119.715,400.97,401.37,3.352712692645032,3.372832433833831,3.372263249748289,403.7786348164171,1.0,1.0,1.0,401.37,0.005983099014296858,0.0,0.005983099014296858,False,False,True,0,0,840.0,0.0,0.0,0.0,-0.0,0.0,249.0,0.0,0.0,0.0,-0.0,0.0,-0.0,-0.0,0.0,0.375,0.003137355902146054,0.0,0.39999999999997726,0.0009970836132790475,0.0,0.0,0.0,0.0,0.0,0.0,0.0,0.0,0.0,0.0,0.0,0.0,0.0,0.0,0.0,373.95644194441627,0.0
242,2024-12-17,2024-12-18,1,119.715,114.32,401.37,381.38,3.336074177746676,3.372263249748289,3.370639069782814,385.51713471122434,1.0,1.0,1.0,381.38,0.010789386627859656,0.0,0.010789386627859656,False,False,True,0,0,884.0,0.0,0.0,0.0,-0.0,0.0,262.0,0.0,0.0,0.0,-0.0,0.0,-0.0,-0.0,0.0,-5.39500000000001,-0.04611238437446999,-0.0,-19.99000000000001,-0.05108744174715693,-0.0,0.0,0.0,0.0,0.0,0.0,0.0,0.0,0.0,0.0,0.0,0.0,0.0,0.0,0.0,373.95644194441627,0.0
243,2024-12-18,2024-12-19,1,114.32,114.165,381.38,380.69,3.3345596286077166,3.370639069782814,3.3687294591900887,384.80900940175496,1.0,1.0,1.0,380.69,0.010761736082386952,0.0,0.010761736082386952,False,False,True,0,0,886.0,0.0,0.0,0.0,-0.0,0.0,263.0,0.0,0.0,0.0,-0.0,0.0,-0.0,-0.0,0.0,-0.15499999999998693,-0.0013567632341472513,-0.0,-0.6899999999999977,-0.0018108577651772943,-0.0,0.0,0.0,0.0,0.0,0.0,0.0,0.0,0.0,0.0,0.0,0.0,0.0,0.0,0.0,373.95644194441627,0.0
244,2024-12-19,2024-12-20,1,114.165,114.455,380.69,383.28,3.3487396793499626,3.3687294591900887,3.3674780710645633,385.5679302516016,1.0,1.0,1.0,383.28,0.005951598268194666,0.0,0.005951598268194666,False,False,True,0,0,879.0,0.0,0.0,0.0,-0.0,0.0,261.0,0.0,0.0,0.0,-0.0,0.0,-0.0,-0.0,0.0,0.28999999999999204,0.002536962256503538,0.0,2.589999999999975,0.006780396933563218,0.0,0.0,0.0,0.0,0.0,0.0,0.0,0.0,0.0,0.0,0.0,0.0,0.0,0.0,0.0,373.95644194441627,0.0
245,2024-12-20,2024-12-23,3,114.455,114.585,383.28,383.7,3.3486058384605317,3.3674780710645633,3.3659491699568704,385.86247477293296,1.0,1.0,1.0,383.7,0.005620025756390691,0.0,0.005620025756390691,False,False,True,0,0,879.0,0.0,0.0,0.0,-0.0,0.0,261.0,0.0,0.0,0.0,-0.0,0.0,-0.0,-0.0,0.0,0.12999999999999545,0.0011351730174643903,0.0,0.4200000000000159,0.0010952046780400378,0.0,0.0,0.0,0.0,0.0,0.0,0.0,0.0,0.0,0.0,0.0,0.0,0.0,0.0,0.0,373.95644194441627,0.0
246,2024-12-23,2024-12-24,1,114.585,117.235,383.7,392.32,3.34644090928477,3.3659491699568704,3.363602990485785,394.6070509398937,1.0,1.0,1.0,392.32,0.005812628696585575,0.0,0.005812628696585575,False,False,True,0,0,858.0,0.0,0.0,0.0,-0.0,0.0,255.0,0.0,0.0,0.0,-0.0,0.0,-0.0,-0.0,0.0,2.6500000000000057,0.02286356171126646,0.0,8.620000000000005,0.022216836054885284,0.0,0.0,0.0,0.0,0.0,0.0,0.0,0.0,0.0,0.0,0.0,0.0,0.0,0.0,0.0,373.95644194441627,0.0
247,2024-12-24,2024-12-26,2,117.235,116.8,392.32,391.69,3.353510273972603,3.363602990485785,3.3619889460059675,392.8688292887397,1.0,1.0,1.0,391.69,0.0030050778395437224,0.0,0.0030050778395437224,False,False,True,0,0,858.0,0.0,0.0,0.0,-0.0,0.0,255.0,0.0,0.0,0.0,-0.0,0.0,-0.0,-0.0,0.0,-0.4350000000000023,-0.00371739697857239,-0.0,-0.6299999999999955,-0.0016071227040452792,-0.0,0.0,0.0,0.0,0.0,0.0,0.0,0.0,0.0,0.0,0.0,0.0,0.0,0.0,0.0,373.95644194441627,0.0
248,2024-12-26,2024-12-27,1,116.8,114.87,391.69,384.41,3.3464786280142773,3.3619889460059675,3.360020930487939,386.1916702277055,1.0,1.0,1.0,384.41,0.004624109890329041,0.0,0.004624109890329041,False,False,True,0,0,874.0,0.0,0.0,0.0,-0.0,0.0,260.0,0.0,0.0,0.0,-0.0,0.0,-0.0,-0.0,0.0,-1.9299999999999926,-0.016662016236813754,-0.0,-7.279999999999973,-0.01876101927782397,-0.0,0.0,0.0,0.0,0.0,0.0,0.0,0.0,0.0,0.0,0.0,0.0,0.0,0.0,0.0,373.95644194441627,0.0
249,2024-12-27,2024-12-30,3,114.87,113.025,384.41,379.04,3.3535943375359434,3.360020930487939,3.3584833734106203,379.7663656683993,1.0,1.0,1.0,379.04,0.0019144960377908485,0.0,0.0019144960377908485,False,False,True,0,0,887.0,0.0,0.0,0.0,-0.0,0.0,264.0,0.0,0.0,0.0,-0.0,0.0,-0.0,-0.0,0.0,-1.8449999999999989,-0.016192020976643982,-0.0,-5.3700000000000045,-0.014067950915447235,-0.0,0.0,0.0,0.0,0.0,0.0,0.0,0.0,0.0,0.0,0.0,0.0,0.0,0.0,0.0,373.95644194441627,0.0
250,2024-12-30,2024-12-31,1,113.025,112.175,379.04,375.38,3.346378426565634,3.3584833734106203,3.3564926265262733,376.73787241233634,1.0,1.0,1.0,375.38,0.0036108007466857115,0.0,0.0036108007466857115,True,False,True,0,0,893.0,0.0,0.0,0.0,-0.0,0.0,266.0,0.0,0.0,0.0,-0.0,0.0,-0.0,-0.0,0.0,-0.8500000000000085,-0.007548881318621888,-0.0,-3.660000000000025,-0.009702894182371665,-0.0,0.0,0.0,0.0,0.0,0.0,0.0,0.0,0.0,0.0,0.0,0.0,0.0,0.0,0.0,373.95644194441627,0.0
251,2024-12-31,2025-01-02,2,112.175,110.7,375.38,371.63,3.3570912375790423,3.3564926265262733,3.355270560565711,371.5637337564585,1.0,1.0,1.0,371.63,-0.00017832831658093175,0.0,-0.00017832831658093175,False,False,True,0,0,903.0,0.0,0.0,0.0,-0.0,0.0,269.0,0.0,0.0,0.0,-0.0,0.0,-0.0,-0.0,0.0,-1.4749999999999943,-0.013236312147455777,-0.0,-3.75,-0.010040110577210375,-0.0,0.0,0.0,0.0,0.0,0.0,0.0,0.0,0.0,0.0,0.0,0.0,0.0,0.0,0.0,373.95644194441627,0.0
252,2025-01-02,2025-01-03,1,110.7,112.94,371.63,379.78,3.3626704444837965,3.355270560565711,3.354219912991095,378.9442571102914,1.0,1.0,1.0,379.78,-0.002203022296667677,0.0,-0.002203022296667677,False,True,False,0,1,882.0,0.0,882.0,882.0,-0.0,882.0,263.0,0.0,-263.0,0.0,263.0,-263.0,-4.41,-1.315,-5.725,2.239999999999995,0.020032864530099493,0.0,8.149999999999977,0.021693402046377198,0.0,0.0,0.0,0.0,0.0,0.0,0.0,0.0,0.0,0.0,0.0,0.0,0.0,0.0,-5.725,368.23144194441625,-5.725000000000023
253,2025-01-03,2025-01-06,3,112.94,113.385,379.78,381.51,3.364730784495303,3.354219912991095,3.3537722416895432,380.3182248344953,1.0,1.0,1.0,381.51,-0.0031287266573697785,0.0,-0.0031287266573697785,False,True,False,1,1,879.0,882.0,879.0,0.0,3.0,-3.0,262.0,-263.0,-262.0,1.0,-0.0,1.0,-0.015,-0.005,-0.02,0.4450000000000074,0.003932403167559126,392.4900000000065,1.7300000000000182,0.00454492500349445,-454.9900000000048,-62.499999999998295,0.0,99613.08,99613.08,0.0,-99882.14,0.0,-99882.14,-8.323511666666668,-269.0599999999977,199495.22,-99882.14,-8.323511666666668,-70.84351166666497,297.38793027775125,-76.56851166666502
254,2025-01-06,2025-01-07,1,113.385,111.19,381.51,373.83,3.3620829211260004,3.3537722416895432,3.3535731231410333,372.9059355534603,1.0,1.0,1.0,373.83,-0.002474944285464195,0.0,-0.002474944285464195,False,True,False,1,1,899.0,879.0,899.0,20.0,-0.0,20.0,268.0,-262.0,-268.0,0.0,6.0,-6.0,-0.1,-0.03,-0.13,-2.1950000000000074,-0.019548657697091895,-1929.4050000000066,-7.680000000000007,-0.020335914077879227,2012.1600000000017,82.7549999999951,0.0,99665.41500000001,99665.41500000001,0.0,-99955.62,0.0,-99955.62,-2.776545,-290.2049999999872,199621.035,-99955.62,-2.776545,79.84845499999511,377.23638527774636,0.0
255,2025-01-07,2025-01-08,1,111.19,111.505,373.83,374.36,3.357338235953545,3.3535731231410333,3.3532421550800526,373.9401710958409,1.0,1.0,1.0,374.36,-0.00112208700311829,0.0,-0.00112208700311829,False,False,True,1,0,895.0,899.0,0.0,0.0,899.0,-899.0,267.0,-268.0,0.0,268.0,-0.0,268.0,-4.495,-1.34,-5.835,0.3149999999999977,0.00282898322892348,283.18499999999796,0.5300000000000296,0.0014167526661698717,-142.04000000000792,141.14499999999003,0.0,99959.81,99959.81,0.0,-100186.44,0.0,-100186.44,-2.7829566666666667,-226.63000000000466,200146.25,-100186.44,-2.7829566666666667,132.52704333332335,509.7634286110697,0.0
256,2025-01-08,2025-01-10,2,111.505,110.41,374.36,370.95,3.3597500226428765,3.3532421550800526,3.353095944286538,370.2314663423886,1.0,1.0,1.0,370.95,-0.0019388878846499627,0.0,-0.0019388878846499627,False,True,False,0,1,905.0,0.0,905.0,905.0,-0.0,905.0,270.0,0.0,-270.0,0.0,270.0,-270.0,-4.525,-1.35,-5.875,-1.0949999999999989,-0.009868723493035718,-0.0,-3.410000000000025,-0.009150618653520888,-0.0,0.0,0.0,0.0,0.0,0.0,0.0,0.0,0.0,0.0,0.0,0.0,0.0,0.0,-5.875,503.8884286110697,-5.875
257,2025-01-10,2025-01-13,3,110.41,111.035,370.95,372.26,3.352636556040888,3.353095944286538,3.352754661992185,372.3110081738557,1.0,1.0,1.0,372.26,0.0001370135913850471,0.0,0.0001370135913850471,False,False,True,1,0,902.0,905.0,0.0,0.0,905.0,-905.0,269.0,-270.0,0.0,270.0,-0.0,270.0,-4.525,-1.35,-5.875,0.625,0.005644757475177339,565.625,1.3100000000000023,0.003525252234652129,-353.7000000000006,211.9249999999994,0.0,99921.05,99921.05,0.0,-100156.5,0.0,-100156.5,-8.346375,-235.4499999999971,200077.55,-100156.5,-8.346375,197.7036249999994,701.5920536110691,0.0
258,2025-01-13,2025-01-14,1,111.035,110.82,372.26,372.08,3.3575166937375927,3.352754661992185,3.3527630000897064,371.5522716419739,1.0,1.0,1.0,372.08,-0.001419326370687706,0.0,-0.001419326370687706,False,True,False,0,1,902.0,0.0,902.0,902.0,-0.0,902.0,269.0,0.0,-269.0,0.0,269.0,-269.0,-4.51,-1.345,-5.8549999999999995,-0.2150000000000034,-0.001938203487019319,-0.0,-0.18000000000000682,-0.00048364995434549147,-0.0,0.0,0.0,0.0,0.0,0.0,0.0,0.0,0.0,0.0,0.0,0.0,0.0,0.0,-5.8549999999999995,695.7370536110691,-5.855000000000018
259,2025-01-14,2025-01-15,1,110.82,113.64,372.08,382.13,3.36263639563534,3.3527630000897064,3.353172198953387,381.0079873301942,1.0,1.0,1.0,382.13,-0.002940525820778032,0.0,-0.002940525820778032,False,True,False,1,1,878.0,902.0,878.0,0.0,24.0,-24.0,262.0,-269.0,-262.0,7.0,-0.0,7.0,-0.12,-0.035,-0.155,2.8200000000000074,0.02512829354678372,2543.6400000000067,10.050000000000011,0.026651979933137972,-2703.450000000003,-159.8099999999963,0.0,99959.64,99959.64,0.0,-100089.51999999999,0.0,-100089.51999999999,-2.780264444444444,-129.8799999999901,200049.15999999997,-100089.51999999999,-2.780264444444444,-162.74526444444075,532.9917891666283,-168.60026444444077
260,2025-01-15,2025-01-16,1,113.64,113.025,382.13,379.78,3.360141561601415,3.353172198953387,3.3531844722739472,378.9922877867066,1.0,1.0,1.0,379.78,-0.0020762816696248197,0.0,-0.0020762816696248197,False,True,False,1,1,882.0,878.0,882.0,4.0,-0.0,4.0,263.0,-262.0,-263.0,0.0,1.0,-1.0,-0.02,-0.005,-0.025,-0.6149999999999949,-0.005426523805318248,-539.9699999999955,-2.3500000000000227,-0.006168727151708847,615.700000000006,75.73000000001048,0.0,99775.92,99775.92,0.0,-100118.06,0.0,-100118.06,-2.7810572222222225,-342.1399999999994,199893.97999999998,-100118.06,-2.7810572222222225,72.92394277778826,605.9157319444166,-95.67632166665248
261,2025-01-16,2025-01-17,1,113.025,114.61,379.78,385.01,3.3593054707268126,3.3531844722739472,3.353514111178036,384.3084723673171,1.0,1.0,1.0,385.01,-0.0018237644157199518,0.0,-0.0018237644157199518,False,True,False,1,1,872.0,882.0,872.0,0.0,10.0,-10.0,260.0,-263.0,-260.0,3.0,-0.0,3.0,-0.05,-0.015,-0.065,1.5849999999999937,0.01392602732793894,1397.9699999999946,5.230000000000018,0.013677170279168416,-1375.4900000000048,22.479999999989786,0.0,99688.05,99688.05,0.0,-99882.14,0.0,-99882.14,-2.774503888888889,-194.0899999999965,199570.19,-99882.14,-2.774503888888889,19.640496111100894,625.5562280555175,-76.03582555555158
262,2025-01-17,2025-01-21,4,114.61,115.45,385.01,389.07,3.370030316154179,3.353514111178036,3.3552119180984112,387.1632041355043,1.0,1.0,1.0,389.07,-0.004912955770811351,0.0,-0.004912955770811351,False,True,False,1,1,862.0,872.0,862.0,0.0,10.0,-10.0,257.0,-260.0,-257.0,3.0,-0.0,3.0,-0.05,-0.015,-0.065,0.8400000000000034,0.007302475291896601,732.480000000003,4.060000000000002,0.010489968039320728,-1055.6000000000006,-323.1199999999976,0.0,99939.92,99939.92,0.0,-100102.59999999999,0.0,-100102.59999999999,-11.12251111111111,-162.67999999999302,200042.52,-100102.59999999999,-11.12251111111111,-334.30751111110874,291.2487169444088,-410.3433366666603
263,2025-01-21,2025-01-22,1,115.45,115.015,389.07,387.42,3.3684302047559016,3.3552119180984112,3.356905446905821,385.89969876008877,1.0,1.0,1.0,387.42,-0.003931887939672316,0.0,-0.003931887939672316,False,True,False,1,1,866.0,862.0,866.0,4.0,-0.0,4.0,258.0,-257.0,-258.0,0.0,1.0,-1.0,-0.02,-0.005,-0.025,-0.4350000000000023,-0.0037749811605222758,-374.97000000000196,-1.6499999999999773,-0.0042499001493291515,424.04999999999416,49.0799999999922,0.0,99517.90000000001,99517.90000000001,0.0,-99990.99,0.0,-99990.99,-2.7775275,-473.0899999999965,199508.89,-99990.99,-2.7775275,46.2774724999922,337.526189444401,-364.0658641666681
264,2025-01-22,2025-01-23,1,115.015,115.71,387.42,389.43,3.3655690951516726,3.356905446905821,3.3577469176959065,388.42752926147256,1.0,1.0,1.0,389.43,-0.002577519033545297,0.0,-0.002577519033545297,False,True,False,1,1,863.0,866.0,863.0,0.0,3.0,-3.0,257.0,-258.0,-257.0,1.0,-0.0,1.0,-0.015,-0.005,-0.02,0.6949999999999932,0.006024506248264003,601.8699999999941,2.009999999999991,0.005174755706582067,-518.5799999999977,83.28999999999644,0.0,99602.99,99602.99,0.0,-99954.36,0.0,-99954.36,-2.77651,-351.36999999999534,199557.35,-99954.36,-2.77651,80.49348999999644,418.0196794443974,-283.5723741666717
265,2025-01-23,2025-01-24,1,115.71,115.005,389.43,387.41,3.368636146254511,3.3577469176959065,3.358748433085605,386.15768426961773,1.0,1.0,1.0,387.41,-0.0032377692343295043,0.0,-0.0032377692343295043,False,True,False,1,1,866.0,863.0,866.0,3.0,-0.0,3.0,258.0,-257.0,-258.0,0.0,1.0,-1.0,-0.015,-0.005,-0.02,-0.7049999999999983,-0.0061114552092786335,-608.4149999999985,-2.019999999999982,-0.005200567820208511,519.1399999999953,-89.27500000000316,0.0,99857.73,99857.73,0.0,-100083.51,0.0,-100083.51,-2.7800975,-225.77999999999884,199941.24,-100083.51,-2.7800975,-92.07509750000315,325.94458194439426,-375.64747166667485
266,2025-01-24,2025-01-27,3,115.005,115.66,387.41,388.52,3.359156147328376,3.358748433085605,3.3593841949877854,388.47284377068104,1.0,1.0,1.0,388.52,-0.00012138137372794354,0.0,-0.00012138137372794354,False,False,True,1,0,863.0,866.0,0.0,0.0,866.0,-866.0,257.0,-258.0,0.0,258.0,-0.0,258.0,-4.33,-1.29,-5.62,0.6550000000000011,0.005679247051104684,567.2300000000009,1.1099999999999568,0.0028610847813254976,-286.37999999998885,280.8500000000121,0.0,99594.33,99594.33,0.0,-99951.78000000001,0.0,-99951.78000000001,-8.329315000000001,-357.45000000001164,199546.11000000002,-99951.78000000001,-8.329315000000001,266.90068500001206,592.8452669444064,-108.74678666666273
267,2025-01-27,2025-01-28,1,115.66,115.8,388.52,390.11,3.368825561312608,3.3593841949877854,3.3601499593547857,389.01668977958553,1.0,1.0,1.0,390.11,-0.002806503620975346,0.0,-0.002806503620975346,False,True,False,0,1,860.0,0.0,860.0,860.0,-0.0,860.0,256.0,0.0,-256.0,0.0,256.0,-256.0,-4.3,-1.28,-5.58,0.14000000000000057,0.0012097124088227282,0.0,1.5900000000000318,0.004084102102628605,0.0,0.0,0.0,0.0,0.0,0.0,0.0,0.0,0.0,0.0,0.0,0.0,0.0,0.0,-5.58,587.2652669444063,-114.32678666666277
268,2025-01-28,2025-01-29,1,115.8,115.47,390.11,388.47,3.364250454663549,3.3601499593547857,3.3610385506872498,387.9965158066971,1.0,1.0,1.0,388.47,-0.0012195870455510266,0.0,-0.0012195870455510266,False,False,False,1,1,864.0,860.0,864.0,4.0,-0.0,4.0,257.0,-256.0,-257.0,0.0,1.0,-1.0,-0.02,-0.005,-0.025,-0.3299999999999983,-0.0028538091751303916,-283.79999999999853,-1.6399999999999864,-0.004212803887899894,419.8399999999965,136.03999999999797,0.0,99588.0,99588.0,0.0,-99868.16,0.0,-99868.16,-2.7741155555555554,-280.1600000000035,199456.16,-99868.16,-2.7741155555555554,133.2408844444424,720.5061513888487,0.0
269,2025-01-29,2025-01-30,1,115.47,116.6,388.47,391.75,3.359777015437393,3.3610385506872498,3.3613476845823214,391.8970950101333,1.0,1.0,1.0,391.75,0.00037541136258266975,0.0,0.00037541136258266975,False,False,True,1,0,857.0,864.0,0.0,0.0,864.0,-864.0,255.0,-257.0,0.0,257.0,-0.0,257.0,-4.32,-1.285,-5.605,1.1299999999999955,0.009738517952627467,976.3199999999961,3.2799999999999727,0.008407934487271763,-842.959999999993,133.36000000000308,0.0,99766.08,99766.08,0.0,-99836.79000000001,0.0,-99836.79000000001,-2.7732441666666667,-70.7100000000064,199602.87,-99836.79000000001,-2.7732441666666667,124.98175583333641,845.4879072221851,0.0
270,2025-01-30,2025-01-31,1,116.6,116.085,391.75,390.49,3.3638282293147266,3.3613476845823214,3.362220174719776,390.2020459647388,1.0,1.0,1.0,390.49,-0.0007376892074358801,0.0,-0.0007376892074358801,True,False,True,0,0,861.0,0.0,0.0,0.0,-0.0,0.0,256.0,0.0,0.0,0.0,-0.0,0.0,-0.0,-0.0,0.0,-0.5150000000000006,-0.004426592525859864,-0.0,-1.259999999999991,-0.0032215204789071703,-0.0,0.0,0.0,0.0,0.0,0.0,0.0,0.0,0.0,0.0,0.0,0.0,0.0,0.0,0.0,845.4879072221851,0.0
271,2025-01-31,2025-02-03,3,116.085,114.55,390.49,384.25,3.3544303797468356,3.362220174719776,3.362087131828166,385.14232101415035,1.0,1.0,1.0,384.25,0.002319548531636192,0.0,0.002319548531636192,False,False,True,0,0,874.0,0.0,0.0,0.0,-0.0,0.0,260.0,0.0,0.0,0.0,-0.0,0.0,-0.0,-0.0,0.0,-1.5349999999999966,-0.013311272491027605,-0.0,-6.240000000000009,-0.01610897833851778,-0.0,0.0,0.0,0.0,0.0,0.0,0.0,0.0,0.0,0.0,0.0,0.0,0.0,0.0,0.0,845.4879072221851,0.0
272,2025-02-03,2025-02-04,1,114.55,115.9,384.25,390.2,3.3666954270923206,3.362087131828166,3.362288380958592,389.6658985788845,1.0,1.0,1.0,390.2,-0.0013697265275820795,0.0,-0.0013697265275820795,False,False,False,0,0,861.0,0.0,0.0,0.0,-0.0,0.0,256.0,0.0,0.0,0.0,-0.0,0.0,-0.0,-0.0,0.0,1.3500000000000085,0.011716341446201475,0.0,5.949999999999989,0.015366045770305538,0.0,0.0,0.0,0.0,0.0,0.0,0.0,0.0,0.0,0.0,0.0,0.0,0.0,0.0,0.0,845.4879072221851,0.0
273,2025-02-04,2025-02-05,1,115.9,114.585,390.2,385.42,3.363616529214121,3.362288380958592,3.362232668194533,385.26781413214024,1.0,1.0,1.0,385.42,-0.00039493519177859524,0.0,-0.00039493519177859524,False,False,True,0,0,871.0,0.0,0.0,0.0,-0.0,0.0,259.0,0.0,0.0,0.0,-0.0,0.0,-0.0,-0.0,0.0,-1.315000000000012,-0.011410844684273445,-0.0,-4.779999999999973,-0.012325779419236208,-0.0,0.0,0.0,0.0,0.0,0.0,0.0,0.0,0.0,0.0,0.0,0.0,0.0,0.0,0.0,845.4879072221851,0.0
274,2025-02-05,2025-02-06,1,114.585,115.04,385.42,386.86,3.3628303198887344,3.362232668194533,3.3622700381326696,386.7912461490991,1.0,1.0,1.0,386.86,-0.00017773861652561643,0.0,-0.00017773861652561643,False,False,True,0,0,867.0,0.0,0.0,0.0,-0.0,0.0,258.0,0.0,0.0,0.0,-0.0,0.0,-0.0,-0.0,0.0,0.4550000000000125,0.0039629883113039485,0.0,1.4399999999999977,0.003729221704177124,0.0,0.0,0.0,0.0,0.0,0.0,0.0,0.0,0.0,0.0,0.0,0.0,0.0,0.0,0.0,845.4879072221851,0.0
275,2025-02-06,2025-02-07,1,115.04,112.79,386.86,378.3,3.3540207465200815,3.3622700381326696,3.3621041636609967,379.2304376009838,1.0,1.0,1.0,378.3,0.0024565034556687957,0.0,0.0024565034556687957,False,False,True,0,0,888.0,0.0,0.0,0.0,-0.0,0.0,264.0,0.0,0.0,0.0,-0.0,0.0,-0.0,-0.0,0.0,-2.25,-0.019752211320911137,-0.0,-8.560000000000002,-0.02237533883496809,-0.0,0.0,0.0,0.0,0.0,0.0,0.0,0.0,0.0,0.0,0.0,0.0,0.0,0.0,0.0,845.4879072221851,0.0
276,2025-02-07,2025-02-10,3,112.79,113.175,378.3,379.44,3.3526838966202783,3.3621041636609967,3.361750857359867,380.5061387223333,1.0,1.0,1.0,379.44,0.0028058289066977293,0.0,0.0028058289066977293,False,False,True,0,0,888.0,0.0,0.0,0.0,-0.0,0.0,264.0,0.0,0.0,0.0,-0.0,0.0,-0.0,-0.0,0.0,0.3849999999999909,0.003407610670196769,0.0,1.1399999999999864,0.003008949930342693,0.0,0.0,0.0,0.0,0.0,0.0,0.0,0.0,0.0,0.0,0.0,0.0,0.0,0.0,0.0,845.4879072221851,0.0
277,2025-02-10,2025-02-11,1,113.175,111.89,379.44,375.16,3.3529359192063635,3.361750857359867,3.361765825518141,376.1463034299955,1.0,1.0,1.0,375.16,0.002625570934498618,0.0,0.002625570934498618,False,False,True,0,0,898.0,0.0,0.0,0.0,-0.0,0.0,267.0,0.0,0.0,0.0,-0.0,0.0,-0.0,-0.0,0.0,-1.2849999999999966,-0.011419047502392402,-0.0,-4.279999999999973,-0.011343879928588405,-0.0,0.0,0.0,0.0,0.0,0.0,0.0,0.0,0.0,0.0,0.0,0.0,0.0,0.0,0.0,845.4879072221851,0.0
278,2025-02-11,2025-02-12,1,111.89,111.87,375.16,374.94,3.3515687851971037,3.361765825518141,3.3614684300911164,376.0807429007145,1.0,1.0,1.0,374.94,0.0030378489243578625,0.0,0.0030378489243578625,False,False,True,0,0,898.0,0.0,0.0,0.0,-0.0,0.0,267.0,0.0,0.0,0.0,-0.0,0.0,-0.0,-0.0,0.0,-0.01999999999999602,-0.0001787629607906381,-0.0,-0.22000000000002728,-0.0005865884716925127,-0.0,0.0,0.0,0.0,0.0,0.0,0.0,0.0,0.0,0.0,0.0,0.0,0.0,0.0,0.0,845.4879072221851,0.0
279,2025-02-12,2025-02-13,1,111.87,113.55,374.94,381.37,3.3586085424922945,3.3614684300911164,3.3612670374339637,381.69474023684626,1.0,1.0,1.0,381.37,0.0008511473255869534,0.0,0.0008511473255869534,False,False,True,0,0,881.0,0.0,0.0,0.0,-0.0,0.0,262.0,0.0,0.0,0.0,-0.0,0.0,-0.0,-0.0,0.0,1.6799999999999926,0.014905785692728296,0.0,6.430000000000007,0.01700401932625724,0.0,0.0,0.0,0.0,0.0,0.0,0.0,0.0,0.0,0.0,0.0,0.0,0.0,0.0,0.0,845.4879072221851,0.0
280,2025-02-13,2025-02-14,1,113.55,113.5,381.37,381.66,3.362643171806168,3.3612670374339637,3.3613921179442015,381.50380874875486,1.0,1.0,1.0,381.66,-0.0004093256300557891,0.0,-0.0004093256300557891,False,False,True,0,0,881.0,0.0,0.0,0.0,-0.0,0.0,262.0,0.0,0.0,0.0,-0.0,0.0,-0.0,-0.0,0.0,-0.04999999999999716,-0.00044043163011005,-0.0,0.29000000000002046,0.0007601274234653031,0.0,0.0,0.0,0.0,0.0,0.0,0.0,0.0,0.0,0.0,0.0,0.0,0.0,0.0,0.0,845.4879072221851,0.0
281,2025-02-14,2025-02-18,4,113.5,113.185,381.66,381.12,3.367230640102487,3.3613921179442015,3.361788376412985,380.45916686951443,1.0,1.0,1.0,381.12,-0.0017354290271759953,0.0,-0.0017354290271759953,False,True,False,0,1,881.0,0.0,881.0,881.0,-0.0,881.0,262.0,0.0,-262.0,0.0,262.0,-262.0,-4.405,-1.31,-5.715,-0.3149999999999977,-0.002779188766368169,-0.0,-0.5400000000000205,-0.0014158737518325823,-0.0,0.0,0.0,0.0,0.0,0.0,0.0,0.0,0.0,0.0,0.0,0.0,0.0,0.0,-5.715,839.772907222185,-5.715000000000032
282,2025-02-18,2025-02-19,1,113.185,113.12,381.12,380.22,3.3612093352192365,3.361788376412985,3.361347327366238,380.28550113983687,1.0,1.0,1.0,380.22,0.0001722568473221872,0.0,0.0001722568473221872,False,False,True,1,0,884.0,881.0,0.0,0.0,881.0,-881.0,263.0,-262.0,0.0,262.0,-0.0,262.0,-4.405,-1.31,-5.715,-0.06499999999999773,-0.0005744460068265256,-57.264999999998,-0.8999999999999773,-0.002364253603454658,235.79999999999404,178.53499999999605,0.0,99715.985,99715.985,0.0,-99853.44,0.0,-99853.44,-2.7737066666666665,-137.45500000000175,199569.425,-99853.44,-2.7737066666666665,170.04629333332937,1009.8192005555144,0.0
283,2025-02-19,2025-02-20,1,113.12,112.145,380.22,376.29,3.355388113602925,3.361347327366238,3.3606952228085896,376.95829602748677,1.0,1.0,1.0,376.29,0.0017744380076600002,0.0,0.0017744380076600002,False,False,True,0,0,894.0,0.0,0.0,0.0,-0.0,0.0,266.0,0.0,0.0,0.0,-0.0,0.0,-0.0,-0.0,0.0,-0.9750000000000085,-0.00865652532347369,-0.0,-3.930000000000007,-0.010389909858787585,-0.0,0.0,0.0,0.0,0.0,0.0,0.0,0.0,0.0,0.0,0.0,0.0,0.0,0.0,0.0,1009.8192005555144,0.0
284,2025-02-20,2025-02-21,1,112.145,109.195,376.29,365.93,3.351160767434407,3.3606952228085896,3.359974806422726,366.9711148545839,1.0,1.0,1.0,365.93,0.002841080559935937,0.0,0.002841080559935937,False,False,True,0,0,917.0,0.0,0.0,0.0,-0.0,0.0,273.0,0.0,0.0,0.0,-0.0,0.0,-0.0,-0.0,0.0,-2.950000000000003,-0.026657402108053667,-0.0,-10.360000000000014,-0.027918064425847856,-0.0,0.0,0.0,0.0,0.0,0.0,0.0,0.0,0.0,0.0,0.0,0.0,0.0,0.0,0.0,1009.8192005555144,0.0
285,2025-02-21,2025-02-24,3,109.195,108.785,365.93,363.45,3.3409937031759895,3.359974806422726,3.3585926842687996,365.51485931669623,1.0,1.0,1.0,363.45,0.00566519719804905,0.0,0.00566519719804905,False,False,True,0,0,924.0,0.0,0.0,0.0,-0.0,0.0,275.0,0.0,0.0,0.0,-0.0,0.0,-0.0,-0.0,0.0,-0.4099999999999966,-0.0037618174465696543,-0.0,-2.480000000000018,-0.00680032234820076,-0.0,0.0,0.0,0.0,0.0,0.0,0.0,0.0,0.0,0.0,0.0,0.0,0.0,0.0,0.0,1009.8192005555144,0.0
286,2025-02-24,2025-02-25,1,108.785,108.215,363.45,359.86,3.325416993947235,3.3585926842687996,3.356905726599743,363.4501073281482,1.0,1.0,1.0,359.86,0.009926964309978794,0.0,0.009926964309978794,False,False,True,0,0,934.0,0.0,0.0,0.0,-0.0,0.0,278.0,0.0,0.0,0.0,-0.0,0.0,-0.0,-0.0,0.0,-0.5699999999999932,-0.005253468303673123,-0.0,-3.589999999999975,-0.009926669006271717,-0.0,0.0,0.0,0.0,0.0,0.0,0.0,0.0,0.0,0.0,0.0,0.0,0.0,0.0,0.0,1009.8192005555144,0.0
287,2025-02-25,2025-02-26,1,108.215,107.77,359.86,358.74,3.3287556833998333,3.356905726599743,3.3549022327041045,361.7737301556543,1.0,1.0,1.0,358.74,0.00842106945806536,0.0,0.00842106945806536,False,False,True,0,0,937.0,0.0,0.0,0.0,-0.0,0.0,279.0,0.0,0.0,0.0,-0.0,0.0,-0.0,-0.0,0.0,-0.4450000000000074,-0.004120662357752386,-0.0,-1.1200000000000045,-0.0031171748035046373,-0.0,0.0,0.0,0.0,0.0,0.0,0.0,0.0,0.0,0.0,0.0,0.0,0.0,0.0,0.0,1009.8192005555144,0.0
288,2025-02-26,2025-02-27,1,107.77,106.215,358.74,352.42,3.3179871016334794,3.3549022327041045,3.3525890650526007,356.34094064666647,1.0,1.0,1.0,352.42,0.011064324856567635,0.0,0.011064324856567635,False,False,True,0,0,953.0,0.0,0.0,0.0,-0.0,0.0,284.0,0.0,0.0,0.0,-0.0,0.0,-0.0,-0.0,0.0,-1.5549999999999926,-0.014533984836893258,-0.0,-6.319999999999993,-0.01777424598028351,-0.0,0.0,0.0,0.0,0.0,0.0,0.0,0.0,0.0,0.0,0.0,0.0,0.0,0.0,0.0,1009.8192005555144,0.0
289,2025-02-27,2025-02-28,1,106.215,107.98,352.42,358.65,3.321448416373402,3.3525890650526007,3.350672635099401,362.01256724437985,1.0,1.0,1.0,358.65,0.009331944795431995,0.0,0.009331944795431995,True,False,True,0,0,935.0,0.0,0.0,0.0,-0.0,0.0,279.0,0.0,0.0,0.0,-0.0,0.0,-0.0,-0.0,0.0,1.7650000000000006,0.01648068301829403,0.0,6.229999999999961,0.01752333643185881,0.0,0.0,0.0,0.0,0.0,0.0,0.0,0.0,0.0,0.0,0.0,0.0,0.0,0.0,0.0,1009.8192005555144,0.0
290,2025-02-28,2025-03-03,3,107.98,105.99,358.65,349.61,3.298518728181904,3.350672635099401,3.34740716004276,355.1377925941855,1.0,1.0,1.0,349.61,0.01568761482676019,0.0,0.01568761482676019,False,False,True,0,0,958.0,0.0,0.0,0.0,-0.0,0.0,286.0,0.0,0.0,0.0,-0.0,0.0,-0.0,-0.0,0.0,-1.990000000000009,-0.018601274750977417,-0.0,-9.039999999999964,-0.025528735081159777,-0.0,0.0,0.0,0.0,0.0,0.0,0.0,0.0,0.0,0.0,0.0,0.0,0.0,0.0,0.0,1009.8192005555144,0.0
291,2025-03-03,2025-03-04,1,105.99,104.12,349.61,344.02,3.3040722243565113,3.34740716004276,3.3448892522732434,348.5320335036522,1.0,1.0,1.0,344.02,0.013030348989538811,0.0,0.013030348989538811,False,False,True,0,0,974.0,0.0,0.0,0.0,-0.0,0.0,291.0,0.0,0.0,0.0,-0.0,0.0,-0.0,-0.0,0.0,-1.8699999999999903,-0.01780066991279877,-0.0,-5.590000000000032,-0.016118452273038805,-0.0,0.0,0.0,0.0,0.0,0.0,0.0,0.0,0.0,0.0,0.0,0.0,0.0,0.0,0.0,1009.8192005555144,0.0
292,2025-03-04,2025-03-05,1,104.12,105.705,344.02,349.67,3.307979754978478,3.3448892522732434,3.341953468667552,353.5715184115432,1.0,1.0,1.0,349.67,0.011095927469483452,0.0,0.011095927469483452,False,False,True,0,0,957.0,0.0,0.0,0.0,-0.0,0.0,286.0,0.0,0.0,0.0,-0.0,0.0,-0.0,-0.0,0.0,1.5849999999999937,0.01510811532073071,0.0,5.650000000000034,0.0162900573529702,0.0,0.0,0.0,0.0,0.0,0.0,0.0,0.0,0.0,0.0,0.0,0.0,0.0,0.0,0.0,1009.8192005555144,0.0
293,2025-03-05,2025-03-06,1,105.705,103.025,349.67,339.8,3.298228585294831,3.341953468667552,3.3386840714715875,344.30475610947457,1.0,1.0,1.0,339.8,0.013169974863906916,0.0,0.013169974863906916,False,False,True,0,0,983.0,0.0,0.0,0.0,-0.0,0.0,294.0,0.0,0.0,0.0,-0.0,0.0,-0.0,-0.0,0.0,-2.6799999999999926,-0.025680518222214364,-0.0,-9.870000000000005,-0.0286326433333834,-0.0,0.0,0.0,0.0,0.0,0.0,0.0,0.0,0.0,0.0,0.0,0.0,0.0,0.0,0.0,1009.8192005555144,0.0
294,2025-03-06,2025-03-07,1,103.025,102.835,339.8,338.6,3.292653279525454,3.3386840714715875,3.335175219453423,343.3335764897807,1.0,1.0,1.0,338.6,0.013883031078948138,0.0,0.013883031078948138,False,False,True,0,0,985.0,0.0,0.0,0.0,-0.0,0.0,295.0,0.0,0.0,0.0,-0.0,0.0,-0.0,-0.0,0.0,-0.19000000000001194,-0.0018459152234582504,-0.0,-1.1999999999999886,-0.0035377395387967045,-0.0,0.0,0.0,0.0,0.0,0.0,0.0,0.0,0.0,0.0,0.0,0.0,0.0,0.0,0.0,1009.8192005555144,0.0
295,2025-03-07,2025-03-10,3,102.835,99.165,338.6,326.33,3.2907779962688446,3.335175219453423,3.332013081940861,330.7326506370987,1.0,1.0,1.0,326.33,0.013401207701691491,0.0,0.013401207701691491,False,False,True,0,0,1021.0,0.0,0.0,0.0,-0.0,0.0,306.0,0.0,0.0,0.0,-0.0,0.0,-0.0,-0.0,0.0,-3.6699999999999875,-0.03634063254777163,-0.0,-12.270000000000039,-0.03691033039339935,-0.0,0.0,0.0,0.0,0.0,0.0,0.0,0.0,0.0,0.0,0.0,0.0,0.0,0.0,0.0,1009.8192005555144,0.0
296,2025-03-10,2025-03-11,1,99.165,98.195,326.33,324.18,3.3013900911451706,3.332013081940861,3.329448391667106,327.1870245811828,1.0,1.0,1.0,324.18,0.0092330309327651,0.0,0.0092330309327651,False,False,True,0,0,1026.0,0.0,0.0,0.0,-0.0,0.0,308.0,0.0,0.0,0.0,-0.0,0.0,-0.0,-0.0,0.0,-0.9700000000000131,-0.00982983188646488,-0.0,-2.1499999999999773,-0.006610222221606286,-0.0,0.0,0.0,0.0,0.0,0.0,0.0,0.0,0.0,0.0,0.0,0.0,0.0,0.0,0.0,1009.8192005555144,0.0
297,2025-03-11,2025-03-12,1,98.195,98.765,324.18,327.01,3.310990735584468,3.329448391667106,3.3273511324860108,328.83297040300175,1.0,1.0,1.0,327.01,0.005559181633712186,0.0,0.005559181633712186,False,False,True,0,0,1019.0,0.0,0.0,0.0,-0.0,0.0,306.0,0.0,0.0,0.0,-0.0,0.0,-0.0,-0.0,0.0,0.5700000000000074,0.00578799341277765,0.0,2.829999999999984,0.008691834385388723,0.0,0.0,0.0,0.0,0.0,0.0,0.0,0.0,0.0,0.0,0.0,0.0,0.0,0.0,0.0,1009.8192005555144,0.0
298,2025-03-12,2025-03-13,1,98.765,96.3,327.01,318.51,3.3074766355140186,3.3273511324860108,3.325146525001857,320.42391405840283,1.0,1.0,1.0,318.51,0.005990978850166093,0.0,0.005990978850166093,False,False,True,0,0,1045.0,0.0,0.0,0.0,-0.0,0.0,314.0,0.0,0.0,0.0,-0.0,0.0,-0.0,-0.0,0.0,-2.4650000000000034,-0.02527497217588402,-0.0,-8.5,-0.026336879775826837,-0.0,0.0,0.0,0.0,0.0,0.0,0.0,0.0,0.0,0.0,0.0,0.0,0.0,0.0,0.0,1009.8192005555144,0.0
299,2025-03-13,2025-03-14,1,96.3,98.35,318.51,325.04,3.3049313675648198,3.325146525001857,3.3224626662554835,327.0281607339326,1.0,1.0,1.0,325.04,0.006098033962194297,0.0,0.006098033962194297,False,False,True,0,0,1024.0,0.0,0.0,0.0,-0.0,0.0,308.0,0.0,0.0,0.0,-0.0,0.0,-0.0,-0.0,0.0,2.049999999999997,0.021064226030988117,0.0,6.53000000000003,0.020294379985879903,0.0,0.0,0.0,0.0,0.0,0.0,0.0,0.0,0.0,0.0,0.0,0.0,0.0,0.0,0.0,1009.8192005555144,0.0
300,2025-03-14,2025-03-17,3,98.35,98.505,325.04,326.17,3.3112024770316233,3.3224626662554835,3.3198906315167562,327.27918493949636,1.0,1.0,1.0,326.17,0.003394865370866683,0.0,0.003394865370866683,False,False,True,0,0,1020.0,0.0,0.0,0.0,-0.0,0.0,307.0,0.0,0.0,0.0,-0.0,0.0,-0.0,-0.0,0.0,0.15500000000000114,0.0015747634759776374,0.0,1.1299999999999955,0.0034704661603964415,0.0,0.0,0.0,0.0,0.0,0.0,0.0,0.0,0.0,0.0,0.0,0.0,0.0,0.0,0.0,1009.8192005555144,0.0
301,2025-03-17,2025-03-18,1,98.505,96.75,326.17,320.05,3.308010335917313,3.3198906315167562,3.3169296163074966,321.19941859924614,1.0,1.0,1.0,320.05,0.0035849383934357685,0.0,0.0035849383934357685,False,False,True,0,0,1036.0,0.0,0.0,0.0,-0.0,0.0,312.0,0.0,0.0,0.0,-0.0,0.0,-0.0,-0.0,0.0,-1.7549999999999955,-0.017976976401154462,-0.0,-6.1200000000000045,-0.018941484251855226,-0.0,0.0,0.0,0.0,0.0,0.0,0.0,0.0,0.0,0.0,0.0,0.0,0.0,0.0,0.0,1009.8192005555144,0.0
302,2025-03-18,2025-03-19,1,96.75,98.605,320.05,326.09,3.3070331119111605,3.3169296163074966,3.3142208051420936,327.0658448160007,1.0,1.0,1.0,326.09,0.0029880940355405208,0.0,0.0029880940355405208,False,False,True,0,0,1018.0,0.0,0.0,0.0,-0.0,0.0,307.0,0.0,0.0,0.0,-0.0,0.0,-0.0,-0.0,0.0,1.855000000000004,0.018991638352141085,0.0,6.039999999999964,0.018696183297017648,0.0,0.0,0.0,0.0,0.0,0.0,0.0,0.0,0.0,0.0,0.0,0.0,0.0,0.0,0.0,1009.8192005555144,0.0
303,2025-03-19,2025-03-20,1,98.605,98.37,326.09,325.29,3.306800853918878,3.3142208051420936,3.311791442157891,326.01990060182777,1.0,1.0,1.0,325.29,0.0022413321422327247,0.0,0.0022413321422327247,False,False,True,0,0,1017.0,0.0,0.0,0.0,-0.0,0.0,307.0,0.0,0.0,0.0,-0.0,0.0,-0.0,-0.0,0.0,-0.23499999999999943,-0.0023860907373657357,-0.0,-0.7999999999999545,-0.0024563247328297697,-0.0,0.0,0.0,0.0,0.0,0.0,0.0,0.0,0.0,0.0,0.0,0.0,0.0,0.0,0.0,1009.8192005555144,0.0
304,2025-03-20,2025-03-21,1,98.37,98.725,325.29,326.92,3.3114206128133707,3.311791442157891,3.3098044344268396,326.9566101270378,1.0,1.0,1.0,326.92,0.00011197870212506271,0.0,0.00011197870212506271,False,False,True,0,0,1013.0,0.0,0.0,0.0,-0.0,0.0,306.0,0.0,0.0,0.0,-0.0,0.0,-0.0,-0.0,0.0,0.35499999999998977,0.0036023276480464557,0.0,1.6299999999999955,0.004998400495728783,0.0,0.0,0.0,0.0,0.0,0.0,0.0,0.0,0.0,0.0,0.0,0.0,0.0,0.0,0.0,1009.8192005555144,0.0
305,2025-03-21,2025-03-24,3,98.725,102.145,326.92,340.12,3.3297762983993344,3.3098044344268396,3.3092435641880065,338.0799739545295,1.0,1.0,1.0,340.12,-0.00601601968921901,0.0,-0.00601601968921901,False,True,False,0,1,973.0,0.0,973.0,973.0,-0.0,973.0,294.0,0.0,-294.0,0.0,294.0,-294.0,-4.865,-1.47,-6.335,3.4200000000000017,0.03405516526690364,0.0,13.199999999999989,0.039583003869662806,0.0,0.0,0.0,0.0,0.0,0.0,0.0,0.0,0.0,0.0,0.0,0.0,0.0,0.0,-6.335,1003.4842005555143,-6.335000000000036
306,2025-03-24,2025-03-25,1,102.145,102.96,340.12,341.61,3.317890442890443,3.3092435641880065,3.308867236635167,340.71971736879715,1.0,1.0,1.0,341.61,-0.002609539387640191,0.0,-0.002609539387640191,False,True,False,1,1,970.0,973.0,970.0,0.0,3.0,-3.0,293.0,-294.0,-293.0,1.0,-0.0,1.0,-0.015,-0.005,-0.02,0.8149999999999977,0.007947190848254434,792.9949999999978,1.490000000000009,0.004371238973031648,-438.0600000000027,354.93499999999517,0.0,99387.08499999999,99387.08499999999,0.0,-99995.28,0.0,-99995.28,-2.7776466666666666,-608.195000000007,199382.365,-99995.28,-2.7776466666666666,352.1373533333285,1355.6215538888428,0.0
307,2025-03-25,2025-03-26,1,102.96,101.615,341.61,336.55,3.3120110219947847,3.308867236635167,3.3080300035649146,336.23054425068244,1.0,1.0,1.0,336.55,-0.0009496581791966776,0.0,-0.0009496581791966776,False,False,True,1,0,983.0,970.0,0.0,0.0,970.0,-970.0,297.0,-293.0,0.0,293.0,-0.0,293.0,-4.8500000000000005,-1.465,-6.315,-1.3449999999999989,-0.013149401245600852,-1304.649999999999,-5.060000000000002,-0.01492300903390119,1482.5800000000006,177.93000000000166,0.0,99871.2,99871.2,0.0,-100091.73000000001,0.0,-100091.73000000001,-2.780325833333334,-220.5300000000134,199962.93,-100091.73000000001,-2.780325833333334,168.83467416666832,1524.456228055511,0.0
308,2025-03-26,2025-03-27,1,101.615,101.68,336.55,336.22,3.306648308418568,3.3080300035649146,3.3074630639041693,336.36049076248054,1.0,1.0,1.0,336.22,0.00041776639808433283,0.0,0.00041776639808433283,False,False,True,0,0,982.0,0.0,0.0,0.0,-0.0,0.0,297.0,0.0,0.0,0.0,-0.0,0.0,-0.0,-0.0,0.0,0.06500000000001194,0.0006394648389284517,0.0,-0.3299999999999841,-0.0009810188518094797,-0.0,0.0,0.0,0.0,0.0,0.0,0.0,0.0,0.0,0.0,0.0,0.0,0.0,0.0,0.0,1524.456228055511,0.0
309,2025-03-27,2025-03-28,1,101.68,98.52,336.22,326.13,3.3102923264311817,3.3074630639041693,3.3069052594070576,325.85126105583873,1.0,1.0,1.0,326.13,-0.0008550520629760378,0.0,-0.0008550520629760378,False,False,True,0,0,1015.0,0.0,0.0,0.0,-0.0,0.0,307.0,0.0,0.0,0.0,-0.0,0.0,-0.0,-0.0,0.0,-3.160000000000011,-0.03157105362886161,-0.0,-10.090000000000032,-0.030469632720894046,-0.0,0.0,0.0,0.0,0.0,0.0,0.0,0.0,0.0,0.0,0.0,0.0,0.0,0.0,0.0,1524.456228055511,0.0
310,2025-03-28,2025-03-31,3,98.52,98.73,326.13,325.51,3.296971538539451,3.3069052594070576,3.306827899924935,326.4907562612588,1.0,1.0,1.0,325.51,0.0030084535686770593,0.0,0.0030084535686770593,True,False,True,0,0,1015.0,0.0,0.0,0.0,-0.0,0.0,307.0,0.0,0.0,0.0,-0.0,0.0,-0.0,-0.0,0.0,0.21000000000000796,0.0021292783710211496,0.0,-0.6200000000000045,-0.0019028917410989046,-0.0,0.0,0.0,0.0,0.0,0.0,0.0,0.0,0.0,0.0,0.0,0.0,0.0,0.0,0.0,1524.456228055511,0.0
311,2025-03-31,2025-04-01,1,98.73,99.76,325.51,329.06,3.298516439454691,3.306827899924935,3.3065501106798445,329.88915129651156,1.0,1.0,1.0,329.06,0.0025165879111598796,0.0,0.0025165879111598796,False,False,True,0,0,1005.0,0.0,0.0,0.0,-0.0,0.0,304.0,0.0,0.0,0.0,-0.0,0.0,-0.0,-0.0,0.0,1.0300000000000011,0.010378449748422657,0.0,3.5500000000000114,0.0108469218155843,0.0,0.0,0.0,0.0,0.0,0.0,0.0,0.0,0.0,0.0,0.0,0.0,0.0,0.0,0.0,1524.456228055511,0.0
312,2025-04-01,2025-04-02,1,99.76,101.655,329.06,335.79,3.3032315183709606,3.3065501106798445,3.3063126988494687,336.1273515011596,1.0,1.0,1.0,335.79,0.0010041459079813072,0.0,0.0010041459079813072,False,False,True,0,0,985.0,0.0,0.0,0.0,-0.0,0.0,298.0,0.0,0.0,0.0,-0.0,0.0,-0.0,-0.0,0.0,1.894999999999996,0.01881742588440494,0.0,6.730000000000018,0.02024585961078192,0.0,0.0,0.0,0.0,0.0,0.0,0.0,0.0,0.0,0.0,0.0,0.0,0.0,0.0,0.0,1524.456228055511,0.0
313,2025-04-02,2025-04-03,1,101.655,95.515,335.79,313.81,3.2854525467204105,3.3063126988494687,3.305673896920747,315.802457430607,1.0,1.0,1.0,313.81,0.006329176172805811,0.0,0.006329176172805811,False,False,True,0,0,1055.0,0.0,0.0,0.0,-0.0,0.0,319.0,0.0,0.0,0.0,-0.0,0.0,-0.0,-0.0,0.0,-6.140000000000001,-0.06230142404057093,-0.0,-21.980000000000018,-0.06769825734662449,-0.0,0.0,0.0,0.0,0.0,0.0,0.0,0.0,0.0,0.0,0.0,0.0,0.0,0.0,0.0,1524.456228055511,0.0
314,2025-04-03,2025-04-04,1,95.515,91.395,313.81,300.73,3.290442584386455,3.305673896920747,3.3055633621637974,302.12206580907167,1.0,1.0,1.0,300.73,0.00461827490437885,0.0,0.00461827490437885,False,False,True,0,0,1101.0,0.0,0.0,0.0,-0.0,0.0,333.0,0.0,0.0,0.0,-0.0,0.0,-0.0,-0.0,0.0,-4.1200000000000045,-0.04409253084704772,-0.0,-13.079999999999984,-0.042574854994751436,-0.0,0.0,0.0,0.0,0.0,0.0,0.0,0.0,0.0,0.0,0.0,0.0,0.0,0.0,0.0,1524.456228055511,0.0
315,2025-04-04,2025-04-07,3,91.395,90.315,300.73,297.66,3.2957980401926594,3.3055633621637974,3.3058143643599878,298.54195505382336,1.0,1.0,1.0,297.66,0.002958580359136507,0.0,0.002958580359136507,False,False,True,0,0,1111.0,0.0,0.0,0.0,-0.0,0.0,336.0,0.0,0.0,0.0,-0.0,0.0,-0.0,-0.0,0.0,-1.0799999999999983,-0.01188721278404648,-0.0,-3.069999999999993,-0.010260956686897395,-0.0,0.0,0.0,0.0,0.0,0.0,0.0,0.0,0.0,0.0,0.0,0.0,0.0,0.0,0.0,1524.456228055511,0.0
316,2025-04-07,2025-04-08,1,90.315,88.17,297.66,290.42,3.2938641261199955,3.3058143643599878,3.3054380661087293,291.4736525056201,1.0,1.0,1.0,290.42,0.003621464687362671,0.0,0.003621464687362671,False,False,True,0,0,1137.0,0.0,0.0,0.0,-0.0,0.0,344.0,0.0,0.0,0.0,-0.0,0.0,-0.0,-0.0,0.0,-2.144999999999996,-0.02403679048558508,-0.0,-7.240000000000009,-0.02462374443842114,-0.0,0.0,0.0,0.0,0.0,0.0,0.0,0.0,0.0,0.0,0.0,0.0,0.0,0.0,0.0,1524.456228055511,0.0
317,2025-04-08,2025-04-09,1,88.17,97.77,290.42,322.89,3.3025467934949373,3.3054380661087293,3.305015869004253,323.17267972345047,1.0,1.0,1.0,322.89,0.0008750845710837249,0.0,0.0008750845710837249,False,False,True,0,0,1025.0,0.0,0.0,0.0,-0.0,0.0,310.0,0.0,0.0,0.0,-0.0,0.0,-0.0,-0.0,0.0,9.599999999999994,0.1033510124186442,0.0,32.46999999999997,0.105983556841725,0.0,0.0,0.0,0.0,0.0,0.0,0.0,0.0,0.0,0.0,0.0,0.0,0.0,0.0,0.0,1524.456228055511,0.0
318,2025-04-09,2025-04-10,1,97.77,93.95,322.89,310.11,3.3007982969664718,3.305015869004253,3.3046819520768755,310.50624089294956,1.0,1.0,1.0,310.11,0.001276927417239658,0.0,0.001276927417239658,False,False,True,0,0,1064.0,0.0,0.0,0.0,-0.0,0.0,322.0,0.0,0.0,0.0,-0.0,0.0,-0.0,-0.0,0.0,-3.819999999999993,-0.03985505565810545,-0.0,-12.779999999999973,-0.04038463469581335,-0.0,0.0,0.0,0.0,0.0,0.0,0.0,0.0,0.0,0.0,0.0,0.0,0.0,0.0,0.0,1524.456228055511,0.0
319,2025-04-10,2025-04-11,1,93.95,94.86,310.11,312.17,3.2908496732026147,3.3046819520768755,3.3039778673587654,313.4821299740124,1.0,1.0,1.0,312.17,0.004194445554909458,0.0,0.004194445554909458,False,False,True,0,0,1057.0,0.0,0.0,0.0,-0.0,0.0,320.0,0.0,0.0,0.0,-0.0,0.0,-0.0,-0.0,0.0,0.9099999999999966,0.009639394589961261,0.0,2.0600000000000023,0.006620837967114119,0.0,0.0,0.0,0.0,0.0,0.0,0.0,0.0,0.0,0.0,0.0,0.0,0.0,0.0,0.0,1524.456228055511,0.0
320,2025-04-11,2025-04-14,3,94.86,95.135,312.17,313.81,3.298575708204131,3.3039778673587654,3.3033465289173902,314.32393441117614,1.0,1.0,1.0,313.81,0.0016363851647037892,0.0,0.0016363851647037892,False,False,True,0,0,1054.0,0.0,0.0,0.0,-0.0,0.0,319.0,0.0,0.0,0.0,-0.0,0.0,-0.0,-0.0,0.0,0.2750000000000057,0.0028948150429283334,0.0,1.6399999999999864,0.005239796007044214,0.0,0.0,0.0,0.0,0.0,0.0,0.0,0.0,0.0,0.0,0.0,0.0,0.0,0.0,0.0,1524.456228055511,0.0
321,2025-04-14,2025-04-15,1,95.135,94.45,313.81,311.55,3.298570672313393,3.3033465289173902,3.3028745457371946,312.0010796562475,1.0,1.0,1.0,311.55,0.001446809249954737,0.0,0.001446809249954737,False,False,True,0,0,1060.0,0.0,0.0,0.0,-0.0,0.0,321.0,0.0,0.0,0.0,-0.0,0.0,-0.0,-0.0,0.0,-0.6850000000000023,-0.007226341544845507,-0.0,-2.259999999999991,-0.007227868232430449,-0.0,0.0,0.0,0.0,0.0,0.0,0.0,0.0,0.0,0.0,0.0,0.0,0.0,0.0,0.0,1524.456228055511,0.0
322,2025-04-15,2025-04-16,1,94.45,92.12,311.55,304.05,3.300586191923578,3.3028745457371946,3.3025521997378156,304.2608031533104,1.0,1.0,1.0,304.05,0.0006930771594257665,0.0,0.0006930771594257665,False,False,True,0,0,1087.0,0.0,0.0,0.0,-0.0,0.0,329.0,0.0,0.0,0.0,-0.0,0.0,-0.0,-0.0,0.0,-2.3299999999999983,-0.02497851899503406,-0.0,-7.5,-0.024367677424112232,-0.0,0.0,0.0,0.0,0.0,0.0,0.0,0.0,0.0,0.0,0.0,0.0,0.0,0.0,0.0,1524.456228055511,0.0
323,2025-04-16,2025-04-17,1,92.12,92.7,304.05,306.15,3.302588996763754,3.3025521997378156,3.3023416068800593,306.14658891569553,1.0,1.0,1.0,306.15,-1.1141934697087643e-05,0.0,-1.1141934697087643e-05,False,False,True,0,0,1080.0,0.0,0.0,0.0,-0.0,0.0,327.0,0.0,0.0,0.0,-0.0,0.0,-0.0,-0.0,0.0,0.5799999999999983,0.0062763976193249416,0.0,2.099999999999966,0.006883016357844595,0.0,0.0,0.0,0.0,0.0,0.0,0.0,0.0,0.0,0.0,0.0,0.0,0.0,0.0,0.0,1524.456228055511,0.0
324,2025-04-17,2025-04-21,4,92.7,90.225,306.15,297.73,3.299861457467443,3.3023416068800593,3.3017636491127624,297.95377148075335,1.0,1.0,1.0,297.73,0.0007513096780294639,0.0,0.0007513096780294639,False,False,True,0,0,1110.0,0.0,0.0,0.0,-0.0,0.0,336.0,0.0,0.0,0.0,-0.0,0.0,-0.0,-0.0,0.0,-2.4750000000000085,-0.027061922042957307,-0.0,-8.419999999999959,-0.02788814238959339,-0.0,0.0,0.0,0.0,0.0,0.0,0.0,0.0,0.0,0.0,0.0,0.0,0.0,0.0,0.0,1524.456228055511,0.0
325,2025-04-21,2025-04-22,1,90.225,93.08,297.73,307.25,3.3009239363987968,3.3017636491127624,3.3003210310127358,307.3281604594159,1.0,1.0,1.0,307.25,0.0002543548237344237,0.0,0.0002543548237344237,False,False,True,0,0,1073.0,0.0,0.0,0.0,-0.0,0.0,325.0,0.0,0.0,0.0,-0.0,0.0,-0.0,-0.0,0.0,2.855000000000004,0.031152787905238812,0.0,9.519999999999982,0.03147471291177412,0.0,0.0,0.0,0.0,0.0,0.0,0.0,0.0,0.0,0.0,0.0,0.0,0.0,0.0,0.0,1524.456228055511,0.0
326,2025-04-22,2025-04-23,1,93.08,95.16,307.25,314.5,3.3049600672551493,3.3003210310127358,3.299674512230971,314.05854931117193,1.0,1.0,1.0,314.5,-0.0014046448398314275,0.0,-0.0014046448398314275,False,True,False,0,1,1050.0,0.0,1050.0,1050.0,-0.0,1050.0,318.0,0.0,-318.0,0.0,318.0,-318.0,-5.25,-1.59,-6.84,2.0799999999999983,0.02210034700066592,0.0,7.25,0.02332232769435099,0.0,0.0,0.0,0.0,0.0,0.0,0.0,0.0,0.0,0.0,0.0,0.0,0.0,0.0,-6.84,1517.616228055511,-6.839999999999918
327,2025-04-23,2025-04-24,1,95.16,97.055,314.5,320.78,3.3051362629436913,3.299674512230971,3.299330774278417,320.2499097845769,1.0,1.0,1.0,320.78,-0.0016538708355444433,0.0,-0.0016538708355444433,False,True,False,1,1,1029.0,1050.0,1029.0,0.0,21.0,-21.0,312.0,-318.0,-312.0,6.0,-0.0,6.0,-0.105,-0.03,-0.135,1.8950000000000102,0.01971814268829781,1989.7500000000107,6.279999999999973,0.019771453768736617,-1997.0399999999913,-7.289999999980637,0.0,99918.0,99918.0,0.0,-100011.0,0.0,-100011.0,-2.7780833333333335,-93.0,199929.0,-100011.0,-2.7780833333333335,-10.20308333331397,1507.413144722197,-17.043083333313916
328,2025-04-24,2025-04-25,1,97.055,98.8,320.78,325.92,3.2987854251012148,3.299330774278417,3.298937630112549,325.97388049870756,1.0,1.0,1.0,325.92,0.000165304508730879,0.0,0.000165304508730879,False,False,True,1,0,1013.0,1029.0,0.0,0.0,1029.0,-1029.0,307.0,-312.0,0.0,312.0,-0.0,312.0,-5.1450000000000005,-1.56,-6.705,1.7449999999999903,0.01781977663076737,1795.60499999999,5.140000000000043,0.015896422569263935,-1603.6800000000135,191.92499999997654,0.0,99869.595,99869.595,0.0,-100083.35999999999,0.0,-100083.35999999999,-2.7800933333333333,-213.76499999998487,199952.955,-100083.35999999999,-2.7800933333333333,182.4399066666432,1689.8530513888404,0.0
329,2025-04-25,2025-04-28,3,98.8,98.835,325.92,326.2,3.3004502453584257,3.298937630112549,3.2984455260589116,326.05050067217377,1.0,1.0,1.0,326.2,-0.00045841078018377785,0.0,-0.00045841078018377785,False,False,True,0,0,1013.0,0.0,0.0,0.0,-0.0,0.0,307.0,0.0,0.0,0.0,-0.0,0.0,-0.0,-0.0,0.0,0.03499999999999659,0.00035418828007072797,0.0,0.2799999999999727,0.0008587377084178045,0.0,0.0,0.0,0.0,0.0,0.0,0.0,0.0,0.0,0.0,0.0,0.0,0.0,0.0,0.0,1689.8530513888404,0.0
330,2025-04-28,2025-04-29,1,98.835,99.535,326.2,328.35,3.2988396041593413,3.2984455260589116,3.298538929339906,328.31077543627373,1.0,1.0,1.0,328.35,-0.00011946674825182061,0.0,-0.00011946674825182061,False,False,True,0,0,1006.0,0.0,0.0,0.0,-0.0,0.0,305.0,0.0,0.0,0.0,-0.0,0.0,-0.0,-0.0,0.0,0.7000000000000028,0.007057548072003783,0.0,2.150000000000034,0.006569422450068266,0.0,0.0,0.0,0.0,0.0,0.0,0.0,0.0,0.0,0.0,0.0,0.0,0.0,0.0,0.0,1689.8530513888404,0.0
331,2025-04-29,2025-04-30,1,99.535,98.63,328.35,325.59,3.3011254182297476,3.298538929339906,3.298669378278658,325.33489460079494,1.0,1.0,1.0,325.59,-0.0007838244147121966,0.0,-0.0007838244147121966,True,False,True,0,0,1013.0,0.0,0.0,0.0,-0.0,0.0,307.0,0.0,0.0,0.0,-0.0,0.0,-0.0,-0.0,0.0,-0.9050000000000011,-0.009133866139994656,-0.0,-2.7600000000000477,-0.008441191510948465,-0.0,0.0,0.0,0.0,0.0,0.0,0.0,0.0,0.0,0.0,0.0,0.0,0.0,0.0,0.0,1689.8530513888404,0.0
332,2025-04-30,2025-05-01,1,98.63,99.175,325.59,327.51,3.3023443408116964,3.298669378278658,3.2986250194006956,327.1455355907859,1.0,1.0,1.0,327.51,-0.0011134541054168778,0.0,-0.0011134541054168778,False,False,True,0,0,1006.0,0.0,0.0,0.0,-0.0,0.0,305.0,0.0,0.0,0.0,-0.0,0.0,-0.0,-0.0,0.0,0.5450000000000017,0.005510491434491656,0.0,1.920000000000016,0.005879667834254692,0.0,0.0,0.0,0.0,0.0,0.0,0.0,0.0,0.0,0.0,0.0,0.0,0.0,0.0,0.0,1689.8530513888404,0.0
333,2025-05-01,2025-05-02,1,99.175,100.715,327.51,333.0,3.30635952936504,3.2986250194006956,3.2996703685329267,332.22101882894106,1.0,1.0,1.0,333.0,-0.002342023192515091,0.0,-0.002342023192515091,False,True,False,0,1,990.0,0.0,990.0,990.0,-0.0,990.0,300.0,0.0,-300.0,0.0,300.0,-300.0,-4.95,-1.5,-6.45,1.5400000000000063,0.01540877952999366,0.0,5.490000000000009,0.01662390102015609,0.0,0.0,0.0,0.0,0.0,0.0,0.0,0.0,0.0,0.0,0.0,0.0,0.0,0.0,-6.45,1683.4030513888404,-6.4500000000000455
334,2025-05-02,2025-05-05,3,100.715,99.645,333.0,329.49,3.3066385669125395,3.2996703685329267,3.300480167659231,328.79565387246345,1.0,1.0,1.0,329.49,-0.002109559523142031,0.0,-0.002109559523142031,False,True,False,1,1,1000.0,990.0,1000.0,10.0,-0.0,10.0,303.0,-300.0,-303.0,0.0,3.0,-3.0,-0.05,-0.015,-0.065,-1.0700000000000074,-0.010680876145073247,-1059.3000000000072,-3.509999999999991,-0.01059648551207961,1052.9999999999973,-6.300000000009959,0.0,99707.85,99707.85,0.0,-99900.0,0.0,-99900.0,-8.325,-192.14999999999418,199607.85,-99900.0,-8.325,-14.69000000000996,1668.7130513888303,-21.140000000010104
335,2025-05-05,2025-05-06,1,99.645,98.775,329.49,326.62,3.306707162743609,3.300480167659231,3.3010256237867788,326.0049285605405,1.0,1.0,1.0,326.62,-0.0018849161123030416,0.0,-0.0018849161123030416,False,True,False,1,1,1010.0,1000.0,1010.0,10.0,-0.0,10.0,306.0,-303.0,-306.0,0.0,3.0,-3.0,-0.05,-0.015,-0.065,-0.8699999999999903,-0.00876933348785971,-869.9999999999903,-2.8700000000000045,-0.008748588819767002,869.6100000000014,-0.38999999998895873,0.0,99645.0,99645.0,0.0,-99835.47,0.0,-99835.47,-2.7732075,-190.47000000000116,199480.47,-99835.47,-2.7732075,-3.2282074999889585,1665.4848438888414,-24.368207499999016
336,2025-05-06,2025-05-07,1,98.775,99.545,326.62,329.71,3.3121703752071925,3.3010256237867788,3.301940936241139,328.6005957198549,1.0,1.0,1.0,329.71,-0.0033704617169922437,0.0,-0.0033704617169922437,False,True,False,1,1,1000.0,1010.0,1000.0,0.0,10.0,-10.0,303.0,-306.0,-303.0,3.0,-0.0,3.0,-0.05,-0.015,-0.065,0.769999999999996,0.007765266934305289,777.699999999996,3.089999999999975,0.0094160645727037,-945.5399999999923,-167.8399999999964,0.0,99762.75,99762.75,0.0,-99945.72,0.0,-99945.72,-2.7762700000000002,-182.97000000000116,199708.47,-99945.72,-2.7762700000000002,-170.6812699999964,1494.803573888845,-195.04947749999542
337,2025-05-07,2025-05-08,1,99.545,100.72,329.71,334.74,3.323471008737093,3.301940936241139,3.302987147003246,332.5714910982075,1.0,1.0,1.0,334.74,-0.0064992632794204,0.0,-0.0064992632794204,False,True,False,1,1,987.0,1000.0,987.0,0.0,13.0,-13.0,299.0,-303.0,-299.0,4.0,-0.0,4.0,-0.065,-0.02,-0.085,1.1749999999999972,0.011734586504331835,1174.9999999999973,5.03000000000003,0.015140630864191066,-1524.090000000009,-349.09000000001174,0.0,99545.0,99545.0,0.0,-99902.12999999999,0.0,-99902.12999999999,-2.7750591666666664,-357.1299999999901,199447.13,-99902.12999999999,-2.7750591666666664,-351.9500591666784,1142.8535147221667,-546.9995366666737
338,2025-05-08,2025-05-09,1,100.72,101.205,334.74,336.53,3.325230966849464,3.302987147003246,3.304208780497396,334.2788142124635,1.0,1.0,1.0,336.53,-0.006711880318315125,0.0,-0.006711880318315125,False,True,False,1,1,981.0,987.0,981.0,0.0,6.0,-6.0,297.0,-299.0,-297.0,2.0,-0.0,2.0,-0.03,-0.01,-0.04,0.48499999999999943,0.004803773011406551,478.6949999999994,1.7899999999999636,0.00533318707145622,-535.2099999999891,-56.5149999999897,0.0,99410.64,99410.64,0.0,-100087.26000000001,0.0,-100087.26000000001,-2.780201666666667,-676.6200000000099,199497.90000000002,-100087.26000000001,-2.780201666666667,-59.33520166665637,1083.5183130555104,-606.33473833333
339,2025-05-09,2025-05-12,3,101.205,106.235,336.53,354.39,3.335906245587612,3.304208780497396,3.3064616091166457,351.0226197961409,1.0,1.0,1.0,354.39,-0.009547336375439808,0.0,-0.009547336375439808,False,True,False,1,1,932.0,981.0,932.0,0.0,49.0,-49.0,282.0,-297.0,-282.0,15.0,-0.0,15.0,-0.245,-0.075,-0.32,5.030000000000001,0.048505458620103574,4934.430000000001,17.860000000000014,0.05171070347159008,-5304.420000000004,-369.9900000000025,0.0,99282.105,99282.105,0.0,-99949.40999999999,0.0,-99949.40999999999,-8.329117499999999,-667.304999999993,199231.51499999998,-99949.40999999999,-8.329117499999999,-378.6391175000025,704.8791955555079,-984.9738558333325
340,2025-05-12,2025-05-13,1,106.235,107.64,354.39,358.5,3.330546265328874,3.3064616091166457,3.3080601369728826,355.90752760531575,1.0,1.0,1.0,358.5,-0.007257716847189007,0.0,-0.007257716847189007,False,True,False,1,1,923.0,932.0,923.0,0.0,9.0,-9.0,279.0,-282.0,-279.0,3.0,-0.0,3.0,-0.045,-0.015,-0.06,1.4050000000000011,0.013138704491103083,1309.460000000001,4.110000000000014,0.011530658411136879,-1159.0200000000038,150.4399999999971,0.0,99011.02,99011.02,0.0,-99937.98,0.0,-99937.98,-2.776055,-926.9599999999919,198949.0,-99937.98,-2.776055,147.60394499999708,852.483140555505,-837.3699108333354
341,2025-05-13,2025-05-14,1,107.64,108.055,358.5,359.95,3.3311739391976305,3.3080601369728826,3.3096903003170945,357.45243810060487,1.0,1.0,1.0,359.95,-0.0069628199099207215,0.0,-0.0069628199099207215,False,True,False,1,1,920.0,923.0,920.0,0.0,3.0,-3.0,278.0,-279.0,-278.0,1.0,-0.0,1.0,-0.015,-0.005,-0.02,0.41500000000000625,0.0038480308962850836,383.04500000000576,1.4499999999999886,0.004036472875636837,-404.5499999999968,-21.50499999999107,0.0,99351.72,99351.72,0.0,-100021.5,0.0,-100021.5,-2.778375,-669.7799999999988,199373.22,-100021.5,-2.778375,-24.30337499999107,828.1797655555139,-861.6732858333265
342,2025-05-14,2025-05-15,1,108.055,107.815,359.95,358.7,3.3269953160506422,3.3096903003170945,3.311010756523448,356.8342597286875,1.0,1.0,1.0,358.7,-0.0052149690229846436,0.0,-0.0052149690229846436,False,True,False,1,1,923.0,920.0,923.0,3.0,-0.0,3.0,279.0,-278.0,-279.0,0.0,1.0,-1.0,-0.015,-0.005,-0.02,-0.2400000000000091,-0.0022235613923611564,-220.80000000000837,-1.25,-0.0034787483770750143,347.5,126.69999999999163,0.0,99410.6,99410.6,0.0,-100066.09999999999,0.0,-100066.09999999999,-2.7796138888888886,-655.4999999999854,199476.7,-100066.09999999999,-2.7796138888888886,123.90038611110275,952.0801516666166,-737.7728997222238
343,2025-05-15,2025-05-16,1,107.815,108.835,358.7,362.13,3.327330362475307,3.311010756523448,3.3122478248090252,360.35385568622945,1.0,1.0,1.0,362.13,-0.004916782231031165,0.0,-0.004916782231031165,False,True,False,1,1,914.0,923.0,914.0,0.0,9.0,-9.0,276.0,-279.0,-276.0,3.0,-0.0,3.0,-0.045,-0.015,-0.06,1.019999999999996,0.009416178504171221,941.4599999999963,3.430000000000007,0.009516878842908603,-956.9700000000018,-15.510000000005562,0.0,99513.245,99513.245,0.0,-100077.3,0.0,-100077.3,-2.779925,-564.0550000000076,199590.54499999998,-100077.3,-2.779925,-18.349925000005562,933.7302266666111,-756.1228247222293
344,2025-05-16,2025-05-19,3,108.835,108.58,362.13,360.77,3.3226192668999817,3.3122478248090252,3.313385715280652,359.643868817764,1.0,1.0,1.0,360.77,-0.0031263476404817373,0.0,-0.0031263476404817373,False,True,False,1,1,917.0,914.0,917.0,3.0,-0.0,3.0,277.0,-276.0,-277.0,0.0,1.0,-1.0,-0.015,-0.005,-0.02,-0.25499999999999545,-0.0023457453894953186,-233.06999999999584,-1.3600000000000136,-0.0037626272084682233,375.36000000000377,142.29000000000792,0.0,99475.18999999999,99475.18999999999,0.0,-99947.88,0.0,-99947.88,-8.328990000000001,-472.6900000000169,199423.07,-99947.88,-8.328990000000001,133.9410100000079,1067.671236666619,-622.1818147222214
345,2025-05-19,2025-05-20,1,108.58,108.015,360.77,359.05,3.324075359903717,3.313385715280652,3.3145432864558986,357.8953580360396,1.0,1.0,1.0,359.05,-0.0032210068711410497,0.0,-0.0032210068711410497,False,True,False,1,1,924.0,917.0,924.0,7.0,-0.0,7.0,279.0,-277.0,-279.0,0.0,2.0,-2.0,-0.035,-0.01,-0.045000000000000005,-0.5649999999999977,-0.005217122108365233,-518.104999999998,-1.7199999999999704,-0.00477898161635058,476.4399999999918,-41.66500000000616,0.0,99567.86,99567.86,0.0,-99933.29,0.0,-99933.29,-2.7759247222222223,-365.429999999993,199501.15,-99933.29,-2.7759247222222223,-44.48592472222838,1023.1853119443907,-666.6677394444497
346,2025-05-20,2025-05-21,1,108.015,105.825,359.05,351.24,3.3190644932671862,3.3145432864558986,3.3152485077565004,350.76154328919546,1.0,1.0,1.0,351.24,-0.0013631217465643172,0.0,-0.0013631217465643172,False,False,False,1,1,945.0,924.0,945.0,21.0,-0.0,21.0,285.0,-279.0,-285.0,0.0,6.0,-6.0,-0.105,-0.03,-0.135,-2.1899999999999977,-0.02048331996195235,-2023.559999999998,-7.810000000000002,-0.021991904064531803,2178.9900000000007,155.4300000000028,0.0,99805.86,99805.86,0.0,-100174.95,0.0,-100174.95,-2.7826375,-369.0899999999965,199980.81,-100174.95,-2.7826375,152.5123625000028,1175.6976744443934,-514.155376944447
347,2025-05-21,2025-05-22,1,105.825,106.28,351.24,353.2,3.3232969514490023,3.3152485077565004,3.3161565421817665,352.3446114043609,1.0,1.0,1.0,353.2,-0.00242476237764545,0.0,-0.00242476237764545,False,True,False,1,1,938.0,945.0,938.0,0.0,7.0,-7.0,283.0,-285.0,-283.0,2.0,-0.0,2.0,-0.035,-0.01,-0.045000000000000005,0.4549999999999983,0.004290334484625383,429.9749999999984,1.9599999999999795,0.005564718238010096,-558.5999999999942,-128.62499999999585,0.0,100004.625,100004.625,0.0,-100103.40000000001,0.0,-100103.40000000001,-2.7806500000000005,-98.77500000000873,200108.02500000002,-100103.40000000001,-2.7806500000000005,-131.45064999999585,1044.2470244443975,-645.6060269444429
348,2025-05-22,2025-05-23,1,106.28,105.325,353.2,350.23,3.32523142653691,3.3161565421817665,3.317478842253551,349.27418780529456,1.0,1.0,1.0,350.23,-0.0027328293560798297,0.0,-0.0027328293560798297,False,True,False,1,1,948.0,938.0,948.0,10.0,-0.0,10.0,286.0,-283.0,-286.0,0.0,3.0,-3.0,-0.05,-0.015,-0.065,-0.9549999999999983,-0.009026313026532543,-895.7899999999984,-2.9699999999999704,-0.008444387213023825,840.5099999999916,-55.280000000006794,0.0,99690.64,99690.64,0.0,-99955.59999999999,0.0,-99955.59999999999,-2.7765444444444443,-264.95999999999185,199646.24,-99955.59999999999,-2.7765444444444443,-58.12154444445124,986.1254799999463,-703.7275713888941
349,2025-05-23,2025-05-27,4,105.325,108.435,350.23,360.71,3.326508968506478,3.317478842253551,3.3187817784109535,359.7308182597638,1.0,1.0,1.0,360.71,-0.0027182866888059757,0.0,-0.0027182866888059757,False,True,False,1,1,919.0,948.0,919.0,0.0,29.0,-29.0,277.0,-286.0,-277.0,9.0,-0.0,9.0,-0.145,-0.045,-0.19,3.1099999999999994,0.029100107255290008,2948.2799999999993,10.479999999999961,0.02948422987866495,-2997.279999999989,-48.99999999998954,0.0,99848.1,99848.1,0.0,-100165.78,0.0,-100165.78,-11.129531111111111,-317.679999999993,200013.88,-100165.78,-11.129531111111111,-60.31953111110065,925.8059488888456,-764.0471024999948
350,2025-05-27,2025-05-28,1,108.435,107.44,360.71,357.62,3.3285554728220403,3.3187817784109535,3.320267571844089,356.56991427247283,1.0,1.0,1.0,357.62,-0.002940636554077062,0.0,-0.002940636554077062,False,True,False,1,1,929.0,919.0,929.0,10.0,-0.0,10.0,280.0,-277.0,-280.0,0.0,3.0,-3.0,-0.05,-0.015,-0.065,-0.9950000000000045,-0.009218362905388026,-914.4050000000042,-3.089999999999975,-0.008603341248389202,855.929999999993,-58.475000000011164,0.0,99651.765,99651.765,0.0,-99916.67,0.0,-99916.67,-2.7754630555555555,-264.90499999999884,199568.435,-99916.67,-2.7754630555555555,-61.31546305556672,864.4904858332789,-825.3625655555616
351,2025-05-28,2025-05-29,1,107.44,107.485,357.62,357.76,3.3284644368981717,3.320267571844089,3.3216345227775093,356.87895995966187,1.0,1.0,1.0,357.76,-0.0024656939687572486,0.0,-0.0024656939687572486,False,True,False,1,1,930.0,929.0,930.0,1.0,-0.0,1.0,280.0,-280.0,-280.0,0.0,-0.0,0.0,-0.005,-0.0,-0.005,0.045000000000001705,0.00041875073311685657,41.805000000001584,0.13999999999998636,0.0003914003796227428,-39.19999999999618,2.605000000005404,0.0,99811.76,99811.76,0.0,-100133.6,0.0,-100133.6,-2.781488888888889,-321.84000000001106,199945.36,-100133.6,-2.781488888888889,-0.1814888888834849,864.3089969443954,-825.544054444445
352,2025-05-29,2025-05-30,1,107.485,106.9,357.76,355.84,3.3287184284377918,3.3216345227775093,3.322953227158814,355.08273048491577,1.0,1.0,1.0,355.84,-0.0021303856777121896,0.0,-0.0021303856777121896,True,True,False,1,0,933.0,930.0,0.0,0.0,930.0,-930.0,281.0,-280.0,0.0,280.0,-0.0,280.0,-4.65,-1.4000000000000001,-6.050000000000001,-0.5849999999999937,-0.005457484917099368,-544.0499999999942,-1.920000000000016,-0.0053811789045168186,537.6000000000045,-6.4499999999897,0.0,99961.05,99961.05,0.0,-100172.8,0.0,-100172.8,-2.782577777777778,-211.75,200133.85,-100172.8,-2.782577777777778,-15.282577777767479,849.0264191666279,-840.8266322222125
353,2025-05-30,2025-06-02,3,106.9,107.15,355.84,356.14,3.323751749883341,3.322953227158814,3.3238228381847295,356.05443829006697,1.0,1.0,1.0,356.14,-0.0002402762665490184,0.0,-0.0002402762665490184,False,False,True,0,0,934.0,0.0,0.0,0.0,-0.0,0.0,281.0,0.0,0.0,0.0,-0.0,0.0,-0.0,-0.0,0.0,0.25,0.0023359038885865193,0.0,0.30000000000001137,0.0008427203510054364,0.0,0.0,0.0,0.0,0.0,0.0,0.0,0.0,0.0,0.0,0.0,0.0,0.0,0.0,0.0,849.0264191666279,-840.8266322222125
354,2025-06-02,2025-06-03,1,107.15,107.72,356.14,358.16,3.3249164500557002,3.3238228381847295,3.3247367323418873,358.042196129259,1.0,1.0,1.0,358.16,-0.00032896819484791944,0.0,-0.00032896819484791944,False,False,True,0,0,927.0,0.0,0.0,0.0,-0.0,0.0,279.0,0.0,0.0,0.0,-0.0,0.0,-0.0,-0.0,0.0,0.5699999999999932,0.005305546023812088,0.0,2.0200000000000387,0.005655901959541865,0.0,0.0,0.0,0.0,0.0,0.0,0.0,0.0,0.0,0.0,0.0,0.0,0.0,0.0,0.0,849.0264191666279,-840.8266322222125
355,2025-06-03,2025-06-04,1,107.72,107.435,358.16,357.29,3.3256387583189837,3.3247367323418873,3.325683312120656,357.19309083915067,1.0,1.0,1.0,357.29,-0.0002712706925780756,0.0,-0.0002712706925780756,False,False,True,0,0,931.0,0.0,0.0,0.0,-0.0,0.0,280.0,0.0,0.0,0.0,-0.0,0.0,-0.0,-0.0,0.0,-0.2849999999999966,-0.0026492544137065336,-0.0,-0.8700000000000045,-0.0024320369804269586,-0.0,0.0,0.0,0.0,0.0,0.0,0.0,0.0,0.0,0.0,0.0,0.0,0.0,0.0,0.0,849.0264191666279,-840.8266322222125
356,2025-06-04,2025-06-05,1,107.435,104.725,357.29,348.99,3.332442110288852,3.325683312120656,3.326696898874739,348.2821848618357,1.0,1.0,1.0,348.99,-0.00203024126491426,0.0,-0.00203024126491426,False,True,False,0,1,954.0,0.0,954.0,954.0,-0.0,954.0,287.0,0.0,-287.0,0.0,287.0,-287.0,-4.7700000000000005,-1.435,-6.205,-2.710000000000008,-0.02554814669659307,-0.0,-8.300000000000011,-0.023504508455498483,-0.0,0.0,0.0,0.0,0.0,0.0,0.0,0.0,0.0,0.0,0.0,0.0,0.0,0.0,-6.205,842.8214191666278,-847.0316322222126
357,2025-06-05,2025-06-06,1,104.725,106.085,348.99,353.47,3.331950794174483,3.326696898874739,3.3271208881466086,352.9126405171267,1.0,1.0,1.0,353.47,-0.0015780670887696657,0.0,-0.0015780670887696657,False,True,False,1,1,941.0,954.0,941.0,0.0,13.0,-13.0,283.0,-287.0,-283.0,4.0,-0.0,4.0,-0.065,-0.02,-0.085,1.3599999999999994,0.012902792731981267,1297.4399999999994,4.480000000000018,0.01275534760913135,-1285.7600000000052,11.679999999994152,0.0,99907.65,99907.65,0.0,-100160.13,0.0,-100160.13,-2.7822258333333334,-252.48000000001048,200067.78,-100160.13,-2.7822258333333334,8.812774166660818,851.6341933332886,-838.2188580555518
358,2025-06-06,2025-06-09,3,106.085,106.935,353.47,356.81,3.3366998644036094,3.3271208881466086,3.327694333024316,355.7856721739576,1.0,1.0,1.0,356.81,-0.0028749221236167083,0.0,-0.0028749221236167083,False,True,False,1,1,932.0,941.0,932.0,0.0,9.0,-9.0,280.0,-283.0,-280.0,3.0,-0.0,3.0,-0.045,-0.015,-0.06,0.8500000000000085,0.007980513672621788,799.850000000008,3.339999999999975,0.00940481111302131,-945.219999999993,-145.369999999985,0.0,99825.985,99825.985,0.0,-100032.01000000001,0.0,-100032.01000000001,-8.336000833333335,-206.02500000000873,199857.995,-100032.01000000001,-8.336000833333335,-153.76600083331834,697.8681924999703,-991.9848588888701
359,2025-06-09,2025-06-10,1,106.935,108.215,356.81,360.91,3.335119900198679,3.327694333024316,3.327655015754869,360.10644224822636,1.0,1.0,1.0,360.91,-0.0022289591121064534,0.0,-0.0022289591121064534,False,True,False,1,1,922.0,932.0,922.0,0.0,10.0,-10.0,277.0,-280.0,-277.0,3.0,-0.0,3.0,-0.05,-0.015,-0.065,1.2800000000000011,0.011898815728791085,1192.960000000001,4.100000000000023,0.01142519255244345,-1148.0000000000064,44.95999999999458,0.0,99663.42,99663.42,0.0,-99906.8,0.0,-99906.8,-2.775188888888889,-243.38000000000466,199570.22,-99906.8,-2.775188888888889,42.11981111110569,739.988003611076,-949.8650477777644
360,2025-06-10,2025-06-11,1,108.215,107.36,360.91,357.98,3.334388971684054,3.327655015754869,3.3278471510726275,357.25704249144275,1.0,1.0,1.0,357.98,-0.002021589240555987,0.0,-0.002021589240555987,False,True,False,1,1,928.0,922.0,928.0,6.0,-0.0,6.0,279.0,-277.0,-279.0,0.0,2.0,-2.0,-0.03,-0.01,-0.04,-0.855000000000004,-0.00793231574312106,-788.3100000000037,-2.930000000000007,-0.00815150085302694,811.610000000002,23.29999999999825,0.0,99774.23,99774.23,0.0,-99972.07,0.0,-99972.07,-2.7770019444444447,-197.84000000001106,199746.3,-99972.07,-2.7770019444444447,20.482998055553807,760.4710016666298,-929.3820497222106
361,2025-06-11,2025-06-12,1,107.36,106.855,357.98,356.11,3.332647045061064,3.3278471510726275,3.3279208063657997,355.5971073278656,1.0,1.0,1.0,356.11,-0.0014413029057651836,0.0,-0.0014413029057651836,False,True,False,1,1,935.0,928.0,935.0,7.0,-0.0,7.0,281.0,-279.0,-281.0,0.0,2.0,-2.0,-0.035,-0.01,-0.045000000000000005,-0.5049999999999955,-0.0047148979812170954,-468.6399999999958,-1.8700000000000045,-0.005237447029475429,521.7300000000013,53.09000000000549,0.0,99630.08,99630.08,0.0,-99876.42,0.0,-99876.42,-2.774345,-246.3399999999965,199506.5,-99876.42,-2.774345,50.27065500000549,810.7416566666353,-879.1113947222051
362,2025-06-12,2025-06-13,1,106.855,105.87,356.11,352.19,3.326626995371682,3.3279208063657997,3.3279023903318516,352.32697576994724,1.0,1.0,1.0,352.19,0.00038885016652294164,0.0,0.00038885016652294164,False,False,True,1,0,945.0,935.0,0.0,0.0,935.0,-935.0,284.0,-281.0,0.0,281.0,-0.0,281.0,-4.675,-1.405,-6.08,-0.9849999999999994,-0.00926084888686603,-920.9749999999995,-3.920000000000016,-0.011068869188406695,1101.5200000000045,180.54500000000507,0.0,99909.425,99909.425,0.0,-100066.91,0.0,-100066.91,-2.779636388888889,-157.48500000000058,199976.33500000002,-100066.91,-2.779636388888889,171.68536361111617,982.4270202777515,-707.426031111089
363,2025-06-13,2025-06-16,3,105.87,107.01,352.19,356.84,3.3346416222782915,3.3279023903318516,3.328267953322001,356.11883478941144,1.0,1.0,1.0,356.84,-0.002023021306008048,0.0,-0.002023021306008048,False,True,False,0,1,932.0,0.0,932.0,932.0,-0.0,932.0,280.0,0.0,-280.0,0.0,280.0,-280.0,-4.66,-1.4000000000000001,-6.0600000000000005,1.1400000000000006,0.010710361683621427,0.0,4.649999999999977,0.013116699345110925,0.0,0.0,0.0,0.0,0.0,0.0,0.0,0.0,0.0,0.0,0.0,0.0,0.0,0.0,-6.0600000000000005,976.3670202777515,-713.4860311110889
364,2025-06-16,2025-06-17,1,107.01,105.165,356.84,351.07,3.33827794418295,3.328267953322001,3.329050887186149,350.0172993111083,1.0,1.0,1.0,351.07,-0.003003053916565798,0.0,-0.003003053916565798,False,True,False,1,1,949.0,932.0,949.0,17.0,-0.0,17.0,285.0,-280.0,-285.0,0.0,5.0,-5.0,-0.085,-0.025,-0.11000000000000001,-1.8449999999999989,-0.01739174271186922,-1719.539999999999,-5.769999999999982,-0.016301868263845356,1615.599999999995,-103.94000000000415,0.0,99733.32,99733.32,0.0,-99915.2,0.0,-99915.2,-2.7754222222222222,-181.8799999999901,199648.52000000002,-99915.2,-2.7754222222222222,-106.82542222222636,869.5415980555251,-820.3114533333153
365,2025-06-17,2025-06-18,1,105.165,105.215,351.07,351.28,3.3386874495081496,3.329050887186149,3.3297814916663713,350.2660890952907,1.0,1.0,1.0,351.28,-0.0028905060591366974,0.0,-0.0028905060591366974,False,True,False,1,1,949.0,949.0,949.0,0.0,-0.0,0.0,285.0,-285.0,-285.0,0.0,-0.0,0.0,-0.0,-0.0,0.0,0.04999999999999716,0.0004753303635459867,47.4499999999973,0.20999999999997954,0.0005979924717246439,-59.84999999999417,-12.399999999996865,0.0,99801.585,99801.585,0.0,-100054.95,0.0,-100054.95,-2.7793041666666665,-253.3649999999907,199856.535,-100054.95,-2.7793041666666665,-15.179304166663531,854.3622938888616,-835.4907574999788
366,2025-06-18,2025-06-20,2,105.215,105.34,351.28,351.52,3.3370039870894246,3.3297814916663713,3.330678466357483,350.75918233213554,1.0,1.0,1.0,351.52,-0.0021667108598740982,0.0,-0.0021667108598740982,False,True,False,1,1,946.0,949.0,946.0,0.0,3.0,-3.0,284.0,-285.0,-284.0,1.0,-0.0,1.0,-0.015,-0.005,-0.02,0.125,0.0011873383646565751,118.625,0.2400000000000091,0.0006829823828380834,-68.40000000000259,50.22499999999741,0.0,99849.035,99849.035,0.0,-100114.79999999999,0.0,-100114.79999999999,-5.561933333333333,-265.76499999998487,199963.835,-100114.79999999999,-5.561933333333333,44.64306666666407,899.0053605555256,-790.8476908333148
367,2025-06-20,2025-06-23,3,105.34,107.2,351.52,357.87,3.3383395522388057,3.330678466357483,3.331430596396973,357.0487315935222,1.0,1.0,1.0,357.87,-0.0022975164349331553,0.0,-0.0022975164349331553,False,True,False,1,1,929.0,946.0,929.0,0.0,17.0,-17.0,279.0,-284.0,-279.0,5.0,-0.0,5.0,-0.085,-0.025,-0.11000000000000001,1.8599999999999994,0.01750303458145828,1759.5599999999995,6.350000000000023,0.01790318332566422,-1803.4000000000065,-43.84000000000697,0.0,99651.64,99651.64,0.0,-99831.68,0.0,-99831.68,-8.319306666666666,-180.0399999999936,199483.32,-99831.68,-8.319306666666666,-52.26930666667363,846.736053888852,-843.1169974999884
368,2025-06-23,2025-06-24,1,107.2,107.795,357.87,359.99,3.339579757873742,3.331430596396973,3.3321480129638146,359.1115611386117,1.0,1.0,1.0,359.99,-0.0024431578119478575,0.0,-0.0024431578119478575,False,True,False,1,1,926.0,929.0,926.0,0.0,3.0,-3.0,278.0,-279.0,-278.0,1.0,-0.0,1.0,-0.015,-0.005,-0.02,0.5949999999999989,0.005535026573268743,552.754999999999,2.1200000000000045,0.005906461324604234,-591.4800000000013,-38.7250000000023,0.0,99588.8,99588.8,0.0,-99845.73,0.0,-99845.73,-2.7734925,-256.929999999993,199434.53,-99845.73,-2.7734925,-41.5184925000023,805.2175613888497,-884.6354899999907
369,2025-06-24,2025-06-25,1,107.795,106.525,359.99,355.83,3.340342642572166,3.3321480129638146,3.3328396966670994,354.9570670809704,1.0,1.0,1.0,355.83,-0.0024562443475270607,0.0,-0.0024562443475270607,False,True,False,1,1,936.0,926.0,936.0,10.0,-0.0,10.0,281.0,-278.0,-281.0,0.0,3.0,-3.0,-0.05,-0.015,-0.065,-1.269999999999996,-0.011851575823994655,-1176.0199999999963,-4.160000000000025,-0.011623164577274282,1156.4800000000068,-19.539999999989504,0.0,99818.17,99818.17,0.0,-100077.22,0.0,-100077.22,-2.7799227777777777,-259.0500000000029,199895.39,-100077.22,-2.7799227777777777,-22.384922777767283,782.8326386110824,-907.020412777758
370,2025-06-25,2025-06-26,1,106.525,107.505,355.83,359.0,3.3393795637412214,3.3328396966670994,3.333380901213058,358.2969315901965,1.0,1.0,1.0,359.0,-0.0019603280147757357,0.0,-0.0019603280147757357,False,True,False,1,1,930.0,936.0,930.0,0.0,6.0,-6.0,279.0,-281.0,-279.0,2.0,-0.0,2.0,-0.03,-0.01,-0.04,0.9799999999999898,0.00915765872801643,917.2799999999904,3.170000000000016,0.00886929977898477,-890.7700000000045,26.509999999985894,0.0,99707.40000000001,99707.40000000001,0.0,-99988.23,0.0,-99988.23,-2.7774508333333334,-280.8299999999872,199695.63,-99988.23,-2.7774508333333334,23.69254916665256,806.525187777735,-883.3278636111054
371,2025-06-26,2025-06-27,1,107.505,109.295,359.0,364.35,3.3336383183128233,3.333380901213058,3.3336395952837905,364.32186559808116,1.0,1.0,1.0,364.35,-7.722104629288642e-05,0.0,-7.722104629288642e-05,False,False,True,1,0,913.0,930.0,0.0,0.0,930.0,-930.0,274.0,-279.0,0.0,279.0,-0.0,279.0,-4.65,-1.395,-6.045,1.7900000000000063,0.01651329036797349,1664.7000000000057,5.350000000000023,0.014792555628012276,-1492.6500000000065,172.04999999999927,0.0,99979.65,99979.65,0.0,-100161.0,0.0,-100161.0,-2.78225,-181.35000000000582,200140.65,-100161.0,-2.78225,163.22274999999928,969.7479377777343,-720.1051136111062
372,2025-06-27,2025-06-30,3,109.295,108.665,364.35,362.32,3.334284268163622,3.3336395952837905,3.333917887270082,362.2499466215131,1.0,1.0,1.0,362.32,-0.00019336539979829351,0.0,-0.00019336539979829351,True,False,True,0,0,920.0,0.0,0.0,0.0,-0.0,0.0,276.0,0.0,0.0,0.0,-0.0,0.0,-0.0,-0.0,0.0,-0.6299999999999955,-0.005780893324300064,-0.0,-2.0300000000000296,-0.005587144868332901,-0.0,0.0,0.0,0.0,0.0,0.0,0.0,0.0,0.0,0.0,0.0,0.0,0.0,0.0,0.0,969.7479377777343,-720.1051136111062
373,2025-06-30,2025-07-01,1,108.665,109.13,362.32,364.06,3.336021259048841,3.333917887270082,3.3345313627283573,363.830459037784,1.0,1.0,1.0,364.06,-0.0006307019606450283,0.0,-0.0006307019606450283,False,False,True,0,0,917.0,0.0,0.0,0.0,-0.0,0.0,275.0,0.0,0.0,0.0,-0.0,0.0,-0.0,-0.0,0.0,0.4649999999999892,0.004270076967332788,0.0,1.740000000000009,0.004790889969794403,0.0,0.0,0.0,0.0,0.0,0.0,0.0,0.0,0.0,0.0,0.0,0.0,0.0,0.0,0.0,969.7479377777343,-720.1051136111062
374,2025-07-01,2025-07-02,1,109.13,110.005,364.06,367.18,3.3378482796236537,3.3345313627283573,3.335177954206755,366.8151225569329,1.0,1.0,1.0,367.18,-0.000994223154650304,0.0,-0.000994223154650304,False,False,True,0,0,907.0,0.0,0.0,0.0,-0.0,0.0,272.0,0.0,0.0,0.0,-0.0,0.0,-0.0,-0.0,0.0,0.875,0.00798598717984568,0.0,3.1200000000000045,0.008533501814306852,0.0,0.0,0.0,0.0,0.0,0.0,0.0,0.0,0.0,0.0,0.0,0.0,0.0,0.0,0.0,969.7479377777343,-720.1051136111062
375,2025-07-02,2025-07-03,1,110.005,110.605,367.18,369.49,3.340626553953257,3.335177954206755,3.3359273439884687,368.88735762503813,1.0,1.0,1.0,369.49,-0.0016323428733354692,0.0,-0.0016323428733354692,False,True,False,0,1,904.0,0.0,904.0,904.0,-0.0,904.0,271.0,0.0,-271.0,0.0,271.0,-271.0,-4.5200000000000005,-1.355,-5.875,0.6000000000000085,0.005439476718141816,0.0,2.3100000000000023,0.00627148539051233,0.0,0.0,0.0,0.0,0.0,0.0,0.0,0.0,0.0,0.0,0.0,0.0,0.0,0.0,-5.875,963.8729377777343,-725.9801136111062
376,2025-07-03,2025-07-07,4,110.605,109.2,369.49,364.56,3.3384615384615386,3.3359273439884687,3.336228315397103,364.28326596354077,1.0,1.0,1.0,364.56,-0.0007593787654517623,0.0,-0.0007593787654517623,False,False,True,1,0,914.0,904.0,0.0,0.0,904.0,-904.0,274.0,-271.0,0.0,271.0,-0.0,271.0,-4.5200000000000005,-1.355,-5.875,-1.4050000000000011,-0.012784232712181239,-1270.120000000001,-4.930000000000007,-0.013432529466944882,1336.0300000000018,65.91000000000076,0.0,99986.92,99986.92,0.0,-100131.79000000001,0.0,-100131.79000000001,-11.125754444444446,-144.8700000000099,200118.71000000002,-100131.79000000001,-11.125754444444446,48.90924555555632,1012.7821833332906,-677.0708680555498
377,2025-07-07,2025-07-08,1,109.2,108.83,364.56,363.52,3.340255444270881,3.336228315397103,3.336643547901923,363.0817275646667,1.0,1.0,1.0,363.52,-0.0012063623629249684,0.0,-0.0012063623629249684,False,False,False,0,0,917.0,0.0,0.0,0.0,-0.0,0.0,275.0,0.0,0.0,0.0,-0.0,0.0,-0.0,-0.0,0.0,-0.37000000000000455,-0.0033940316028343645,-0.0,-1.0400000000000205,-0.0028568308628952946,-0.0,0.0,0.0,0.0,0.0,0.0,0.0,0.0,0.0,0.0,0.0,0.0,0.0,0.0,0.0,1012.7821833332906,-677.0708680555498
378,2025-07-08,2025-07-09,1,108.83,109.475,363.52,365.94,3.342680977392099,3.336643547901923,3.336942603551347,365.279052406563,1.0,1.0,1.0,365.94,-0.0018077969146643657,0.0,-0.0018077969146643657,False,True,False,0,1,911.0,0.0,911.0,911.0,-0.0,911.0,273.0,0.0,-273.0,0.0,273.0,-273.0,-4.555,-1.365,-5.92,0.644999999999996,0.005909180979491805,0.0,2.420000000000016,0.006635069443688216,0.0,0.0,0.0,0.0,0.0,0.0,0.0,0.0,0.0,0.0,0.0,0.0,0.0,0.0,-5.92,1006.8621833332907,-682.9908680555498
379,2025-07-09,2025-07-10,1,109.475,110.685,365.94,369.66,3.3397479333242988,3.336942603551347,3.337174005207628,369.3494920740809,1.0,1.0,1.0,369.66,-0.0008403354693594055,0.0,-0.0008403354693594055,False,False,True,1,0,904.0,911.0,0.0,0.0,911.0,-911.0,271.0,-273.0,0.0,273.0,-0.0,273.0,-4.555,-1.365,-5.92,1.210000000000008,0.01099211649097761,1102.3100000000072,3.7200000000000273,0.01011427871811448,-1015.5600000000074,86.74999999999977,0.0,99731.72499999999,99731.72499999999,0.0,-99901.62,0.0,-99901.62,-2.775045,-169.89500000000407,199633.34499999997,-99901.62,-2.775045,78.05495499999977,1084.9171383332905,-604.9359130555499
380,2025-07-10,2025-07-11,1,110.685,110.715,369.66,369.27,3.33532041728763,3.337174005207628,3.3372205774878068,369.4752199865626,1.0,1.0,1.0,369.27,0.0005555907132511002,0.0,0.0005555907132511002,False,False,True,0,0,904.0,0.0,0.0,0.0,-0.0,0.0,271.0,0.0,0.0,0.0,-0.0,0.0,-0.0,-0.0,0.0,0.030000000000001137,0.0002710027116856831,0.0,-0.3900000000000432,-0.0010555804642203644,-0.0,0.0,0.0,0.0,0.0,0.0,0.0,0.0,0.0,0.0,0.0,0.0,0.0,0.0,0.0,1084.9171383332905,-604.9359130555499
381,2025-07-11,2025-07-14,3,110.715,111.125,369.27,370.69,3.335793025871766,3.3372205774878068,3.3373778765283424,370.8486366733325,1.0,1.0,1.0,370.69,0.0004278581530537901,0.0,0.0004278581530537901,False,False,True,0,0,901.0,0.0,0.0,0.0,-0.0,0.0,270.0,0.0,0.0,0.0,-0.0,0.0,-0.0,-0.0,0.0,0.4099999999999966,0.003696361943943369,0.0,1.420000000000016,0.0038380500111463373,0.0,0.0,0.0,0.0,0.0,0.0,0.0,0.0,0.0,0.0,0.0,0.0,0.0,0.0,0.0,1084.9171383332905,-604.9359130555499
382,2025-07-14,2025-07-15,1,111.125,109.535,370.69,365.18,3.333911535125759,3.3373778765283424,3.337742103516046,365.559685705532,1.0,1.0,1.0,365.18,0.0010391819333965629,0.0,0.0010391819333965629,False,False,True,0,0,914.0,0.0,0.0,0.0,-0.0,0.0,274.0,0.0,0.0,0.0,-0.0,0.0,-0.0,-0.0,0.0,-1.5900000000000034,-0.014411560946605907,-0.0,-5.509999999999991,-0.014975751092873368,-0.0,0.0,0.0,0.0,0.0,0.0,0.0,0.0,0.0,0.0,0.0,0.0,0.0,0.0,0.0,1084.9171383332905,-604.9359130555499
383,2025-07-15,2025-07-16,1,109.535,109.735,365.18,365.87,3.334123114776507,3.337742103516046,3.337716178140957,366.2671297293333,1.0,1.0,1.0,365.87,0.001084850780423301,0.0,0.001084850780423301,False,False,True,0,0,911.0,0.0,0.0,0.0,-0.0,0.0,273.0,0.0,0.0,0.0,-0.0,0.0,-0.0,-0.0,0.0,0.20000000000000284,0.0018242354673590198,0.0,0.6899999999999977,0.0018876963405931233,0.0,0.0,0.0,0.0,0.0,0.0,0.0,0.0,0.0,0.0,0.0,0.0,0.0,0.0,0.0,1084.9171383332905,-604.9359130555499
384,2025-07-16,2025-07-17,1,109.735,110.11,365.87,367.68,3.3392062482971574,3.337716178140957,3.3377625933466666,367.51592837510077,1.0,1.0,1.0,367.68,-0.0004463344294782489,0.0,-0.0004463344294782489,False,False,True,0,0,908.0,0.0,0.0,0.0,-0.0,0.0,272.0,0.0,0.0,0.0,-0.0,0.0,-0.0,-0.0,0.0,0.375,0.0034114977706778665,0.0,1.8100000000000023,0.004934915611210846,0.0,0.0,0.0,0.0,0.0,0.0,0.0,0.0,0.0,0.0,0.0,0.0,0.0,0.0,0.0,1084.9171383332905,-604.9359130555499
385,2025-07-17,2025-07-18,1,110.11,111.085,367.68,370.29,3.333393347436648,3.3377625933466666,3.3374978882430915,370.77535768191444,1.0,1.0,1.0,370.29,0.0013098918908620032,0.0,0.0013098918908620032,False,False,True,0,0,901.0,0.0,0.0,0.0,-0.0,0.0,270.0,0.0,0.0,0.0,-0.0,0.0,-0.0,-0.0,0.0,0.9749999999999943,0.008815807903591205,0.0,2.6100000000000136,0.0070734877635562155,0.0,0.0,0.0,0.0,0.0,0.0,0.0,0.0,0.0,0.0,0.0,0.0,0.0,0.0,0.0,1084.9171383332905,-604.9359130555499
386,2025-07-18,2025-07-21,3,111.085,111.61,370.29,371.79,3.331153122480065,3.3374978882430915,3.337205345012624,372.4981393068114,1.0,1.0,1.0,371.79,0.0019028639127463478,0.0,0.0019028639127463478,False,False,True,0,0,898.0,0.0,0.0,0.0,-0.0,0.0,269.0,0.0,0.0,0.0,-0.0,0.0,-0.0,-0.0,0.0,0.5250000000000057,0.004714977638532614,0.0,1.5,0.004042696320945559,0.0,0.0,0.0,0.0,0.0,0.0,0.0,0.0,0.0,0.0,0.0,0.0,0.0,0.0,0.0,1084.9171383332905,-604.9359130555499
387,2025-07-21,2025-07-22,1,111.61,112.74,371.79,376.22,3.3370587191768677,3.337205345012624,3.3371413033595276,376.2365305967232,1.0,1.0,1.0,376.22,4.393767893197975e-05,0.0,4.393767893197975e-05,False,False,True,0,0,888.0,0.0,0.0,0.0,-0.0,0.0,266.0,0.0,0.0,0.0,-0.0,0.0,-0.0,-0.0,0.0,1.1299999999999955,0.010073630985805366,0.0,4.430000000000007,0.01184489991998193,0.0,0.0,0.0,0.0,0.0,0.0,0.0,0.0,0.0,0.0,0.0,0.0,0.0,0.0,0.0,1084.9171383332905,-604.9359130555499
388,2025-07-22,2025-07-23,1,112.74,113.275,376.22,378.56,3.341955418229971,3.3371413033595276,3.3372600863773387,378.0146811380505,1.0,1.0,1.0,378.56,-0.001441546935096776,0.0,-0.001441546935096776,False,True,False,0,1,881.0,0.0,881.0,881.0,-0.0,881.0,264.0,0.0,-264.0,0.0,264.0,-264.0,-4.405,-1.32,-5.7250000000000005,0.5350000000000108,0.004734207899772971,0.0,2.339999999999975,0.006200502125147261,0.0,0.0,0.0,0.0,0.0,0.0,0.0,0.0,0.0,0.0,0.0,0.0,0.0,0.0,-5.7250000000000005,1079.1921383332906,-610.6609130555498
389,2025-07-23,2025-07-24,1,113.275,111.4,378.56,371.96,3.3389587073608613,3.3372600863773387,3.3371908896167732,371.77077362243557,1.0,1.0,1.0,371.96,-0.000508857205749038,0.0,-0.000508857205749038,False,False,True,1,0,898.0,881.0,0.0,0.0,881.0,-881.0,269.0,-264.0,0.0,264.0,-0.0,264.0,-4.405,-1.32,-5.7250000000000005,-1.875,-0.016691163060018215,-1651.875,-6.600000000000023,-0.01758825918002553,1742.400000000006,90.525000000006,0.0,99795.27500000001,99795.27500000001,0.0,-99939.84,0.0,-99939.84,-2.7761066666666667,-144.56499999998778,199735.115,-99939.84,-2.7761066666666667,82.02389333333934,1161.21603166663,-528.6370197222104
390,2025-07-24,2025-07-25,1,111.4,112.435,371.96,375.01,3.335349312936363,3.3371908896167732,3.336989377076531,375.2170576740619,1.0,1.0,1.0,375.01,0.0005519867010959997,0.0,0.0005519867010959997,False,False,True,0,0,891.0,0.0,0.0,0.0,-0.0,0.0,267.0,0.0,0.0,0.0,-0.0,0.0,-0.0,-0.0,0.0,1.0349999999999966,0.009247949395612631,0.0,3.0500000000000114,0.008166370671531795,0.0,0.0,0.0,0.0,0.0,0.0,0.0,0.0,0.0,0.0,0.0,0.0,0.0,0.0,0.0,1161.21603166663,-528.6370197222104
391,2025-07-25,2025-07-28,3,112.435,113.09,375.01,377.03,3.3338933592713764,3.336989377076531,3.337002129124458,377.3801286535849,1.0,1.0,1.0,377.03,0.0009282183932199425,0.0,0.0009282183932199425,False,False,True,0,0,884.0,0.0,0.0,0.0,-0.0,0.0,265.0,0.0,0.0,0.0,-0.0,0.0,-0.0,-0.0,0.0,0.6550000000000011,0.005808684994439325,0.0,2.019999999999982,0.0053720675973295854,0.0,0.0,0.0,0.0,0.0,0.0,0.0,0.0,0.0,0.0,0.0,0.0,0.0,0.0,0.0,1161.21603166663,-528.6370197222104
392,2025-07-28,2025-07-29,1,113.09,112.31,377.03,373.93,3.3294452853708485,3.337002129124458,3.3367601799848194,374.7787091219679,1.0,1.0,1.0,373.93,0.002267128658045261,0.0,0.002267128658045261,False,False,True,0,0,891.0,0.0,0.0,0.0,-0.0,0.0,267.0,0.0,0.0,0.0,-0.0,0.0,-0.0,-0.0,0.0,-0.7800000000000011,-0.00692105690829083,-0.0,-3.099999999999966,-0.008256145757426484,-0.0,0.0,0.0,0.0,0.0,0.0,0.0,0.0,0.0,0.0,0.0,0.0,0.0,0.0,0.0,1161.21603166663,-528.6370197222104
393,2025-07-29,2025-07-30,1,112.31,111.6,373.93,371.66,3.330286738351255,3.3367601799848194,3.33647345394994,372.38243608630586,1.0,1.0,1.0,371.66,0.0019419223374816587,0.0,0.0019419223374816587,False,False,True,0,0,898.0,0.0,0.0,0.0,-0.0,0.0,269.0,0.0,0.0,0.0,-0.0,0.0,-0.0,-0.0,0.0,-0.710000000000008,-0.006341855027734248,-0.0,-2.269999999999982,-0.006089156275926608,-0.0,0.0,0.0,0.0,0.0,0.0,0.0,0.0,0.0,0.0,0.0,0.0,0.0,0.0,0.0,1161.21603166663,-528.6370197222104
394,2025-07-30,2025-07-31,1,111.6,110.715,371.66,369.56,3.3379397552273855,3.33647345394994,3.3364780277301263,369.39765845406765,1.0,1.0,1.0,369.56,-0.0004393798391201377,0.0,-0.0004393798391201377,True,False,True,0,0,904.0,0.0,0.0,0.0,-0.0,0.0,271.0,0.0,0.0,0.0,-0.0,0.0,-0.0,-0.0,0.0,-0.8849999999999909,-0.007961718057085105,-0.0,-2.1000000000000227,-0.0056663490429602874,-0.0,0.0,0.0,0.0,0.0,0.0,0.0,0.0,0.0,0.0,0.0,0.0,0.0,0.0,0.0,1161.21603166663,-528.6370197222104
395,2025-07-31,2025-08-01,1,110.715,108.045,369.56,359.61,3.3283354157989726,3.3364780277301263,3.3358634708224124,360.4897685061015,1.0,1.0,1.0,359.61,0.0024434640373494185,0.0,0.0024434640373494185,False,False,True,0,0,928.0,0.0,0.0,0.0,-0.0,0.0,278.0,0.0,0.0,0.0,-0.0,0.0,-0.0,-0.0,0.0,-2.6700000000000017,-0.024411524880689487,-0.0,-9.949999999999989,-0.027292997915426265,-0.0,0.0,0.0,0.0,0.0,0.0,0.0,0.0,0.0,0.0,0.0,0.0,0.0,0.0,0.0,1161.21603166663,-528.6370197222104
396,2025-08-01,2025-08-04,3,108.045,109.315,359.61,363.63,3.3264419338608606,3.3358634708224124,3.335262490592379,364.659915312952,1.0,1.0,1.0,363.63,0.0028283132248626097,0.0,0.0028283132248626097,False,False,True,0,0,917.0,0.0,0.0,0.0,-0.0,0.0,275.0,0.0,0.0,0.0,-0.0,0.0,-0.0,-0.0,0.0,1.269999999999996,0.011685815719414943,0.0,4.019999999999982,0.011116756263412134,0.0,0.0,0.0,0.0,0.0,0.0,0.0,0.0,0.0,0.0,0.0,0.0,0.0,0.0,0.0,1161.21603166663,-528.6370197222104
397,2025-08-04,2025-08-05,1,109.315,109.455,363.63,364.24,3.327760266776301,3.335262490592379,3.33463773171765,365.0611559077888,1.0,1.0,1.0,364.24,0.002251898953257073,0.0,0.002251898953257073,False,False,True,0,0,917.0,0.0,0.0,0.0,-0.0,0.0,275.0,0.0,0.0,0.0,-0.0,0.0,-0.0,-0.0,0.0,0.14000000000000057,0.0012798831568420596,0.0,0.6100000000000136,0.0016761238759962463,0.0,0.0,0.0,0.0,0.0,0.0,0.0,0.0,0.0,0.0,0.0,0.0,0.0,0.0,0.0,1161.21603166663,-528.6370197222104
398,2025-08-05,2025-08-06,1,109.455,111.73,364.24,371.09,3.3213103016199765,3.33463773171765,3.3335691979290436,372.579073764813,1.0,1.0,1.0,371.09,0.004004673066065486,0.0,0.004004673066065486,False,False,True,0,0,897.0,0.0,0.0,0.0,-0.0,0.0,269.0,0.0,0.0,0.0,-0.0,0.0,-0.0,-0.0,0.0,2.2750000000000057,0.02057174067355339,0.0,6.849999999999966,0.018631629762372204,0.0,0.0,0.0,0.0,0.0,0.0,0.0,0.0,0.0,0.0,0.0,0.0,0.0,0.0,0.0,1161.21603166663,-528.6370197222104
399,2025-08-06,2025-08-07,1,111.73,111.695,371.09,371.51,3.3261112851962937,3.3335691979290436,3.332887365522643,372.3430115626845,1.0,1.0,1.0,371.51,0.002239721821271916,0.0,0.002239721821271916,False,False,True,0,0,897.0,0.0,0.0,0.0,-0.0,0.0,269.0,0.0,0.0,0.0,-0.0,0.0,-0.0,-0.0,0.0,-0.0350000000000108,-0.00031330424335961244,-0.0,0.4200000000000159,0.0011311609070385024,0.0,0.0,0.0,0.0,0.0,0.0,0.0,0.0,0.0,0.0,0.0,0.0,0.0,0.0,0.0,1161.21603166663,-528.6370197222104
400,2025-08-07,2025-08-08,1,111.695,111.89,371.51,371.15,3.3170971489856105,3.332887365522643,3.3319762021075428,372.91676732832855,1.0,1.0,1.0,371.15,0.004748957288076582,0.0,0.004748957288076582,False,False,True,0,0,897.0,0.0,0.0,0.0,-0.0,0.0,269.0,0.0,0.0,0.0,-0.0,0.0,-0.0,-0.0,0.0,0.1950000000000074,0.0017443035037428946,0.0,-0.36000000000001364,-0.0009694881323815468,-0.0,0.0,0.0,0.0,0.0,0.0,0.0,0.0,0.0,0.0,0.0,0.0,0.0,0.0,0.0,1161.21603166663,-528.6370197222104
401,2025-08-08,2025-08-11,3,111.89,112.18,371.15,371.78,3.314137992512034,3.3319762021075428,3.330893450439556,373.78109035242414,1.0,1.0,1.0,371.78,0.0053680246556562896,0.0,0.0053680246556562896,False,False,True,0,0,896.0,0.0,0.0,0.0,-0.0,0.0,269.0,0.0,0.0,0.0,-0.0,0.0,-0.0,-0.0,0.0,0.29000000000000625,0.0025884782605610735,0.0,0.6299999999999955,0.0016959879154419522,0.0,0.0,0.0,0.0,0.0,0.0,0.0,0.0,0.0,0.0,0.0,0.0,0.0,0.0,0.0,1161.21603166663,-528.6370197222104
402,2025-08-11,2025-08-12,1,112.18,113.37,371.78,376.91,3.3246008644262153,3.330893450439556,3.3304279169045783,377.6233904763325,1.0,1.0,1.0,376.91,0.001890945312448249,0.0,0.001890945312448249,False,False,True,0,0,883.0,0.0,0.0,0.0,-0.0,0.0,265.0,0.0,0.0,0.0,-0.0,0.0,-0.0,-0.0,0.0,1.1899999999999977,0.01055208194931643,0.0,5.130000000000052,0.01370415067878583,0.0,0.0,0.0,0.0,0.0,0.0,0.0,0.0,0.0,0.0,0.0,0.0,0.0,0.0,0.0,1161.21603166663,-528.6370197222104
403,2025-08-12,2025-08-13,1,113.37,114.925,376.91,382.67,3.3297367848596915,3.3304279169045783,3.3302086004087377,382.74942835025865,1.0,1.0,1.0,382.67,0.00020754202885854117,0.0,0.00020754202885854117,False,False,True,0,0,869.0,0.0,0.0,0.0,-0.0,0.0,261.0,0.0,0.0,0.0,-0.0,0.0,-0.0,-0.0,0.0,1.5549999999999926,0.013622935662784441,0.0,5.759999999999991,0.015166566817073299,0.0,0.0,0.0,0.0,0.0,0.0,0.0,0.0,0.0,0.0,0.0,0.0,0.0,0.0,0.0,1161.21603166663,-528.6370197222104
404,2025-08-13,2025-08-14,1,114.925,114.795,382.67,382.0,3.327671065812971,3.3302086004087377,3.3296318412845283,382.29129628392104,1.0,1.0,1.0,382.0,0.0007622651191819193,0.0,0.0007622651191819193,False,False,True,0,0,873.0,0.0,0.0,0.0,-0.0,0.0,262.0,0.0,0.0,0.0,-0.0,0.0,-0.0,-0.0,0.0,-0.12999999999999545,-0.0011318127622975463,-0.0,-0.6700000000000159,-0.001752390368281776,-0.0,0.0,0.0,0.0,0.0,0.0,0.0,0.0,0.0,0.0,0.0,0.0,0.0,0.0,0.0,1161.21603166663,-528.6370197222104
405,2025-08-14,2025-08-15,1,114.795,114.52,382.0,381.29,3.329462102689487,3.3296318412845283,3.3294352790471704,381.30943846390414,1.0,1.0,1.0,381.29,5.0979486550615364e-05,0.0,5.0979486550615364e-05,False,False,True,0,0,872.0,0.0,0.0,0.0,-0.0,0.0,262.0,0.0,0.0,0.0,-0.0,0.0,-0.0,-0.0,0.0,-0.2750000000000057,-0.002398448700079875,-0.0,-0.7099999999999795,-0.001860368155678768,-0.0,0.0,0.0,0.0,0.0,0.0,0.0,0.0,0.0,0.0,0.0,0.0,0.0,0.0,0.0,1161.21603166663,-528.6370197222104
406,2025-08-15,2025-08-18,3,114.52,114.98,381.29,382.66,3.3280570534005913,3.3294352790471704,3.3292804755931966,382.81846838484364,1.0,1.0,1.0,382.66,0.0004140374776101126,0.0,0.0004140374776101126,False,False,True,0,0,869.0,0.0,0.0,0.0,-0.0,0.0,261.0,0.0,0.0,0.0,-0.0,0.0,-0.0,-0.0,0.0,0.46000000000000796,0.004008719965230708,0.0,1.3700000000000045,0.0035866260059602816,0.0,0.0,0.0,0.0,0.0,0.0,0.0,0.0,0.0,0.0,0.0,0.0,0.0,0.0,0.0,1161.21603166663,-528.6370197222104
407,2025-08-18,2025-08-19,1,114.98,114.925,382.66,381.87,3.322775723297803,3.3292804755931966,3.328566325799244,382.6175586575481,1.0,1.0,1.0,381.87,0.0019557123915354534,0.0,0.0019557123915354534,False,False,True,0,0,872.0,0.0,0.0,0.0,-0.0,0.0,262.0,0.0,0.0,0.0,-0.0,0.0,-0.0,-0.0,0.0,-0.05500000000000682,-0.00047845850285327,-0.0,-0.7900000000000205,-0.0020666299064038443,-0.0,0.0,0.0,0.0,0.0,0.0,0.0,0.0,0.0,0.0,0.0,0.0,0.0,0.0,0.0,1161.21603166663,-528.6370197222104
408,2025-08-19,2025-08-20,1,114.925,113.79,381.87,377.79,3.3200632744529397,3.328566325799244,3.327471718610392,378.757562212696,1.0,1.0,1.0,377.79,0.00255783717653255,0.0,0.00255783717653255,False,False,True,0,0,882.0,0.0,0.0,0.0,-0.0,0.0,265.0,0.0,0.0,0.0,-0.0,0.0,-0.0,-0.0,0.0,-1.134999999999991,-0.009925097323374318,-0.0,-4.079999999999984,-0.010741750864588066,-0.0,0.0,0.0,0.0,0.0,0.0,0.0,0.0,0.0,0.0,0.0,0.0,0.0,0.0,0.0,1161.21603166663,-528.6370197222104
409,2025-08-20,2025-08-21,1,113.79,113.115,377.79,375.92,3.323343499977899,3.327471718610392,3.326690958241244,376.3869634506145,1.0,1.0,1.0,375.92,0.001241417488529099,0.0,0.001241417488529099,False,False,True,0,0,885.0,0.0,0.0,0.0,-0.0,0.0,266.0,0.0,0.0,0.0,-0.0,0.0,-0.0,-0.0,0.0,-0.6750000000000114,-0.005949644046197353,-0.0,-1.8700000000000045,-0.004962130891304468,-0.0,0.0,0.0,0.0,0.0,0.0,0.0,0.0,0.0,0.0,0.0,0.0,0.0,0.0,0.0,1161.21603166663,-528.6370197222104
410,2025-08-21,2025-08-22,1,113.115,116.55,375.92,388.08,3.3297297297297295,3.326690958241244,3.326409979080912,387.72583118301696,1.0,1.0,1.0,388.08,-0.0009130347500658023,0.0,-0.0009130347500658023,False,False,True,0,0,858.0,0.0,0.0,0.0,-0.0,0.0,258.0,0.0,0.0,0.0,-0.0,0.0,-0.0,-0.0,0.0,3.4350000000000023,0.029915365159046158,0.0,12.159999999999968,0.03183514914240081,0.0,0.0,0.0,0.0,0.0,0.0,0.0,0.0,0.0,0.0,0.0,0.0,0.0,0.0,0.0,1161.21603166663,-528.6370197222104
411,2025-08-22,2025-08-25,3,116.55,116.315,388.08,387.25,3.329321239736921,3.326409979080912,3.326181373104189,386.91137671679627,1.0,1.0,1.0,387.25,-0.0008748132236600739,0.0,-0.0008748132236600739,False,False,True,0,0,858.0,0.0,0.0,0.0,-0.0,0.0,258.0,0.0,0.0,0.0,-0.0,0.0,-0.0,-0.0,0.0,-0.23499999999999943,-0.00201833748975884,-0.0,-0.8299999999999841,-0.0021410246399830527,-0.0,0.0,0.0,0.0,0.0,0.0,0.0,0.0,0.0,0.0,0.0,0.0,0.0,0.0,0.0,1161.21603166663,-528.6370197222104
412,2025-08-25,2025-08-26,1,116.315,116.85,387.25,388.84,3.3276850663243476,3.326181373104189,3.3260933621518647,388.66429344722445,1.0,1.0,1.0,388.84,-0.0004519757826355491,0.0,-0.0004519757826355491,False,False,True,0,0,855.0,0.0,0.0,0.0,-0.0,0.0,257.0,0.0,0.0,0.0,-0.0,0.0,-0.0,-0.0,0.0,0.5349999999999966,0.004589032992859567,0.0,1.589999999999975,0.00409746865589025,0.0,0.0,0.0,0.0,0.0,0.0,0.0,0.0,0.0,0.0,0.0,0.0,0.0,0.0,0.0,1161.21603166663,-528.6370197222104
413,2025-08-26,2025-08-27,1,116.85,116.875,388.84,389.5,3.332620320855615,3.3260933621518647,3.3262100412770828,388.7371617014992,1.0,1.0,1.0,389.5,-0.00196042692474184,0.0,-0.00196042692474184,False,True,False,0,1,855.0,0.0,855.0,855.0,-0.0,855.0,257.0,0.0,-257.0,0.0,257.0,-257.0,-4.275,-1.285,-5.5600000000000005,0.025000000000005684,0.00021392662398406618,0.0,0.660000000000025,0.001695917357934746,0.0,0.0,0.0,0.0,0.0,0.0,0.0,0.0,0.0,0.0,0.0,0.0,0.0,0.0,-5.5600000000000005,1155.65603166663,-534.1970197222104
414,2025-08-27,2025-08-28,1,116.875,117.075,389.5,390.03,3.331454196028187,3.3262100412770828,3.3258857633171224,389.4160405825145,1.0,1.0,1.0,390.03,-0.0015753740797858908,0.0,-0.0015753740797858908,False,True,False,1,1,852.0,855.0,852.0,0.0,3.0,-3.0,256.0,-257.0,-256.0,1.0,-0.0,1.0,-0.015,-0.005,-0.02,0.20000000000000284,0.0017097674607543796,171.00000000000244,0.5299999999999727,0.0013597939313840784,-136.209999999993,34.79000000000946,0.0,99928.125,99928.125,0.0,-100101.5,0.0,-100101.5,-2.780597222222222,-173.375,200029.625,-100101.5,-2.780597222222222,31.98940277778723,1187.6454344444173,-502.2076169444231
415,2025-08-28,2025-08-29,1,117.075,115.87,390.03,385.86,3.3301113316647966,3.3258857633171224,3.3259745591104135,385.370383395555,1.0,1.0,1.0,385.86,-0.0012697027522881404,0.0,-0.0012697027522881404,True,False,False,1,0,861.0,852.0,0.0,0.0,852.0,-852.0,259.0,-256.0,0.0,256.0,-0.0,256.0,-4.26,-1.28,-5.54,-1.2049999999999983,-0.010345882060634528,-1026.6599999999985,-4.169999999999959,-0.010749049867360094,1067.5199999999895,40.85999999999103,0.0,99747.90000000001,99747.90000000001,0.0,-99847.68,0.0,-99847.68,-2.7735466666666664,-99.77999999998428,199595.58000000002,-99847.68,-2.7735466666666664,32.546453333324365,1220.1918877777416,-469.6611636110988
416,2025-08-29,2025-09-02,4,115.87,115.005,385.86,382.61,3.3268988304856313,3.3259745591104135,3.3259974039416518,382.5037041704931,1.0,1.0,1.0,382.61,-0.0002778562966821237,0.0,-0.0002778562966821237,False,False,True,0,0,868.0,0.0,0.0,0.0,-0.0,0.0,261.0,0.0,0.0,0.0,-0.0,0.0,-0.0,-0.0,0.0,-0.8650000000000091,-0.00749326733000363,-0.0,-3.25,-0.008458415752580472,-0.0,0.0,0.0,0.0,0.0,0.0,0.0,0.0,0.0,0.0,0.0,0.0,0.0,0.0,0.0,1220.1918877777416,-469.6611636110988
417,2025-09-02,2025-09-03,1,115.005,115.47,382.61,384.02,3.3257123062267255,3.3259974039416518,3.325895005914173,384.0529202331425,1.0,1.0,1.0,384.02,8.572163474447478e-05,0.0,8.572163474447478e-05,False,False,True,0,0,865.0,0.0,0.0,0.0,-0.0,0.0,260.0,0.0,0.0,0.0,-0.0,0.0,-0.0,-0.0,0.0,0.4650000000000034,0.004035150284797098,0.0,1.4099999999999682,0.0036784409425240994,0.0,0.0,0.0,0.0,0.0,0.0,0.0,0.0,0.0,0.0,0.0,0.0,0.0,0.0,0.0,1220.1918877777416,-469.6611636110988
418,2025-09-03,2025-09-04,1,115.47,117.58,384.02,391.69,3.3312638203776155,3.325895005914173,3.326392681852055,391.0587347953885,1.0,1.0,1.0,391.69,-0.001612945031803504,0.0,-0.001612945031803504,False,True,False,0,1,848.0,0.0,848.0,848.0,-0.0,848.0,255.0,0.0,-255.0,0.0,255.0,-255.0,-4.24,-1.2750000000000001,-5.515000000000001,2.1099999999999994,0.01810819701034445,0.0,7.670000000000016,0.01977607603897613,0.0,0.0,0.0,0.0,0.0,0.0,0.0,0.0,0.0,0.0,0.0,0.0,0.0,0.0,-5.515000000000001,1214.6768877777415,-475.1761636110989
419,2025-09-04,2025-09-05,1,117.58,117.555,391.69,392.2,3.3363106630938706,3.326392681852055,3.326902650746934,391.03409171511834,1.0,1.0,1.0,392.2,-0.0029771664905427933,0.0,-0.0029771664905427933,False,True,False,1,1,848.0,848.0,848.0,0.0,-0.0,0.0,255.0,-255.0,-255.0,0.0,-0.0,0.0,-0.0,-0.0,0.0,-0.024999999999991473,-0.00021264380117124953,-21.19999999999277,0.5099999999999909,0.0013012031584992915,-130.04999999999768,-151.24999999999045,0.0,99707.84,99707.84,0.0,-99880.95,0.0,-99880.95,-2.774470833333333,-173.11000000000058,199588.78999999998,-99880.95,-2.774470833333333,-154.0244708333238,1060.6524169444178,-629.2006344444226
420,2025-09-05,2025-09-08,3,117.555,118.01,392.2,393.28,3.332598932293873,3.326902650746934,3.3276777399123474,392.6077818146457,1.0,1.0,1.0,393.28,-0.001710723502389853,0.0,-0.001710723502389853,False,True,False,1,1,845.0,848.0,845.0,0.0,3.0,-3.0,254.0,-255.0,-254.0,1.0,-0.0,1.0,-0.015,-0.005,-0.02,0.4549999999999983,0.0038630574647196803,385.83999999999855,1.079999999999984,0.0027499126154241016,-275.39999999999594,110.44000000000261,0.0,99686.64,99686.64,0.0,-100011.0,0.0,-100011.0,-8.334249999999999,-324.3600000000006,199697.64,-100011.0,-8.334249999999999,102.08575000000262,1162.7381669444205,-527.1148844444199
421,2025-09-08,2025-09-09,1,118.01,117.845,393.28,392.33,3.3292036149179007,3.3276777399123474,3.32843102103264,392.15018325997056,1.0,1.0,1.0,392.33,-0.0004584353996844696,0.0,-0.0004584353996844696,False,False,True,1,0,849.0,845.0,0.0,0.0,845.0,-845.0,255.0,-254.0,0.0,254.0,-0.0,254.0,-4.225,-1.27,-5.494999999999999,-0.16500000000000625,-0.0013991649693062369,-139.4250000000053,-0.9499999999999886,-0.0024185039983161843,241.2999999999971,101.87499999999181,0.0,99718.45,99718.45,0.0,-99893.12,0.0,-99893.12,-2.774808888888889,-174.66999999999825,199611.57,-99893.12,-2.774808888888889,93.60519111110293,1256.3433580555234,-433.50969333331705
422,2025-09-09,2025-09-10,1,117.845,116.435,392.33,387.49,3.3279512174174433,3.32843102103264,3.328598538682202,387.5458659339355,1.0,1.0,1.0,387.49,0.0001441634806537531,0.0,0.0001441634806537531,False,False,True,0,0,859.0,0.0,0.0,0.0,-0.0,0.0,258.0,0.0,0.0,0.0,-0.0,0.0,-0.0,-0.0,0.0,-1.4099999999999966,-0.012037024283152046,-0.0,-4.839999999999975,-0.012413280370557233,-0.0,0.0,0.0,0.0,0.0,0.0,0.0,0.0,0.0,0.0,0.0,0.0,0.0,0.0,0.0,1256.3433580555234,-433.50969333331705
423,2025-09-10,2025-09-11,1,116.435,118.7,387.49,394.93,3.327127211457456,3.328598538682202,3.32846806001209,395.1046465415774,1.0,1.0,1.0,394.93,0.00044212376048782023,0.0,0.00044212376048782023,False,False,True,0,0,842.0,0.0,0.0,0.0,-0.0,0.0,253.0,0.0,0.0,0.0,-0.0,0.0,-0.0,-0.0,0.0,2.2650000000000006,0.019266124230423325,0.0,7.439999999999998,0.019018491997984756,0.0,0.0,0.0,0.0,0.0,0.0,0.0,0.0,0.0,0.0,0.0,0.0,0.0,0.0,0.0,1256.3433580555234,-433.50969333331705
424,2025-09-11,2025-09-12,1,118.7,119.315,394.93,395.69,3.3163474835519424,3.32846806001209,3.327901880899039,397.1361665803425,1.0,1.0,1.0,395.69,0.0036481343457295734,0.0,0.0036481343457295734,False,False,True,0,0,842.0,0.0,0.0,0.0,-0.0,0.0,253.0,0.0,0.0,0.0,-0.0,0.0,-0.0,-0.0,0.0,0.6149999999999949,0.0051677530295574,0.0,0.7599999999999909,0.0019225423948059412,0.0,0.0,0.0,0.0,0.0,0.0,0.0,0.0,0.0,0.0,0.0,0.0,0.0,0.0,0.0,1256.3433580555234,-433.50969333331705
425,2025-09-12,2025-09-15,3,119.315,120.35,395.69,399.17,3.316742833402576,3.327901880899039,3.3272659174346932,400.5129913661993,1.0,1.0,1.0,399.17,0.003358812537698322,0.0,0.003358812537698322,False,False,True,0,0,835.0,0.0,0.0,0.0,-0.0,0.0,251.0,0.0,0.0,0.0,-0.0,0.0,-0.0,-0.0,0.0,1.0349999999999966,0.00863710958390124,0.0,3.480000000000018,0.00875631491119521,0.0,0.0,0.0,0.0,0.0,0.0,0.0,0.0,0.0,0.0,0.0,0.0,0.0,0.0,0.0,1256.3433580555234,-433.50969333331705
426,2025-09-15,2025-09-16,1,120.35,121.09,399.17,401.35,3.314476835411677,3.3272659174346932,3.3265869065352476,402.898629942167,1.0,1.0,1.0,401.35,0.0038511271229115015,0.0,0.0038511271229115015,False,False,True,0,0,828.0,0.0,0.0,0.0,-0.0,0.0,249.0,0.0,0.0,0.0,-0.0,0.0,-0.0,-0.0,0.0,0.7400000000000091,0.006129906537194059,0.0,2.180000000000007,0.005446473264803524,0.0,0.0,0.0,0.0,0.0,0.0,0.0,0.0,0.0,0.0,0.0,0.0,0.0,0.0,0.0,1256.3433580555234,-433.50969333331705
427,2025-09-16,2025-09-17,1,121.09,120.785,401.35,400.68,3.317299333526514,3.3265869065352476,3.326313087046683,401.8017995058599,1.0,1.0,1.0,400.68,0.0027958272381423113,0.0,0.0027958272381423113,False,False,True,0,0,832.0,0.0,0.0,0.0,-0.0,0.0,250.0,0.0,0.0,0.0,-0.0,0.0,-0.0,-0.0,0.0,-0.3050000000000068,-0.0025219651609949684,-0.0,-0.6700000000000159,-0.0016707608340224538,-0.0,0.0,0.0,0.0,0.0,0.0,0.0,0.0,0.0,0.0,0.0,0.0,0.0,0.0,0.0,1256.3433580555234,-433.50969333331705
428,2025-09-17,2025-09-18,1,120.785,120.24,400.68,400.13,3.327761144377911,3.326313087046683,3.3266979805429315,399.95588558649314,1.0,1.0,1.0,400.13,-0.00043523931465884143,0.0,-0.00043523931465884143,False,False,True,0,0,832.0,0.0,0.0,0.0,-0.0,0.0,250.0,0.0,0.0,0.0,-0.0,0.0,-0.0,-0.0,0.0,-0.5450000000000017,-0.0045223601605609625,-0.0,-0.5500000000000114,-0.001373609436641535,-0.0,0.0,0.0,0.0,0.0,0.0,0.0,0.0,0.0,0.0,0.0,0.0,0.0,0.0,0.0,1256.3433580555234,-433.50969333331705
429,2025-09-18,2025-09-19,1,120.24,120.695,400.13,400.3,3.3166245494842372,3.3266979805429315,3.326362033018248,401.5158127616291,1.0,1.0,1.0,400.3,0.0030326508260236982,0.0,0.0030326508260236982,False,False,True,0,0,832.0,0.0,0.0,0.0,-0.0,0.0,250.0,0.0,0.0,0.0,-0.0,0.0,-0.0,-0.0,0.0,0.4549999999999983,0.003776956780014448,0.0,0.17000000000001592,0.000424771691606104,0.0,0.0,0.0,0.0,0.0,0.0,0.0,0.0,0.0,0.0,0.0,0.0,0.0,0.0,0.0,1256.3433580555234,-433.50969333331705
430,2025-09-19,2025-09-22,3,120.695,120.09,400.3,399.34,3.3253393288367055,3.326362033018248,3.326142512973597,399.46281654516144,1.0,1.0,1.0,399.34,0.0003075015350106032,0.0,0.0003075015350106032,False,False,True,0,0,832.0,0.0,0.0,0.0,-0.0,0.0,250.0,0.0,0.0,0.0,-0.0,0.0,-0.0,-0.0,0.0,-0.6049999999999898,-0.0050252405521414665,-0.0,-0.9600000000000364,-0.0024010816397765206,-0.0,0.0,0.0,0.0,0.0,0.0,0.0,0.0,0.0,0.0,0.0,0.0,0.0,0.0,0.0,1256.3433580555234,-433.50969333331705
431,2025-09-22,2025-09-23,1,120.09,118.96,399.34,395.6,3.325487558843309,3.326142512973597,3.3259508289289164,395.67791334333907,1.0,1.0,1.0,395.6,0.0001969304141490345,0.0,0.0001969304141490345,False,False,True,0,0,842.0,0.0,0.0,0.0,-0.0,0.0,253.0,0.0,0.0,0.0,-0.0,0.0,-0.0,-0.0,0.0,-1.1300000000000097,-0.009454159520692352,-0.0,-3.7399999999999523,-0.009409584610194323,-0.0,0.0,0.0,0.0,0.0,0.0,0.0,0.0,0.0,0.0,0.0,0.0,0.0,0.0,0.0,1256.3433580555234,-433.50969333331705
432,2025-09-23,2025-09-24,1,118.96,119.8,395.6,397.28,3.316193656093489,3.3259508289289164,3.3253762584173736,398.4489093056842,1.0,1.0,1.0,397.28,0.002937960737160688,0.0,0.002937960737160688,False,False,True,0,0,838.0,0.0,0.0,0.0,-0.0,0.0,252.0,0.0,0.0,0.0,-0.0,0.0,-0.0,-0.0,0.0,0.8400000000000034,0.007036383529449298,0.0,1.67999999999995,0.0042377220112993635,0.0,0.0,0.0,0.0,0.0,0.0,0.0,0.0,0.0,0.0,0.0,0.0,0.0,0.0,0.0,1256.3433580555234,-433.50969333331705
433,2025-09-24,2025-09-25,1,119.8,118.11,397.28,391.59,3.3154686309372616,3.3253762584173736,3.324518673921456,392.760189881676,1.0,1.0,1.0,391.59,0.0029838476868850965,0.0,0.0029838476868850965,False,False,True,0,0,848.0,0.0,0.0,0.0,-0.0,0.0,255.0,0.0,0.0,0.0,-0.0,0.0,-0.0,-0.0,0.0,-1.6899999999999977,-0.014207292057593097,-0.0,-5.689999999999998,-0.014425947691048404,-0.0,0.0,0.0,0.0,0.0,0.0,0.0,0.0,0.0,0.0,0.0,0.0,0.0,0.0,0.0,1256.3433580555234,-433.50969333331705
434,2025-09-25,2025-09-26,1,118.11,119.855,391.59,397.26,3.314505026907513,3.324518673921456,3.323671215465422,398.4601856628561,1.0,1.0,1.0,397.26,0.0030166045668108808,0.0,0.0030166045668108808,False,False,True,0,0,838.0,0.0,0.0,0.0,-0.0,0.0,252.0,0.0,0.0,0.0,-0.0,0.0,-0.0,-0.0,0.0,1.7450000000000045,0.014666285201617639,0.0,5.670000000000016,0.014375604096001547,0.0,0.0,0.0,0.0,0.0,0.0,0.0,0.0,0.0,0.0,0.0,0.0,0.0,0.0,0.0,1256.3433580555234,-433.50969333331705
435,2025-09-26,2025-09-29,3,119.855,120.38,397.26,399.3,3.3169961787672375,3.323671215465422,3.3230154578205444,400.10354091772746,1.0,1.0,1.0,399.3,0.0020103518366502322,0.0,0.0020103518366502322,False,False,True,0,0,831.0,0.0,0.0,0.0,-0.0,0.0,250.0,0.0,0.0,0.0,-0.0,0.0,-0.0,-0.0,0.0,0.5249999999999915,0.0043707272942512055,0.0,2.0400000000000205,0.005122035904365933,0.0,0.0,0.0,0.0,0.0,0.0,0.0,0.0,0.0,0.0,0.0,0.0,0.0,0.0,0.0,1256.3433580555234,-433.50969333331705
436,2025-09-29,2025-09-30,1,120.38,119.82,399.3,396.15,3.3062093139709563,3.3230154578205444,3.3219809819948103,398.1637121560576,1.0,1.0,1.0,396.15,0.005070330372805618,0.0,0.005070330372805618,True,False,True,0,0,837.0,0.0,0.0,0.0,-0.0,0.0,252.0,0.0,0.0,0.0,-0.0,0.0,-0.0,-0.0,0.0,-0.5600000000000023,-0.0046627894638458876,-0.0,-3.150000000000034,-0.007920086657924841,-0.0,0.0,0.0,0.0,0.0,0.0,0.0,0.0,0.0,0.0,0.0,0.0,0.0,0.0,0.0,1256.3433580555234,-433.50969333331705
437,2025-09-30,2025-10-01,1,119.82,120.57,396.15,398.6,3.3059633407978772,3.3219809819948103,3.3209935337233687,400.5312469991143,1.0,1.0,1.0,398.6,0.004833375659139487,0.0,0.004833375659139487,False,False,True,0,0,834.0,0.0,0.0,0.0,-0.0,0.0,251.0,0.0,0.0,0.0,-0.0,0.0,-0.0,-0.0,0.0,0.75,0.006239880473440479,0.0,2.4500000000000455,0.006165480367443542,0.0,0.0,0.0,0.0,0.0,0.0,0.0,0.0,0.0,0.0,0.0,0.0,0.0,0.0,0.0,1256.3433580555234,-433.50969333331705
438,2025-10-01,2025-10-02,1,120.57,119.7,398.6,396.25,3.310359231411863,3.3209935337233687,3.319948304275081,397.52292598668726,1.0,1.0,1.0,396.25,0.003207282677938976,0.0,0.003207282677938976,False,False,True,0,0,837.0,0.0,0.0,0.0,-0.0,0.0,252.0,0.0,0.0,0.0,-0.0,0.0,-0.0,-0.0,0.0,-0.8699999999999903,-0.007241884565291857,-0.0,-2.3500000000000227,-0.005913082587204069,-0.0,0.0,0.0,0.0,0.0,0.0,0.0,0.0,0.0,0.0,0.0,0.0,0.0,0.0,0.0,1256.3433580555234,-433.50969333331705
439,2025-10-02,2025-10-03,1,119.7,118.93,396.25,394.12,3.3138821155301437,3.319948304275081,3.3188268768968947,394.8414518274354,1.0,1.0,1.0,394.12,0.0018288650905664238,0.0,0.0018288650905664238,False,False,True,0,0,843.0,0.0,0.0,0.0,-0.0,0.0,254.0,0.0,0.0,0.0,-0.0,0.0,-0.0,-0.0,0.0,-0.769999999999996,-0.006453527824773486,-0.0,-2.1299999999999955,-0.005389893737216591,-0.0,0.0,0.0,0.0,0.0,0.0,0.0,0.0,0.0,0.0,0.0,0.0,0.0,0.0,0.0,1256.3433580555234,-433.50969333331705
440,2025-10-03,2025-10-06,3,118.93,119.95,394.12,395.96,3.3010421008753643,3.3188268768968947,3.317249035325969,398.09328388378253,1.0,1.0,1.0,395.96,0.005373163387295089,0.0,0.005373163387295089,False,False,True,0,0,840.0,0.0,0.0,0.0,-0.0,0.0,253.0,0.0,0.0,0.0,-0.0,0.0,-0.0,-0.0,0.0,1.019999999999996,0.008539904546549517,0.0,1.839999999999975,0.004657764597332681,0.0,0.0,0.0,0.0,0.0,0.0,0.0,0.0,0.0,0.0,0.0,0.0,0.0,0.0,0.0,1256.3433580555234,-433.50969333331705
441,2025-10-06,2025-10-07,1,119.95,117.85,395.96,388.99,3.300721255833687,3.317249035325969,3.3158249173717587,390.93779881316544,1.0,1.0,1.0,388.99,0.004994828664018273,0.0,0.004994828664018273,False,False,True,0,0,853.0,0.0,0.0,0.0,-0.0,0.0,257.0,0.0,0.0,0.0,-0.0,0.0,-0.0,-0.0,0.0,-2.1000000000000085,-0.01766235990356357,-0.0,-6.96999999999997,-0.01775955970446335,-0.0,0.0,0.0,0.0,0.0,0.0,0.0,0.0,0.0,0.0,0.0,0.0,0.0,0.0,0.0,1256.3433580555234,-433.50969333331705
442,2025-10-07,2025-10-08,1,117.85,118.2,388.99,390.94,3.307445008460237,3.3158249173717587,3.3147996069238976,391.9305052333419,1.0,1.0,1.0,390.94,0.0025304459811693104,0.0,0.0025304459811693104,False,False,True,0,0,849.0,0.0,0.0,0.0,-0.0,0.0,256.0,0.0,0.0,0.0,-0.0,0.0,-0.0,-0.0,0.0,0.3500000000000085,0.002965475589857726,0.0,1.9499999999999886,0.005000459177732615,0.0,0.0,0.0,0.0,0.0,0.0,0.0,0.0,0.0,0.0,0.0,0.0,0.0,0.0,0.0,1256.3433580555234,-433.50969333331705
443,2025-10-08,2025-10-09,1,118.2,117.61,390.94,389.07,3.3081370631749,3.3147996069238976,3.31385009950977,389.8535817703196,1.0,1.0,1.0,389.07,0.002011961257781274,0.0,0.002011961257781274,False,False,True,0,0,852.0,0.0,0.0,0.0,-0.0,0.0,257.0,0.0,0.0,0.0,-0.0,0.0,-0.0,-0.0,0.0,-0.5900000000000034,-0.005004039109052658,-0.0,-1.8700000000000045,-0.004794819509116078,-0.0,0.0,0.0,0.0,0.0,0.0,0.0,0.0,0.0,0.0,0.0,0.0,0.0,0.0,0.0,1256.3433580555234,-433.50969333331705
444,2025-10-09,2025-10-10,1,117.61,114.375,389.07,376.54,3.292153005464481,3.31385009950977,3.3126403756053966,379.02160513142996,1.0,1.0,1.0,376.54,0.0065689257849275645,0.0,0.0065689257849275645,False,False,True,0,0,881.0,0.0,0.0,0.0,-0.0,0.0,266.0,0.0,0.0,0.0,-0.0,0.0,-0.0,-0.0,0.0,-3.2349999999999994,-0.02789154226725985,-0.0,-12.529999999999973,-0.03273499271919393,-0.0,0.0,0.0,0.0,0.0,0.0,0.0,0.0,0.0,0.0,0.0,0.0,0.0,0.0,0.0,1256.3433580555234,-433.50969333331705
445,2025-10-10,2025-10-13,3,114.375,116.93,376.54,385.92,3.3004361583853585,3.3126403756053966,3.3118250418545365,387.34703911953903,1.0,1.0,1.0,385.92,0.0036909390091508735,0.0,0.0036909390091508735,False,False,True,0,0,858.0,0.0,0.0,0.0,-0.0,0.0,259.0,0.0,0.0,0.0,-0.0,0.0,-0.0,-0.0,0.0,2.555000000000007,0.022092941556541842,0.0,9.379999999999995,0.024605810802200194,0.0,0.0,0.0,0.0,0.0,0.0,0.0,0.0,0.0,0.0,0.0,0.0,0.0,0.0,0.0,1256.3433580555234,-433.50969333331705
446,2025-10-13,2025-10-14,1,116.93,117.175,385.92,387.2,3.304459142308513,3.3118250418545365,3.3113241571993774,388.06309927930533,1.0,1.0,1.0,387.2,0.00222659800703189,0.0,0.00222659800703189,False,False,True,0,0,854.0,0.0,0.0,0.0,-0.0,0.0,258.0,0.0,0.0,0.0,-0.0,0.0,-0.0,-0.0,0.0,0.24499999999999034,0.0020930786565425998,0.0,1.2799999999999727,0.003311261303656005,0.0,0.0,0.0,0.0,0.0,0.0,0.0,0.0,0.0,0.0,0.0,0.0,0.0,0.0,0.0,1256.3433580555234,-433.50969333331705
447,2025-10-14,2025-10-15,1,117.175,117.345,387.2,387.65,3.3035067535898417,3.3113241571993774,3.3106345282025442,388.56733322656095,1.0,1.0,1.0,387.65,0.002363600023752788,0.0,0.002363600023752788,False,False,True,0,0,854.0,0.0,0.0,0.0,-0.0,0.0,258.0,0.0,0.0,0.0,-0.0,0.0,-0.0,-0.0,0.0,0.1700000000000017,0.001449769996383908,0.0,0.44999999999998863,0.0011615152625460668,0.0,0.0,0.0,0.0,0.0,0.0,0.0,0.0,0.0,0.0,0.0,0.0,0.0,0.0,0.0,1256.3433580555234,-433.50969333331705
448,2025-10-15,2025-10-16,1,117.345,116.21,387.65,384.02,3.3045348937268737,3.3106345282025442,3.3094732156699926,384.7288385224176,1.0,1.0,1.0,384.02,0.0018441360501230664,0.0,0.0018441360501230664,False,False,True,0,0,861.0,0.0,0.0,0.0,-0.0,0.0,260.0,0.0,0.0,0.0,-0.0,0.0,-0.0,-0.0,0.0,-1.1350000000000051,-0.009719414570371348,-0.0,-3.6299999999999955,-0.009408236100197517,-0.0,0.0,0.0,0.0,0.0,0.0,0.0,0.0,0.0,0.0,0.0,0.0,0.0,0.0,0.0,1256.3433580555234,-433.50969333331705
449,2025-10-16,2025-10-17,1,116.21,117.21,384.02,386.32,3.295964508147769,3.3094732156699926,3.308440213603169,387.9033556086798,1.0,1.0,1.0,386.32,0.004090183548760046,0.0,0.004090183548760046,False,False,True,0,0,857.0,0.0,0.0,0.0,-0.0,0.0,259.0,0.0,0.0,0.0,-0.0,0.0,-0.0,-0.0,0.0,1.0,0.008568298500306609,0.0,2.3000000000000114,0.005971407000516007,0.0,0.0,0.0,0.0,0.0,0.0,0.0,0.0,0.0,0.0,0.0,0.0,0.0,0.0,0.0,1256.3433580555234,-433.50969333331705
450,2025-10-17,2025-10-20,3,117.21,118.14,386.32,389.78,3.2993059082444556,3.308440213603169,3.3071385425735564,390.85912683507837,1.0,1.0,1.0,389.78,0.0027647282473074234,0.0,0.0027647282473074234,False,False,True,0,0,850.0,0.0,0.0,0.0,-0.0,0.0,257.0,0.0,0.0,0.0,-0.0,0.0,-0.0,-0.0,0.0,0.9300000000000068,0.007903164144000227,0.0,3.4599999999999795,0.008916435828591673,0.0,0.0,0.0,0.0,0.0,0.0,0.0,0.0,0.0,0.0,0.0,0.0,0.0,0.0,0.0,1256.3433580555234,-433.50969333331705
451,2025-10-20,2025-10-21,1,118.14,119.585,389.78,394.83,3.301668269431785,3.3071385425735564,3.3059475781029803,395.4841626136587,1.0,1.0,1.0,394.83,0.001655449931177977,0.0,0.001655449931177977,False,False,True,0,0,837.0,0.0,0.0,0.0,-0.0,0.0,253.0,0.0,0.0,0.0,-0.0,0.0,-0.0,-0.0,0.0,1.4449999999999932,0.012157053711738912,0.0,5.050000000000011,0.012872815120463826,0.0,0.0,0.0,0.0,0.0,0.0,0.0,0.0,0.0,0.0,0.0,0.0,0.0,0.0,0.0,1256.3433580555234,-433.50969333331705
452,2025-10-21,2025-10-22,1,119.585,118.65,394.83,391.33,3.2981879477454696,3.3059475781029803,3.30504729268558,392.2506801419186,1.0,1.0,1.0,391.33,0.0023499317656273657,0.0,0.0023499317656273657,False,False,True,0,0,846.0,0.0,0.0,0.0,-0.0,0.0,256.0,0.0,0.0,0.0,-0.0,0.0,-0.0,-0.0,0.0,-0.9349999999999881,-0.007849432709055413,-0.0,-3.5,-0.008904098718251239,-0.0,0.0,0.0,0.0,0.0,0.0,0.0,0.0,0.0,0.0,0.0,0.0,0.0,0.0,0.0,1256.3433580555234,-433.50969333331705
453,2025-10-22,2025-10-23,1,118.65,119.185,391.33,393.94,3.305281704912531,3.30504729268558,3.304537946384343,393.91206157873086,1.0,1.0,1.0,393.94,-7.092301370606794e-05,0.0,-7.092301370606794e-05,False,False,True,0,0,839.0,0.0,0.0,0.0,-0.0,0.0,254.0,0.0,0.0,0.0,-0.0,0.0,-0.0,-0.0,0.0,0.5349999999999966,0.004498924904920209,0.0,2.6100000000000136,0.006647419641457757,0.0,0.0,0.0,0.0,0.0,0.0,0.0,0.0,0.0,0.0,0.0,0.0,0.0,0.0,0.0,1256.3433580555234,-433.50969333331705
454,2025-10-23,2025-10-24,1,119.185,118.83,393.94,393.06,3.307750568038374,3.304537946384343,3.3042002234408856,392.6782441688515,1.0,1.0,1.0,393.06,-0.000971712562091105,0.0,-0.000971712562091105,False,False,True,0,0,839.0,0.0,0.0,0.0,-0.0,0.0,254.0,0.0,0.0,0.0,-0.0,0.0,-0.0,-0.0,0.0,-0.355000000000004,-0.0029830074847579362,-0.0,-0.8799999999999955,-0.00223634146570864,-0.0,0.0,0.0,0.0,0.0,0.0,0.0,0.0,0.0,0.0,0.0,0.0,0.0,0.0,0.0,1256.3433580555234,-433.50969333331705
455,2025-10-24,2025-10-27,3,118.83,120.54,393.06,398.48,3.3057906089264972,3.3042002234408856,3.3036399449488494,398.2882949335644,1.0,1.0,1.0,398.48,-0.0004812065724851247,0.0,-0.0004812065724851247,False,False,True,0,0,829.0,0.0,0.0,0.0,-0.0,0.0,251.0,0.0,0.0,0.0,-0.0,0.0,-0.0,-0.0,0.0,1.710000000000008,0.014287747752963223,0.0,5.420000000000016,0.013695036793187943,0.0,0.0,0.0,0.0,0.0,0.0,0.0,0.0,0.0,0.0,0.0,0.0,0.0,0.0,0.0,1256.3433580555234,-433.50969333331705
456,2025-10-27,2025-10-28,1,120.54,120.57,398.48,398.67,3.306543916397114,3.3036399449488494,3.303656675070157,398.31986816248275,1.0,1.0,1.0,398.67,-0.000878635661579253,0.0,-0.000878635661579253,False,False,True,0,0,829.0,0.0,0.0,0.0,-0.0,0.0,251.0,0.0,0.0,0.0,-0.0,0.0,-0.0,-0.0,0.0,0.029999999999986926,0.0002488490743211775,0.0,0.18999999999999773,0.0004766982464981786,0.0,0.0,0.0,0.0,0.0,0.0,0.0,0.0,0.0,0.0,0.0,0.0,0.0,0.0,0.0,1256.3433580555234,-433.50969333331705
457,2025-10-28,2025-10-29,1,120.57,119.575,398.67,394.47,3.2989337236044327,3.303656675070157,3.303305194210485,395.034746921514,1.0,1.0,1.0,394.47,0.0014306361552335744,0.0,0.0014306361552335744,False,False,True,0,0,839.0,0.0,0.0,0.0,-0.0,0.0,254.0,0.0,0.0,0.0,-0.0,0.0,-0.0,-0.0,0.0,-0.9949999999999903,-0.008286707562858793,-0.0,-4.199999999999989,-0.010590915244588831,-0.0,0.0,0.0,0.0,0.0,0.0,0.0,0.0,0.0,0.0,0.0,0.0,0.0,0.0,0.0,1256.3433580555234,-433.50969333331705
458,2025-10-29,2025-10-30,1,119.575,116.875,394.47,385.26,3.2963422459893046,3.303305194210485,3.3026043449393567,386.0737945733504,1.0,1.0,1.0,385.26,0.002110097809867379,0.0,0.002110097809867379,False,False,True,0,0,859.0,0.0,0.0,0.0,-0.0,0.0,260.0,0.0,0.0,0.0,-0.0,0.0,-0.0,-0.0,0.0,-2.700000000000003,-0.022838801957509498,-0.0,-9.210000000000036,-0.023624660732925296,-0.0,0.0,0.0,0.0,0.0,0.0,0.0,0.0,0.0,0.0,0.0,0.0,0.0,0.0,0.0,1256.3433580555234,-433.50969333331705
459,2025-10-30,2025-10-31,1,116.875,119.965,385.26,395.36,3.295627891468345,3.3026043449393567,3.3016916337362665,396.1969302406499,1.0,1.0,1.0,395.36,0.002114643989717438,0.0,0.002114643989717438,True,False,True,0,0,836.0,0.0,0.0,0.0,-0.0,0.0,253.0,0.0,0.0,0.0,-0.0,0.0,-0.0,-0.0,0.0,3.0900000000000034,0.026095045963533566,0.0,10.100000000000023,0.025878311206287988,0.0,0.0,0.0,0.0,0.0,0.0,0.0,0.0,0.0,0.0,0.0,0.0,0.0,0.0,0.0,1256.3433580555234,-433.50969333331705
460,2025-10-31,2025-11-03,3,119.965,121.09,395.36,399.33,3.2977950284912048,3.3016916337362665,3.301529280117059,399.8018399291245,1.0,1.0,1.0,399.33,0.0011808814525456567,0.0,0.0011808814525456567,False,False,True,0,0,825.0,0.0,0.0,0.0,-0.0,0.0,250.0,0.0,0.0,0.0,-0.0,0.0,-0.0,-0.0,0.0,1.125,0.009334037193890182,0.0,3.9699999999999704,0.009991400486737531,0.0,0.0,0.0,0.0,0.0,0.0,0.0,0.0,0.0,0.0,0.0,0.0,0.0,0.0,0.0,1256.3433580555234,-433.50969333331705
461,2025-11-03,2025-11-04,1,121.09,119.08,399.33,392.63,3.297195162915687,3.301529280117059,3.301352975471159,393.14610667633934,1.0,1.0,1.0,392.63,0.0013136229166821802,0.0,0.0013136229166821802,False,False,True,0,0,842.0,0.0,0.0,0.0,-0.0,0.0,255.0,0.0,0.0,0.0,-0.0,0.0,-0.0,-0.0,0.0,-2.010000000000005,-0.0167385346186993,-0.0,-6.699999999999989,-0.016920450151478576,-0.0,0.0,0.0,0.0,0.0,0.0,0.0,0.0,0.0,0.0,0.0,0.0,0.0,0.0,0.0,1256.3433580555234,-433.50969333331705
462,2025-11-04,2025-11-05,1,119.08,120.53,392.63,397.42,3.2972703891147432,3.301352975471159,3.300844244503884,397.9120741335388,1.0,1.0,1.0,397.42,0.0012374056380472912,0.0,0.0012374056380472912,False,False,True,0,0,832.0,0.0,0.0,0.0,-0.0,0.0,252.0,0.0,0.0,0.0,-0.0,0.0,-0.0,-0.0,0.0,1.4500000000000028,0.012103148452676502,0.0,4.7900000000000205,0.012125963402111422,0.0,0.0,0.0,0.0,0.0,0.0,0.0,0.0,0.0,0.0,0.0,0.0,0.0,0.0,0.0,1256.3433580555234,-433.50969333331705
463,2025-11-05,2025-11-06,1,120.53,117.745,397.42,387.73,3.2929636077965094,3.300844244503884,3.3000855717349644,388.6579055691098,1.0,1.0,1.0,387.73,0.002390315470555712,0.0,0.002390315470555712,False,False,True,0,0,852.0,0.0,0.0,0.0,-0.0,0.0,258.0,0.0,0.0,0.0,-0.0,0.0,-0.0,-0.0,0.0,-2.7849999999999966,-0.023377415450307807,-0.0,-9.689999999999998,-0.024684434877344327,-0.0,0.0,0.0,0.0,0.0,0.0,0.0,0.0,0.0,0.0,0.0,0.0,0.0,0.0,0.0,1256.3433580555234,-433.50969333331705
464,2025-11-06,2025-11-07,1,117.745,117.93,387.73,388.88,3.2975493937081315,3.3000855717349644,3.3003553911471473,389.17909147470436,1.0,1.0,1.0,388.88,0.0007688143296922556,0.0,0.0007688143296922556,False,False,True,0,0,848.0,0.0,0.0,0.0,-0.0,0.0,257.0,0.0,0.0,0.0,-0.0,0.0,-0.0,-0.0,0.0,0.18500000000000227,0.0015699589519342476,0.0,1.1499999999999773,0.0029615916368742647,0.0,0.0,0.0,0.0,0.0,0.0,0.0,0.0,0.0,0.0,0.0,0.0,0.0,0.0,0.0,1256.3433580555234,-433.50969333331705
465,2025-11-07,2025-11-10,3,117.93,119.48,388.88,393.89,3.296702376966856,3.3003553911471473,3.300168702076222,394.3264621342612,1.0,1.0,1.0,393.89,0.0011074678082436157,0.0,0.0011074678082436157,False,False,True,0,0,838.0,0.0,0.0,0.0,-0.0,0.0,254.0,0.0,0.0,0.0,-0.0,0.0,-0.0,-0.0,0.0,1.5499999999999972,0.013057765246030287,0.0,5.009999999999991,0.012800869763300764,0.0,0.0,0.0,0.0,0.0,0.0,0.0,0.0,0.0,0.0,0.0,0.0,0.0,0.0,0.0,1256.3433580555234,-433.50969333331705
466,2025-11-10,2025-11-11,1,119.48,119.775,393.89,394.78,3.296013358380296,3.300168702076222,3.2997464128798106,395.27770629117947,1.0,1.0,1.0,394.78,0.0012599240613816638,0.0,0.0012599240613816638,False,False,True,0,0,835.0,0.0,0.0,0.0,-0.0,0.0,253.0,0.0,0.0,0.0,-0.0,0.0,-0.0,-0.0,0.0,0.2950000000000017,0.002465989421276706,0.0,0.8899999999999864,0.0022569652143404812,0.0,0.0,0.0,0.0,0.0,0.0,0.0,0.0,0.0,0.0,0.0,0.0,0.0,0.0,0.0,1256.3433580555234,-433.50969333331705
467,2025-11-11,2025-11-12,1,119.775,118.97,394.78,392.12,3.295956963940489,3.2997464128798106,3.2993689233973433,392.57083074031107,1.0,1.0,1.0,392.12,0.001149066032771985,0.0,0.001149066032771985,False,False,True,0,0,841.0,0.0,0.0,0.0,-0.0,0.0,255.0,0.0,0.0,0.0,-0.0,0.0,-0.0,-0.0,0.0,-0.8050000000000068,-0.006743622280751175,-0.0,-2.659999999999968,-0.006760732321315906,-0.0,0.0,0.0,0.0,0.0,0.0,0.0,0.0,0.0,0.0,0.0,0.0,0.0,0.0,0.0,1256.3433580555234,-433.50969333331705
468,2025-11-12,2025-11-13,1,118.97,116.0,392.12,382.02,3.2932758620689655,3.2993689233973433,3.298805971814448,382.72679511409183,1.0,1.0,1.0,382.02,0.0018484426998638837,0.0,0.0018484426998638837,False,False,True,0,0,864.0,0.0,0.0,0.0,-0.0,0.0,262.0,0.0,0.0,0.0,-0.0,0.0,-0.0,-0.0,0.0,-2.969999999999999,-0.02528116938206995,-0.0,-10.100000000000023,-0.026094952136536467,-0.0,0.0,0.0,0.0,0.0,0.0,0.0,0.0,0.0,0.0,0.0,0.0,0.0,0.0,0.0,1256.3433580555234,-433.50969333331705
469,2025-11-13,2025-11-14,1,116.0,115.445,382.02,379.75,3.2894451903503836,3.298805971814448,3.2984800059245787,380.83065541611893,1.0,1.0,1.0,379.75,0.002841660869541552,0.0,0.002841660869541552,False,False,True,0,0,868.0,0.0,0.0,0.0,-0.0,0.0,263.0,0.0,0.0,0.0,-0.0,0.0,-0.0,-0.0,0.0,-0.5550000000000068,-0.004795965035397858,-0.0,-2.269999999999982,-0.005959821781106641,-0.0,0.0,0.0,0.0,0.0,0.0,0.0,0.0,0.0,0.0,0.0,0.0,0.0,0.0,0.0,1256.3433580555234,-433.50969333331705
470,2025-11-14,2025-11-17,3,115.445,114.36,379.75,375.73,3.285501923749563,3.2984800059245787,3.2977898066998343,377.2141734775348,1.0,1.0,1.0,375.73,0.003942325213628024,0.0,0.003942325213628024,False,False,True,0,0,877.0,0.0,0.0,0.0,-0.0,0.0,266.0,0.0,0.0,0.0,-0.0,0.0,-0.0,-0.0,0.0,-1.0849999999999937,-0.009442858616855765,-0.0,-4.019999999999982,-0.010642341138973131,-0.0,0.0,0.0,0.0,0.0,0.0,0.0,0.0,0.0,0.0,0.0,0.0,0.0,0.0,0.0,1256.3433580555234,-433.50969333331705
471,2025-11-17,2025-11-18,1,114.36,112.25,375.73,369.35,3.290423162583519,3.2977898066998343,3.297227551357421,370.1769058020564,1.0,1.0,1.0,369.35,0.0022363111881062614,0.0,0.0022363111881062614,False,False,True,0,0,894.0,0.0,0.0,0.0,-0.0,0.0,271.0,0.0,0.0,0.0,-0.0,0.0,-0.0,-0.0,0.0,-2.1099999999999994,-0.018622840831747346,-0.0,-6.3799999999999955,-0.017126096362162255,-0.0,0.0,0.0,0.0,0.0,0.0,0.0,0.0,0.0,0.0,0.0,0.0,0.0,0.0,0.0,1256.3433580555234,-433.50969333331705
472,2025-11-18,2025-11-19,1,112.25,112.255,369.35,369.2,3.2889403590040533,3.297227551357421,3.29676517192035,370.13027877762727,1.0,1.0,1.0,369.2,0.0025165458396215986,0.0,0.0025165458396215986,False,False,True,0,0,894.0,0.0,0.0,0.0,-0.0,0.0,271.0,0.0,0.0,0.0,-0.0,0.0,-0.0,-0.0,0.0,0.0049999999999954525,4.4542437815055926e-05,0.0,-0.1500000000000341,-0.0004062013460497374,-0.0,0.0,0.0,0.0,0.0,0.0,0.0,0.0,0.0,0.0,0.0,0.0,0.0,0.0,0.0,1256.3433580555234,-433.50969333331705
473,2025-11-19,2025-11-20,1,112.255,110.58,369.2,362.96,3.2823295351781514,3.29676517192035,3.2956175634336313,364.55629271095233,1.0,1.0,1.0,362.96,0.004388342333137012,0.0,0.004388342333137012,False,False,True,0,0,910.0,0.0,0.0,0.0,-0.0,0.0,276.0,0.0,0.0,0.0,-0.0,0.0,-0.0,-0.0,0.0,-1.6749999999999972,-0.015033828150391752,-0.0,-6.240000000000009,-0.01704586727298861,-0.0,0.0,0.0,0.0,0.0,0.0,0.0,0.0,0.0,0.0,0.0,0.0,0.0,0.0,0.0,1256.3433580555234,-433.50969333331705
474,2025-11-20,2025-11-21,1,110.58,112.75,362.96,371.3,3.293126385809313,3.2956175634336313,3.294886354322178,371.58088027714194,1.0,1.0,1.0,371.3,0.0007561920032771122,0.0,0.0007561920032771122,False,False,True,0,0,887.0,0.0,0.0,0.0,-0.0,0.0,269.0,0.0,0.0,0.0,-0.0,0.0,-0.0,-0.0,0.0,2.1700000000000017,0.019433737473000756,0.0,8.340000000000032,0.022717725827326098,0.0,0.0,0.0,0.0,0.0,0.0,0.0,0.0,0.0,0.0,0.0,0.0,0.0,0.0,0.0,1256.3433580555234,-433.50969333331705
475,2025-11-21,2025-11-24,3,112.75,114.255,371.3,376.35,3.2939477484573985,3.294886354322178,3.2942942112987232,376.4572404130804,1.0,1.0,1.0,376.35,0.00028490802970208964,0.0,0.00028490802970208964,False,False,True,0,0,876.0,0.0,0.0,0.0,-0.0,0.0,266.0,0.0,0.0,0.0,-0.0,0.0,-0.0,-0.0,0.0,1.5049999999999955,0.013259814110073263,0.0,5.050000000000011,0.013509200297506697,0.0,0.0,0.0,0.0,0.0,0.0,0.0,0.0,0.0,0.0,0.0,0.0,0.0,0.0,0.0,1256.3433580555234,-433.50969333331705
476,2025-11-24,2025-11-25,1,114.255,116.7,376.35,385.26,3.301285347043702,3.2942942112987232,3.2940312828310523,384.444134458561,1.0,1.0,1.0,385.26,-0.00211994664044866,0.0,-0.00211994664044866,False,True,False,0,1,857.0,0.0,857.0,857.0,-0.0,857.0,260.0,0.0,-260.0,0.0,260.0,-260.0,-4.285,-1.3,-5.585,2.4450000000000074,0.021173746799649177,0.0,8.909999999999968,0.023398869553470907,0.0,0.0,0.0,0.0,0.0,0.0,0.0,0.0,0.0,0.0,0.0,0.0,0.0,0.0,-5.585,1250.7583580555233,-439.0946933333171
477,2025-11-25,2025-11-26,1,116.7,117.5,385.26,388.1,3.3029787234042556,3.2940312828310523,3.2942335328210435,387.04867573264863,1.0,1.0,1.0,388.1,-0.002712576167406145,0.0,-0.002712576167406145,False,True,False,1,1,850.0,857.0,850.0,0.0,7.0,-7.0,258.0,-260.0,-258.0,2.0,-0.0,2.0,-0.035,-0.01,-0.045000000000000005,0.7999999999999972,0.006831794291703272,685.5999999999975,2.840000000000032,0.007344607340848715,-738.4000000000083,-52.800000000010755,0.0,100011.90000000001,100011.90000000001,0.0,-100167.59999999999,0.0,-100167.59999999999,-2.782433333333333,-155.69999999998254,200179.5,-100167.59999999999,-2.782433333333333,-55.62743333334409,1195.1309247221793,-494.7221266666611
478,2025-11-26,2025-11-28,2,117.5,118.23,388.1,390.71,3.3046604076799455,3.2942335328210435,3.2946494409055758,389.477230585432,1.0,1.0,1.0,390.71,-0.0031601912776642645,0.0,-0.0031601912776642645,True,True,False,1,0,843.0,850.0,0.0,0.0,850.0,-850.0,256.0,-258.0,0.0,258.0,-0.0,258.0,-4.25,-1.29,-5.54,0.730000000000004,0.0061935462908084575,620.5000000000034,2.609999999999957,0.006702558444359122,-673.3799999999889,-52.87999999998544,0.0,99875.0,99875.0,0.0,-100129.8,0.0,-100129.8,-5.562766666666667,-254.8000000000029,200004.8,-100129.8,-5.562766666666667,-63.98276666665211,1131.1481580555271,-558.7048933333133
479,2025-11-28,2025-12-01,3,118.23,118.3,390.71,390.97,3.3049027895181746,3.2946494409055758,3.2951131858080673,389.7570288591296,1.0,1.0,1.0,390.97,-0.0031072886476177747,0.0,-0.0031072886476177747,False,True,False,0,1,843.0,0.0,843.0,843.0,-0.0,843.0,256.0,0.0,-256.0,0.0,256.0,-256.0,-4.215,-1.28,-5.495,0.06999999999999318,0.0005918911093189229,0.0,0.26000000000004775,0.0006652338798185676,0.0,0.0,0.0,0.0,0.0,0.0,0.0,0.0,0.0,0.0,0.0,0.0,0.0,0.0,-5.495,1125.6531580555272,-564.1998933333132
480,2025-12-01,2025-12-02,1,118.3,118.22,390.97,390.88,3.306377939434952,3.2951131858080673,3.2955423313552545,389.5482808262297,1.0,1.0,1.0,390.88,-0.0034127939723625537,0.0,-0.0034127939723625537,False,True,False,1,1,844.0,843.0,844.0,1.0,-0.0,1.0,256.0,-256.0,-256.0,0.0,-0.0,0.0,-0.005,-0.0,-0.005,-0.0799999999999983,-0.0006764755881176089,-67.43999999999856,-0.09000000000003183,-0.00023022318960812658,23.04000000000815,-44.39999999999041,0.0,99726.9,99726.9,0.0,-100088.32,0.0,-100088.32,-2.7802311111111115,-361.4200000000128,199815.22,-100088.32,-2.7802311111111115,-47.18523111110153,1078.4679269444257,-611.3851244444147
481,2025-12-02,2025-12-03,1,118.22,119.495,390.88,395.36,3.3085903175865097,3.2955423313552545,3.2961120890887954,393.80083088529614,1.0,1.0,1.0,395.36,-0.003951466120547586,0.0,-0.003951466120547586,False,True,False,1,1,834.0,844.0,834.0,0.0,10.0,-10.0,253.0,-256.0,-253.0,3.0,-0.0,3.0,-0.05,-0.015,-0.065,1.2750000000000057,0.010727234095798708,1076.100000000005,4.480000000000018,0.011396134730869582,-1146.8800000000047,-70.77999999999975,0.0,99777.68,99777.68,0.0,-100065.28,0.0,-100065.28,-2.779591111111111,-287.6000000000058,199842.96,-100065.28,-2.779591111111111,-73.62459111111086,1004.8433358333149,-685.0097155555255
482,2025-12-03,2025-12-04,1,119.495,119.07,395.36,393.7,3.3064583858234653,3.2961120890887954,3.296571488924232,392.46806644780287,1.0,1.0,1.0,393.7,-0.003134023405736789,0.0,-0.003134023405736789,False,True,False,1,1,837.0,834.0,837.0,3.0,-0.0,3.0,254.0,-253.0,-254.0,0.0,1.0,-1.0,-0.015,-0.005,-0.02,-0.42500000000001137,-0.0035629740289384675,-354.4500000000095,-1.660000000000025,-0.004207544290608187,419.9800000000063,65.52999999999685,0.0,99658.83,99658.83,0.0,-100026.08,0.0,-100026.08,-2.7785022222222224,-367.25,199684.91,-100026.08,-2.7785022222222224,62.73149777777463,1067.5748336110896,-622.2782177777508
483,2025-12-04,2025-12-05,1,119.07,119.73,393.7,395.02,3.2992566608201783,3.296571488924232,3.2968861415754156,394.6985043688983,1.0,1.0,1.0,395.02,-0.0008142031548806113,0.0,-0.0008142031548806113,False,False,True,1,0,834.0,837.0,0.0,0.0,837.0,-837.0,253.0,-254.0,0.0,254.0,-0.0,254.0,-4.1850000000000005,-1.27,-5.455,0.6600000000000108,0.005527652265668561,552.420000000009,1.3199999999999932,0.0033471985810198794,-335.27999999999827,217.1400000000108,0.0,99661.59,99661.59,0.0,-99999.8,0.0,-99999.8,-2.7777722222222225,-338.2100000000064,199661.39,-99999.8,-2.7777722222222225,208.90722777778856,1276.4820613888783,-413.37098999996215
484,2025-12-05,2025-12-08,3,119.73,117.99,395.02,390.14,3.3065514026612424,3.2968861415754156,3.2973362420230705,388.9995958444833,1.0,1.0,1.0,390.14,-0.002927344409077221,0.0,-0.002927344409077221,False,True,False,0,1,844.0,0.0,844.0,844.0,-0.0,844.0,256.0,0.0,-256.0,0.0,256.0,-256.0,-4.22,-1.28,-5.5,-1.740000000000009,-0.014639332616924466,-0.0,-4.8799999999999955,-0.012430747463925064,-0.0,0.0,0.0,0.0,0.0,0.0,0.0,0.0,0.0,0.0,0.0,0.0,0.0,0.0,-5.5,1270.9820613888783,-418.87098999996215
485,2025-12-08,2025-12-09,1,117.99,117.98,390.14,390.83,3.312680115273775,3.2973362420230705,3.2981351289384166,389.01972983388185,1.0,1.0,1.0,390.83,-0.0046426211317379725,0.0,-0.0046426211317379725,False,True,False,1,1,844.0,844.0,844.0,0.0,-0.0,0.0,256.0,-256.0,-256.0,0.0,-0.0,0.0,-0.0,-0.0,0.0,-0.009999999999990905,-8.475653689854402e-05,-8.439999999992324,0.6899999999999977,0.0017670337645196309,-176.63999999999942,-185.07999999999174,0.0,99583.56,99583.56,0.0,-99875.84,0.0,-99875.84,-2.774328888888889,-292.27999999999884,199459.4,-99875.84,-2.774328888888889,-187.85432888888064,1083.1277324999976,-606.7253188888428
486,2025-12-09,2025-12-10,1,117.98,119.71,390.83,396.67,3.313591178681815,3.2981351289384166,3.2990140199534927,394.81975628521786,1.0,1.0,1.0,396.67,-0.004675353206911565,0.0,-0.004675353206911565,False,True,False,1,1,831.0,844.0,831.0,0.0,13.0,-13.0,252.0,-256.0,-252.0,4.0,-0.0,4.0,-0.065,-0.02,-0.085,1.7299999999999898,0.01455703268834912,1460.1199999999913,5.840000000000032,0.014832017932195758,-1495.0400000000081,-34.9200000000169,0.0,99575.12000000001,99575.12000000001,0.0,-100052.48,0.0,-100052.48,-2.7792355555555557,-477.35999999998603,199627.6,-100052.48,-2.7792355555555557,-37.78423555557246,1045.3434969444252,-644.5095544444152
487,2025-12-10,2025-12-11,1,119.71,120.18,396.67,398.33,3.3144449991679146,3.2990140199534927,3.299938421714864,396.47550491801076,1.0,1.0,1.0,398.33,-0.004666546559893882,0.0,-0.004666546559893882,False,True,False,1,1,828.0,831.0,828.0,0.0,3.0,-3.0,251.0,-252.0,-251.0,1.0,-0.0,1.0,-0.015,-0.005,-0.02,0.4700000000000131,0.003918467642503597,390.57000000001085,1.6599999999999682,0.00417610669814905,-418.319999999992,-27.749999999981128,0.0,99479.01,99479.01,0.0,-99960.84000000001,0.0,-99960.84000000001,-2.7766900000000003,-481.8300000000163,199439.85,-99960.84000000001,-2.7766900000000003,-30.546689999981126,1014.796806944444,-675.0562444443964
488,2025-12-11,2025-12-12,1,120.18,120.7,398.33,398.95,3.305302402651201,3.299938421714864,3.300539748743975,398.3025675009841,1.0,1.0,1.0,398.95,-0.0016241594388760189,0.0,-0.0016241594388760189,False,True,False,1,1,828.0,828.0,828.0,0.0,-0.0,0.0,251.0,-251.0,-251.0,0.0,-0.0,0.0,-0.0,-0.0,0.0,0.519999999999996,0.004317509197703907,430.5599999999967,0.6200000000000045,0.0015552882926391008,-155.62000000000114,274.93999999999556,0.0,99509.04000000001,99509.04000000001,0.0,-99980.83,0.0,-99980.83,-2.777245277777778,-471.7899999999936,199489.87,-99980.83,-2.777245277777778,272.1627547222178,1286.9595616666618,-402.89348972217863
489,2025-12-12,2025-12-15,3,120.7,121.73,398.95,401.03,3.294422081656124,3.300539748743975,3.300788593309263,401.7747036146041,1.0,1.0,1.0,401.03,0.0018552552690715163,0.0,0.0018552552690715163,False,False,True,1,0,822.0,828.0,0.0,0.0,828.0,-828.0,249.0,-251.0,0.0,251.0,-0.0,251.0,-4.14,-1.2550000000000001,-5.395,1.0300000000000011,0.008497349318019062,852.8400000000009,2.079999999999984,0.005200141721509699,-522.0799999999961,330.7600000000049,0.0,99939.6,99939.6,0.0,-100136.45,0.0,-100136.45,-8.344704166666666,-196.84999999999127,200076.05,-100136.45,-8.344704166666666,317.02029583333825,1603.9798575,-85.87319388884043
490,2025-12-15,2025-12-16,1,121.73,121.93,401.03,401.62,3.2938571311408182,3.300788593309263,3.3012063536788254,402.46515318219843,1.0,1.0,1.0,401.62,0.0021021492315422686,0.0,0.0021021492315422686,False,False,True,0,0,822.0,0.0,0.0,0.0,-0.0,0.0,249.0,0.0,0.0,0.0,-0.0,0.0,-0.0,-0.0,0.0,0.20000000000000284,0.0016416321506684565,0.0,0.5900000000000318,0.0014701304585139135,0.0,0.0,0.0,0.0,0.0,0.0,0.0,0.0,0.0,0.0,0.0,0.0,0.0,0.0,0.0,1603.9798575,-85.87319388884043
491,2025-12-16,2025-12-17,1,121.93,120.52,401.62,396.88,3.293063391968138,3.3012063536788254,3.301338365148056,397.86138974537204,1.0,1.0,1.0,396.88,0.0024697096611913834,0.0,0.0024697096611913834,False,False,True,0,0,832.0,0.0,0.0,0.0,-0.0,0.0,252.0,0.0,0.0,0.0,-0.0,0.0,-0.0,-0.0,0.0,-1.4100000000000108,-0.01163139531007296,-0.0,-4.740000000000009,-0.011872399941520288,-0.0,0.0,0.0,0.0,0.0,0.0,0.0,0.0,0.0,0.0,0.0,0.0,0.0,0.0,0.0,1603.9798575,-85.87319388884043
492,2025-12-17,2025-12-18,1,120.52,122.34,396.88,402.53,3.2902566617623012,3.301338365148056,3.3014041802859686,403.8857355922132,1.0,1.0,1.0,402.53,0.003362377021323102,0.0,0.003362377021323102,False,False,True,0,0,819.0,0.0,0.0,0.0,-0.0,0.0,248.0,0.0,0.0,0.0,-0.0,0.0,-0.0,-0.0,0.0,1.8200000000000074,0.01498833955231834,0.0,5.649999999999977,0.014135660249782743,0.0,0.0,0.0,0.0,0.0,0.0,0.0,0.0,0.0,0.0,0.0,0.0,0.0,0.0,0.0,1603.9798575,-85.87319388884043
493,2025-12-18,2025-12-19,1,122.34,121.85,402.53,401.62,3.296019696347969,3.3014041802859686,3.3020886883444596,402.27609936784523,1.0,1.0,1.0,401.62,0.0016322992835445225,0.0,0.0016322992835445225,False,False,True,0,0,822.0,0.0,0.0,0.0,-0.0,0.0,249.0,0.0,0.0,0.0,-0.0,0.0,-0.0,-0.0,0.0,-0.4900000000000091,-0.00401327374320367,-0.0,-0.9099999999999682,-0.0022632603082624334,-0.0,0.0,0.0,0.0,0.0,0.0,0.0,0.0,0.0,0.0,0.0,0.0,0.0,0.0,0.0,1603.9798575,-85.87319388884043
494,2025-12-19,2025-12-22,3,121.85,122.34,401.62,403.53,3.2984306032368806,3.3020886883444596,3.302353899215838,403.9775301320612,1.0,1.0,1.0,403.53,0.0011084235407879959,0.0,0.0011084235407879959,False,False,True,0,0,819.0,0.0,0.0,0.0,-0.0,0.0,248.0,0.0,0.0,0.0,-0.0,0.0,-0.0,-0.0,0.0,0.4900000000000091,0.004013273743203583,0.0,1.9099999999999682,0.004744466454286182,0.0,0.0,0.0,0.0,0.0,0.0,0.0,0.0,0.0,0.0,0.0,0.0,0.0,0.0,0.0,1603.9798575,-85.87319388884043
495,2025-12-22,2025-12-23,1,122.34,122.17,403.53,402.53,3.2948350658917898,3.302353899215838,3.3023982650875574,403.44857586719894,1.0,1.0,1.0,402.53,0.002279406158979917,0.0,0.002279406158979917,False,False,True,0,0,819.0,0.0,0.0,0.0,-0.0,0.0,248.0,0.0,0.0,0.0,-0.0,0.0,-0.0,-0.0,0.0,-0.1700000000000017,-0.0013905363984503048,-0.0,-1.0,-0.0024812061460236763,-0.0,0.0,0.0,0.0,0.0,0.0,0.0,0.0,0.0,0.0,0.0,0.0,0.0,0.0,0.0,1603.9798575,-85.87319388884043
496,2025-12-23,2025-12-24,1,122.17,122.59,402.53,403.8,3.2939065176604942,3.3023982650875574,3.3020293236183975,404.8410033170837,1.0,1.0,1.0,403.8,0.0025746997441082665,0.0,0.0025746997441082665,False,False,True,0,0,819.0,0.0,0.0,0.0,-0.0,0.0,248.0,0.0,0.0,0.0,-0.0,0.0,-0.0,-0.0,0.0,0.4200000000000017,0.0034319366909345075,0.0,1.2700000000000387,0.003150077636161036,0.0,0.0,0.0,0.0,0.0,0.0,0.0,0.0,0.0,0.0,0.0,0.0,0.0,0.0,0.0,1603.9798575,-85.87319388884043
497,2025-12-24,2025-12-26,2,122.59,122.05,403.8,402.5,3.2978287587054487,3.3020293236183975,3.301771825383457,403.01267894762543,1.0,1.0,1.0,402.5,0.0012729260016649448,0.0,0.0012729260016649448,False,False,True,0,0,819.0,0.0,0.0,0.0,-0.0,0.0,248.0,0.0,0.0,0.0,-0.0,0.0,-0.0,-0.0,0.0,-0.5400000000000063,-0.004414657267933844,-0.0,-1.3000000000000114,-0.0032246090201190486,-0.0,0.0,0.0,0.0,0.0,0.0,0.0,0.0,0.0,0.0,0.0,0.0,0.0,0.0,0.0,1603.9798575,-85.87319388884043
498,2025-12-26,2025-12-29,3,122.05,120.85,402.5,398.53,3.2977244517997515,3.301771825383457,3.301425027589447,399.0191250975908,1.0,1.0,1.0,398.53,0.0012265706111935664,0.0,0.0012265706111935664,False,False,True,0,0,829.0,0.0,0.0,0.0,-0.0,0.0,251.0,0.0,0.0,0.0,-0.0,0.0,-0.0,-0.0,0.0,-1.2000000000000028,-0.009880689689477059,-0.0,-3.9700000000000273,-0.009912319153261698,-0.0,0.0,0.0,0.0,0.0,0.0,0.0,0.0,0.0,0.0,0.0,0.0,0.0,0.0,0.0,1603.9798575,-85.87319388884043
499,2025-12-29,2025-12-30,1,120.85,120.36,398.53,396.95,3.298022598870056,3.301425027589447,3.3010810180570416,397.3595163206658,1.0,1.0,1.0,396.95,0.0010311253951647405,0.0,0.0010311253951647405,False,False,True,0,0,832.0,0.0,0.0,0.0,-0.0,0.0,252.0,0.0,0.0,0.0,-0.0,0.0,-0.0,-0.0,0.0,-0.4899999999999949,-0.004062855387647474,-0.0,-1.579999999999984,-0.00397244953423393,-0.0,0.0,0.0,0.0,0.0,0.0,0.0,0.0,0.0,0.0,0.0,0.0,0.0,0.0,0.0,1603.9798575,-85.87319388884043
500,2025-12-30,2025-12-31,1,120.36,119.41,396.95,393.92,3.298886190436312,3.3010810180570416,3.3007064306071094,394.1820843661913,1.0,1.0,1.0,393.92,0.0006651026080292051,0.0,0.0006651026080292051,True,False,True,0,0,838.0,0.0,0.0,0.0,-0.0,0.0,254.0,0.0,0.0,0.0,-0.0,0.0,-0.0,-0.0,0.0,-0.9500000000000028,-0.007924302216551278,-0.0,-3.0299999999999727,-0.007662485175033648,-0.0,0.0,0.0,0.0,0.0,0.0,0.0,0.0,0.0,0.0,0.0,0.0,0.0,0.0,0.0,1603.9798575,-85.87319388884043
501,2025-12-31,2026-01-02,2,119.41,118.35,393.92,391.65,3.3092522179974653,3.3007064306071094,3.3007395256276566,390.63860606235136,1.0,1.0,1.0,391.65,-0.002585732409565374,0.0,-0.002585732409565374,False,True,False,0,1,842.0,0.0,842.0,842.0,-0.0,842.0,255.0,0.0,-255.0,0.0,255.0,-255.0,-4.21,-1.2750000000000001,-5.485,-1.0600000000000023,-0.008916613585300326,-0.0,-2.2700000000000387,-0.005779259182841217,-0.0,0.0,0.0,0.0,0.0,0.0,0.0,0.0,0.0,0.0,0.0,0.0,0.0,0.0,-5.485,1598.4948575,-91.35819388884033
502,2026-01-02,2026-01-05,3,118.35,120.3,391.65,398.68,3.31404821280133,3.3007395256276566,3.3011190169765507,397.07896493300706,1.0,1.0,1.0,398.68,-0.004023925077497657,0.0,-0.004023925077497657,False,True,False,1,1,828.0,842.0,828.0,0.0,14.0,-14.0,251.0,-255.0,-251.0,4.0,-0.0,4.0,-0.07,-0.02,-0.09000000000000001,1.9500000000000028,0.01634228702064021,1641.9000000000024,7.03000000000003,0.017790506286007934,-1792.6500000000076,-150.75000000000523,0.0,99650.7,99650.7,0.0,-99870.75,0.0,-99870.75,-8.3225625,-220.0500000000029,199521.45,-99870.75,-8.3225625,-159.16256250000524,1439.332294999995,-250.52075638884548
503,2026-01-05,2026-01-06,1,120.3,121.07,398.68,402.37,3.32344924423887,3.3011190169765507,3.3023286461474846,399.66647938535095,1.0,1.0,1.0,402.37,-0.0067416655569327525,0.0,-0.0067416655569327525,False,True,False,1,1,822.0,828.0,822.0,0.0,6.0,-6.0,249.0,-251.0,-249.0,2.0,-0.0,2.0,-0.03,-0.01,-0.04,0.769999999999996,0.0063802677390156146,637.5599999999968,3.6899999999999977,0.009212973223187912,-926.1899999999994,-288.6300000000026,0.0,99608.4,99608.4,0.0,-100068.68000000001,0.0,-100068.68000000001,-2.7796855555555555,-460.2800000000134,199677.08000000002,-100068.68000000001,-2.7796855555555555,-291.4496855555582,1147.8826094444366,-541.9704419444038
504,2026-01-06,2026-01-07,1,121.07,120.9,402.37,400.78,3.314971050454921,3.3023286461474846,3.302749628537169,399.25153331923093,1.0,1.0,1.0,400.78,-0.003821020739237676,0.0,-0.003821020739237676,False,True,False,1,1,826.0,822.0,826.0,4.0,-0.0,4.0,250.0,-249.0,-250.0,0.0,1.0,-1.0,-0.02,-0.005,-0.025,-0.1699999999999875,-0.001405133098901864,-139.73999999998972,-1.5900000000000318,-0.003959414996445527,395.9100000000079,256.1700000000182,0.0,99519.54,99519.54,0.0,-100190.13,0.0,-100190.13,-2.783059166666667,-670.5900000000111,199709.66999999998,-100190.13,-2.783059166666667,253.36194083335155,1401.2445502777882,-288.6085011110522
505,2026-01-07,2026-01-08,1,120.9,122.92,400.78,408.02,3.3193947282785548,3.302749628537169,3.3030853591874076,405.9739843397888,1.0,1.0,1.0,408.02,-0.005027113242747713,0.0,-0.005027113242747713,False,True,False,1,1,809.0,826.0,809.0,0.0,17.0,-17.0,245.0,-250.0,-245.0,5.0,-0.0,5.0,-0.085,-0.025,-0.11000000000000001,2.019999999999996,0.016569979641536788,1668.5199999999968,7.240000000000009,0.01790354448458529,-1810.0000000000023,-141.48000000000548,0.0,99863.40000000001,99863.40000000001,0.0,-100195.0,0.0,-100195.0,-2.7831944444444447,-331.59999999999127,200058.40000000002,-100195.0,-2.7831944444444447,-144.37319444444992,1256.8713558333384,-432.98169555550203
506,2026-01-08,2026-01-09,1,122.92,124.41,408.02,412.7,3.3172574551884897,3.3030853591874076,3.3032686730127416,410.93684953650535,1.0,1.0,1.0,412.7,-0.004281384830549969,0.0,-0.004281384830549969,False,True,False,1,1,799.0,809.0,799.0,0.0,10.0,-10.0,242.0,-245.0,-242.0,3.0,-0.0,3.0,-0.05,-0.015,-0.065,1.4899999999999949,0.012048825664115694,1205.4099999999958,4.680000000000007,0.011404743947953063,-1146.6000000000017,58.809999999994034,0.0,99442.28,99442.28,0.0,-99964.9,0.0,-99964.9,-2.7768027777777777,-522.6199999999953,199407.18,-99964.9,-2.7768027777777777,55.96819722221626,1312.8395530555547,-377.0134983332857
507,2026-01-09,2026-01-12,3,124.41,124.52,412.7,412.4,3.311917764214584,3.3032686730127416,3.303142311265075,411.3230151635466,1.0,1.0,1.0,412.4,-0.002614921351747462,0.0,-0.002614921351747462,False,True,False,1,1,799.0,799.0,799.0,0.0,-0.0,0.0,242.0,-242.0,-242.0,0.0,-0.0,0.0,-0.0,-0.0,0.0,0.10999999999999943,0.0008837826470076939,87.88999999999955,-0.30000000000001137,-0.0007271846157313352,72.60000000000275,160.49000000000228,0.0,99403.59,99403.59,0.0,-99873.4,0.0,-99873.4,-8.322783333333332,-469.8099999999977,199276.99,-99873.4,-8.322783333333332,152.16721666666896,1465.0067697222237,-224.84628166661673
508,2026-01-12,2026-01-13,1,124.52,124.21,412.4,411.41,3.3122131873440144,3.303142311265075,3.303487850499716,410.28330648223493,1.0,1.0,1.0,411.41,-0.0027423716732130616,0.0,-0.0027423716732130616,False,True,False,1,1,803.0,799.0,803.0,4.0,-0.0,4.0,243.0,-242.0,-243.0,0.0,1.0,-1.0,-0.02,-0.005,-0.025,-0.3100000000000023,-0.0024926640173050575,-247.69000000000182,-0.9899999999999523,-0.0024034679758056293,239.57999999998844,-8.110000000013372,0.0,99491.48,99491.48,0.0,-99800.79999999999,0.0,-99800.79999999999,-2.772244444444444,-309.31999999999243,199292.27999999997,-99800.79999999999,-2.772244444444444,-10.907244444457817,1454.099525277766,-235.7535261110745
509,2026-01-13,2026-01-14,1,124.21,122.25,411.41,405.63,3.318036809815951,3.303487850499716,3.3046685869077073,403.8513897235903,1.0,1.0,1.0,405.63,-0.004394450968846255,0.0,-0.004394450968846255,False,True,False,1,1,816.0,803.0,816.0,13.0,-0.0,13.0,247.0,-243.0,-247.0,0.0,4.0,-4.0,-0.065,-0.02,-0.085,-1.9599999999999937,-0.015905553201120956,-1573.8799999999949,-5.78000000000003,-0.014148870128222886,1404.5400000000072,-169.33999999998764,0.0,99740.62999999999,99740.62999999999,0.0,-99972.63,0.0,-99972.63,-2.7770175,-232.00000000001455,199713.26,-99972.63,-2.7770175,-172.20201749998765,1281.8975077777782,-407.95554361106224
510,2026-01-14,2026-01-15,1,122.25,122.7,405.63,407.85,3.323960880195599,3.3046685869077073,3.3061737743604462,405.4828356135757,1.0,1.0,1.0,407.85,-0.005820916030110094,0.0,-0.005820916030110094,False,True,False,1,1,810.0,816.0,810.0,0.0,6.0,-6.0,245.0,-247.0,-245.0,2.0,-0.0,2.0,-0.03,-0.01,-0.04,0.45000000000000284,0.0036742233618843254,367.2000000000023,2.2200000000000273,0.005458045707813165,-548.3400000000067,-181.14000000000442,0.0,99756.0,99756.0,0.0,-100190.61,0.0,-100190.61,-2.7830725000000003,-434.6100000000006,199946.61,-100190.61,-2.7830725000000003,-183.96307250000442,1097.9344352777737,-591.9186161110667
511,2026-01-15,2026-01-16,1,122.7,122.3,407.85,406.17,3.321095666394113,3.3061737743604462,3.3075753880817444,404.34505260428256,1.0,1.0,1.0,406.17,-0.004503187137154769,0.0,-0.004503187137154769,False,True,False,1,1,813.0,810.0,813.0,3.0,-0.0,3.0,246.0,-245.0,-246.0,0.0,1.0,-1.0,-0.015,-0.005,-0.02,-0.4000000000000057,-0.0032653090237390967,-324.0000000000046,-1.6800000000000068,-0.004127668571460183,411.60000000000167,87.59999999999707,0.0,99387.0,99387.0,0.0,-99923.25,0.0,-99923.25,-2.7756458333333334,-536.25,199310.25,-99923.25,-2.7756458333333334,84.80435416666374,1182.7387894444373,-507.1142619444031
512,2026-01-16,2026-01-20,4,122.3,119.12,406.17,395.47,3.3199294828744126,3.3075753880817444,3.3090590291373503,393.99838022829744,1.0,1.0,1.0,395.47,-0.003728132786716697,0.0,-0.003728132786716697,False,True,False,1,1,837.0,813.0,837.0,24.0,-0.0,24.0,253.0,-246.0,-253.0,0.0,7.0,-7.0,-0.12,-0.035,-0.155,-3.1799999999999926,-0.026345654317373117,-2585.339999999994,-10.699999999999989,-0.02669686019462106,2632.199999999997,46.86000000000331,0.0,99429.9,99429.9,0.0,-99917.82,0.0,-99917.82,-11.101980000000001,-487.9200000000128,199347.72,-99917.82,-11.101980000000001,35.60302000000331,1218.3418094444405,-471.5112419443999
513,2026-01-20,2026-01-21,1,119.12,121.4,395.47,402.95,3.3191927512355845,3.3090590291373503,3.3102176818817313,401.71976613727435,1.0,1.0,1.0,402.95,-0.0030577383991053204,0.0,-0.0030577383991053204,False,True,False,1,1,821.0,837.0,821.0,0.0,16.0,-16.0,248.0,-253.0,-248.0,5.0,-0.0,5.0,-0.08,-0.025,-0.10500000000000001,2.280000000000001,0.01895949024964435,1908.360000000001,7.479999999999961,0.018737553790012174,-1892.4399999999903,15.92000000001076,0.0,99703.44,99703.44,0.0,-100053.91,0.0,-100053.91,-2.779275277777778,-350.47000000000116,199757.35,-100053.91,-2.779275277777778,13.035724722232981,1231.3775341666735,-458.4755172221669
514,2026-01-21,2026-01-22,1,121.4,122.62,402.95,406.49,3.31503832979938,3.3102176818817313,3.311048068209856,405.8988921523379,1.0,1.0,1.0,406.49,-0.0014552339592237573,0.0,-0.0014552339592237573,False,True,False,1,1,814.0,821.0,814.0,0.0,7.0,-7.0,246.0,-248.0,-246.0,2.0,-0.0,2.0,-0.035,-0.01,-0.045000000000000005,1.2199999999999989,0.00999926370914388,1001.6199999999991,3.5400000000000205,0.008746843668751426,-877.9200000000051,123.69999999999402,0.0,99669.40000000001,99669.40000000001,0.0,-99931.59999999999,0.0,-99931.59999999999,-2.7758777777777777,-262.19999999998254,199601.0,-99931.59999999999,-2.7758777777777777,120.87912222221624,1352.2566563888897,-337.5963949999507
515,2026-01-22,2026-01-23,1,122.62,123.13,406.49,406.77,3.3035815804434336,3.311048068209856,3.3114853939374385,407.6893486386796,1.0,1.0,1.0,406.77,0.002257568853940166,0.0,0.002257568853940166,False,False,True,1,0,815.0,814.0,0.0,0.0,814.0,-814.0,246.0,-246.0,0.0,246.0,-0.0,246.0,-4.07,-1.23,-5.300000000000001,0.5099999999999909,0.004150565470238252,415.1399999999926,0.2799999999999727,0.0006885867030555515,-68.87999999999329,346.2599999999993,0.0,99812.68000000001,99812.68000000001,0.0,-99996.54000000001,0.0,-99996.54000000001,-2.777681666666667,-183.86000000000058,199809.22000000003,-99996.54000000001,-2.777681666666667,338.1823183333326,1690.4389747222224,0.0
516,2026-01-23,2026-01-26,3,123.13,122.32,406.77,404.07,3.3033845650752127,3.3114853939374385,3.3119592963081743,405.06089338642744,1.0,1.0,1.0,404.07,0.0024492795662317333,0.0,0.0024492795662317333,False,False,True,0,0,818.0,0.0,0.0,0.0,-0.0,0.0,247.0,0.0,0.0,0.0,-0.0,0.0,-0.0,-0.0,0.0,-0.8100000000000023,-0.006600146183973224,-0.0,-2.6999999999999886,-0.006659784863494349,-0.0,0.0,0.0,0.0,0.0,0.0,0.0,0.0,0.0,0.0,0.0,0.0,0.0,0.0,0.0,1690.4389747222224,0.0
517,2026-01-26,2026-01-27,1,122.32,122.69,404.07,404.9,3.300187464341022,3.3119592963081743,3.312077231589953,406.3442860640499,1.0,1.0,1.0,404.9,0.0035606724504450545,0.0,0.0035606724504450545,False,False,True,0,0,818.0,0.0,0.0,0.0,-0.0,0.0,247.0,0.0,0.0,0.0,-0.0,0.0,-0.0,-0.0,0.0,0.37000000000000455,0.0030202871822846405,0.0,0.8299999999999841,0.0020519927592822784,0.0,0.0,0.0,0.0,0.0,0.0,0.0,0.0,0.0,0.0,0.0,0.0,0.0,0.0,0.0,1690.4389747222224,0.0
518,2026-01-27,2026-01-28,1,122.69,121.77,404.9,401.76,3.2993348115299335,3.312077231589953,3.312157749576462,403.31164449070855,1.0,1.0,1.0,401.76,0.003854679077550589,0.0,0.003854679077550589,False,False,True,0,0,825.0,0.0,0.0,0.0,-0.0,0.0,249.0,0.0,0.0,0.0,-0.0,0.0,-0.0,-0.0,0.0,-0.9200000000000017,-0.007526829284175466,-0.0,-3.1399999999999864,-0.007785227628840576,-0.0,0.0,0.0,0.0,0.0,0.0,0.0,0.0,0.0,0.0,0.0,0.0,0.0,0.0,0.0,1690.4389747222224,0.0
519,2026-01-28,2026-01-29,1,121.77,121.19,401.76,400.01,3.3006848749896855,3.312157749576462,3.3122908633824437,401.4003976711714,1.0,1.0,1.0,400.01,0.00346988027670166,0.0,0.00346988027670166,False,False,True,0,0,828.0,0.0,0.0,0.0,-0.0,0.0,250.0,0.0,0.0,0.0,-0.0,0.0,-0.0,-0.0,0.0,-0.5799999999999983,-0.0047744575385199745,-0.0,-1.75,-0.004365348613787668,-0.0,0.0,0.0,0.0,0.0,0.0,0.0,0.0,0.0,0.0,0.0,0.0,0.0,0.0,0.0,1690.4389747222224,0.0
520,2026-01-29,2026-01-30,1,121.19,121.17,400.01,399.19,3.294462325658166,3.3122908633824437,3.3120696701435364,401.3502839160507,1.0,1.0,1.0,399.19,0.005397077956629093,0.0,0.005397077956629093,True,False,True,0,0,831.0,0.0,0.0,0.0,-0.0,0.0,251.0,0.0,0.0,0.0,-0.0,0.0,-0.0,-0.0,0.0,-0.01999999999999602,-0.00016504373696481545,-0.0,-0.8199999999999932,-0.0020520527721376402,-0.0,0.0,0.0,0.0,0.0,0.0,0.0,0.0,0.0,0.0,0.0,0.0,0.0,0.0,0.0,1690.4389747222224,0.0
521,2026-01-30,2026-02-02,3,121.17,121.97,399.19,401.93,3.295318520947774,3.3120696701435364,3.311372985291052,403.9731376674071,1.0,1.0,1.0,401.93,0.005070440724759729,0.0,0.005070440724759729,False,False,True,0,0,825.0,0.0,0.0,0.0,-0.0,0.0,249.0,0.0,0.0,0.0,-0.0,0.0,-0.0,-0.0,0.0,0.7999999999999972,0.006580594611715743,0.0,2.740000000000009,0.00684045008016179,0.0,0.0,0.0,0.0,0.0,0.0,0.0,0.0,0.0,0.0,0.0,0.0,0.0,0.0,0.0,1690.4389747222224,0.0
522,2026-02-02,2026-02-03,1,121.97,120.99,401.93,399.12,3.298785023555666,3.311372985291052,3.310609825828769,400.64301749036434,1.0,1.0,1.0,399.12,0.0038086765657645693,0.0,0.0038086765657645693,False,False,True,0,0,831.0,0.0,0.0,0.0,-0.0,0.0,251.0,0.0,0.0,0.0,-0.0,0.0,-0.0,-0.0,0.0,-0.980000000000004,-0.008067215301760456,-0.0,-2.8100000000000023,-0.007015820550729304,-0.0,0.0,0.0,0.0,0.0,0.0,0.0,0.0,0.0,0.0,0.0,0.0,0.0,0.0,0.0,1690.4389747222224,0.0
523,2026-02-03,2026-02-04,1,120.99,120.1,399.12,397.51,3.309825145711907,3.310609825828769,3.30992862090242,397.6042400820351,1.0,1.0,1.0,397.51,0.00023704790513295342,0.0,0.00023704790513295342,False,False,True,0,0,834.0,0.0,0.0,0.0,-0.0,0.0,252.0,0.0,0.0,0.0,-0.0,0.0,-0.0,-0.0,0.0,-0.8900000000000006,-0.007383168467448593,-0.0,-1.6100000000000136,-0.004042032542128873,-0.0,0.0,0.0,0.0,0.0,0.0,0.0,0.0,0.0,0.0,0.0,0.0,0.0,0.0,0.0,1690.4389747222224,0.0
524,2026-02-04,2026-02-05,1,120.1,117.51,397.51,388.59,3.3068675006382433,3.30992862090242,3.309523443411586,388.9497122422434,1.0,1.0,1.0,388.59,0.0009252576099774145,0.0,0.0009252576099774145,False,False,True,0,0,851.0,0.0,0.0,0.0,-0.0,0.0,257.0,0.0,0.0,0.0,-0.0,0.0,-0.0,-0.0,0.0,-2.589999999999989,-0.021801292740088102,-0.0,-8.920000000000016,-0.02269528780037889,-0.0,0.0,0.0,0.0,0.0,0.0,0.0,0.0,0.0,0.0,0.0,0.0,0.0,0.0,0.0,1690.4389747222224,0.0
525,2026-02-05,2026-02-06,1,117.51,117.99,388.59,390.37,3.3085007204000343,3.309523443411586,3.30897874301766,390.490671088133,1.0,1.0,1.0,390.37,0.0003090720113369706,0.0,0.0003090720113369706,False,False,True,0,0,847.0,0.0,0.0,0.0,-0.0,0.0,256.0,0.0,0.0,0.0,-0.0,0.0,-0.0,-0.0,0.0,0.47999999999998977,0.004076438765978088,0.0,1.7800000000000296,0.0045702041136966,0.0,0.0,0.0,0.0,0.0,0.0,0.0,0.0,0.0,0.0,0.0,0.0,0.0,0.0,0.0,1690.4389747222224,0.0
526,2026-02-06,2026-02-09,3,117.99,117.55,390.37,389.46,3.313143343258188,3.30897874301766,3.3087730374211453,388.9704512417259,1.0,1.0,1.0,389.46,-0.0012577843583402208,0.0,-0.0012577843583402208,False,False,False,0,0,850.0,0.0,0.0,0.0,-0.0,0.0,257.0,0.0,0.0,0.0,-0.0,0.0,-0.0,-0.0,0.0,-0.4399999999999977,-0.0037361001257493155,-0.0,-0.910000000000025,-0.0023338430505386253,-0.0,0.0,0.0,0.0,0.0,0.0,0.0,0.0,0.0,0.0,0.0,0.0,0.0,0.0,0.0,1690.4389747222224,0.0
527,2026-02-09,2026-02-10,1,117.55,118.33,389.46,391.68,3.3100650722555565,3.3087730374211453,3.3086804028231938,391.52711351804413,1.0,1.0,1.0,391.68,-0.0003904113771670336,0.0,-0.0003904113771670336,False,False,True,0,0,844.0,0.0,0.0,0.0,-0.0,0.0,255.0,0.0,0.0,0.0,-0.0,0.0,-0.0,-0.0,0.0,0.7800000000000011,0.0066135564103890375,0.0,2.2200000000000273,0.005684015610474542,0.0,0.0,0.0,0.0,0.0,0.0,0.0,0.0,0.0,0.0,0.0,0.0,0.0,0.0,0.0,1690.4389747222224,0.0
528,2026-02-10,2026-02-11,1,118.33,117.76,391.68,389.62,3.30859375,3.3086804028231938,3.308499430955993,389.6302042364593,1.0,1.0,1.0,389.62,2.6189884595102944e-05,0.0,2.6189884595102944e-05,False,False,True,0,0,850.0,0.0,0.0,0.0,-0.0,0.0,257.0,0.0,0.0,0.0,-0.0,0.0,-0.0,-0.0,0.0,-0.5699999999999932,-0.004828676415901297,-0.0,-2.0600000000000023,-0.005273274730848499,-0.0,0.0,0.0,0.0,0.0,0.0,0.0,0.0,0.0,0.0,0.0,0.0,0.0,0.0,0.0,1690.4389747222224,0.0
529,2026-02-11,2026-02-12,1,117.76,116.13,389.62,383.44,3.3018169293033672,3.308499430955993,3.307688436930364,384.21603891691944,1.0,1.0,1.0,383.44,0.0020218408816912955,0.0,0.0020218408816912955,False,False,True,0,0,864.0,0.0,0.0,0.0,-0.0,0.0,261.0,0.0,0.0,0.0,-0.0,0.0,-0.0,-0.0,0.0,-1.6300000000000097,-0.013938401722899783,-0.0,-6.180000000000007,-0.015988750301682224,-0.0,0.0,0.0,0.0,0.0,0.0,0.0,0.0,0.0,0.0,0.0,0.0,0.0,0.0,0.0,1690.4389747222224,0.0
530,2026-02-12,2026-02-13,1,116.13,116.18,383.44,383.87,3.3040970907212945,3.307688436930364,3.3066952474566484,384.28724260256973,1.0,1.0,1.0,383.87,0.001086346962478951,0.0,0.001086346962478951,False,False,True,0,0,863.0,0.0,0.0,0.0,-0.0,0.0,261.0,0.0,0.0,0.0,-0.0,0.0,-0.0,-0.0,0.0,0.05000000000001137,0.00043045930672017325,0.0,0.4300000000000068,0.0011207987515176744,0.0,0.0,0.0,0.0,0.0,0.0,0.0,0.0,0.0,0.0,0.0,0.0,0.0,0.0,0.0,1690.4389747222224,0.0
531,2026-02-13,2026-02-17,4,116.18,116.04,383.87,383.54,3.305239572561186,3.3066952474566484,3.305902442765002,383.7089165148695,1.0,1.0,1.0,383.54,0.00044031738321862786,0.0,0.00044031738321862786,False,False,True,0,0,863.0,0.0,0.0,0.0,-0.0,0.0,261.0,0.0,0.0,0.0,-0.0,0.0,-0.0,-0.0,0.0,-0.14000000000000057,-0.001205753311183187,-0.0,-0.3299999999999841,-0.000860035757523778,-0.0,0.0,0.0,0.0,0.0,0.0,0.0,0.0,0.0,0.0,0.0,0.0,0.0,0.0,0.0,1690.4389747222224,0.0
532,2026-02-17,2026-02-18,1,116.04,117.02,383.54,387.26,3.3093488292599558,3.305902442765002,3.3053734100842798,386.8567038523605,1.0,1.0,1.0,387.26,-0.0010419518972256015,0.0,-0.0010419518972256015,False,False,True,0,0,853.0,0.0,0.0,0.0,-0.0,0.0,258.0,0.0,0.0,0.0,-0.0,0.0,-0.0,-0.0,0.0,0.9799999999999898,0.008409901106886641,0.0,3.7199999999999704,0.009652384229882635,0.0,0.0,0.0,0.0,0.0,0.0,0.0,0.0,0.0,0.0,0.0,0.0,0.0,0.0,0.0,1690.4389747222224,0.0
533,2026-02-18,2026-02-19,1,117.02,116.24,387.26,384.69,3.309445973847213,3.3053734100842798,3.304886071214861,384.21660518819664,1.0,1.0,1.0,384.69,-0.0012313455715506558,0.0,-0.0012313455715506558,False,False,False,0,0,859.0,0.0,0.0,0.0,-0.0,0.0,260.0,0.0,0.0,0.0,-0.0,0.0,-0.0,-0.0,0.0,-0.7800000000000011,-0.006687841098062538,-0.0,-2.569999999999993,-0.006658486936118033,-0.0,0.0,0.0,0.0,0.0,0.0,0.0,0.0,0.0,0.0,0.0,0.0,0.0,0.0,0.0,1690.4389747222224,0.0
534,2026-02-19,2026-02-20,1,116.24,117.45,384.69,388.61,3.3087271179225204,3.304886071214861,3.304570510621018,388.1588690641854,1.0,1.0,1.0,388.61,-0.001161557844306768,0.0,-0.001161557844306768,False,False,True,0,0,849.0,0.0,0.0,0.0,-0.0,0.0,257.0,0.0,0.0,0.0,-0.0,0.0,-0.0,-0.0,0.0,1.210000000000008,0.010355691842894503,0.0,3.920000000000016,0.01013845487506295,0.0,0.0,0.0,0.0,0.0,0.0,0.0,0.0,0.0,0.0,0.0,0.0,0.0,0.0,0.0,1690.4389747222224,0.0
535,2026-02-20,2026-02-23,3,117.45,114.99,388.61,379.37,3.2991564483868165,3.304570510621018,3.304349254018187,379.99256301631084,1.0,1.0,1.0,379.37,0.0016396993639610417,0.0,0.0016396993639610417,False,False,True,0,0,872.0,0.0,0.0,0.0,-0.0,0.0,264.0,0.0,0.0,0.0,-0.0,0.0,-0.0,-0.0,0.0,-2.460000000000008,-0.021167543044348484,-0.0,-9.240000000000009,-0.024064287858949655,-0.0,0.0,0.0,0.0,0.0,0.0,0.0,0.0,0.0,0.0,0.0,0.0,0.0,0.0,0.0,1690.4389747222224,0.0
536,2026-02-23,2026-02-24,1,114.99,116.74,379.37,384.97,3.297670035977386,3.304349254018187,3.304063527563296,385.74973191408316,1.0,1.0,1.0,384.97,0.0020233870960364576,0.0,0.0020233870960364576,False,False,True,0,0,859.0,0.0,0.0,0.0,-0.0,0.0,260.0,0.0,0.0,0.0,-0.0,0.0,-0.0,-0.0,0.0,1.75,0.015104071715071521,0.0,5.600000000000023,0.014653427018531862,0.0,0.0,0.0,0.0,0.0,0.0,0.0,0.0,0.0,0.0,0.0,0.0,0.0,0.0,0.0,1690.4389747222224,0.0
537,2026-02-24,2026-02-25,1,116.74,117.09,384.97,385.25,3.2902041164915876,3.304063527563296,3.3035643601708236,386.87279844238634,1.0,1.0,1.0,385.25,0.004203478605025637,0.0,0.004203478605025637,False,False,True,0,0,859.0,0.0,0.0,0.0,-0.0,0.0,260.0,0.0,0.0,0.0,-0.0,0.0,-0.0,-0.0,0.0,0.3500000000000085,0.002993630084988334,0.0,0.2799999999999727,0.0007270650264456533,0.0,0.0,0.0,0.0,0.0,0.0,0.0,0.0,0.0,0.0,0.0,0.0,0.0,0.0,0.0,1690.4389747222224,0.0
538,2026-02-25,2026-02-26,1,117.09,117.05,385.25,385.88,3.2967108073472877,3.3035643601708236,3.303433159961692,386.6822083579949,1.0,1.0,1.0,385.88,0.002076748351486562,0.0,0.002076748351486562,False,False,True,0,0,856.0,0.0,0.0,0.0,-0.0,0.0,259.0,0.0,0.0,0.0,-0.0,0.0,-0.0,-0.0,0.0,-0.04000000000000625,-0.00034167592371361466,-0.0,0.6299999999999955,0.0016339661021275921,0.0,0.0,0.0,0.0,0.0,0.0,0.0,0.0,0.0,0.0,0.0,0.0,0.0,0.0,0.0,1690.4389747222224,0.0
539,2026-02-26,2026-02-27,1,117.05,116.86,385.88,384.28,3.2883792572308743,3.303433159961692,3.3028178790737512,386.0391990731233,1.0,1.0,1.0,384.28,0.004567462770147776,0.0,0.004567462770147776,True,False,True,0,0,859.0,0.0,0.0,0.0,-0.0,0.0,260.0,0.0,0.0,0.0,-0.0,0.0,-0.0,-0.0,0.0,-0.18999999999999773,-0.0016245568106287287,-0.0,-1.6000000000000227,-0.0041549867608151525,-0.0,0.0,0.0,0.0,0.0,0.0,0.0,0.0,0.0,0.0,0.0,0.0,0.0,0.0,0.0,1690.4389747222224,0.0
540,2026-02-27,2026-03-02,3,116.86,115.42,384.28,379.76,3.290244325073644,3.3028178790737512,3.302606979044525,381.2112396026924,1.0,1.0,1.0,379.76,0.003814181894269373,0.0,0.003814181894269373,False,False,True,0,0,869.0,0.0,0.0,0.0,-0.0,0.0,263.0,0.0,0.0,0.0,-0.0,0.0,-0.0,-0.0,0.0,-1.4399999999999977,-0.01239898784347064,-0.0,-4.519999999999982,-0.01183197929847508,-0.0,0.0,0.0,0.0,0.0,0.0,0.0,0.0,0.0,0.0,0.0,0.0,0.0,0.0,0.0,1690.4389747222224,0.0
541,2026-03-02,2026-03-03,1,115.42,114.36,379.76,376.86,3.295383001049318,3.302606979044525,3.3026102030496025,377.6861341235319,1.0,1.0,1.0,376.86,0.002189752001318794,0.0,0.002189752001318794,False,False,True,0,0,875.0,0.0,0.0,0.0,-0.0,0.0,265.0,0.0,0.0,0.0,-0.0,0.0,-0.0,-0.0,0.0,-1.0600000000000023,-0.009226281828709276,-0.0,-2.8999999999999773,-0.007665708548718197,-0.0,0.0,0.0,0.0,0.0,0.0,0.0,0.0,0.0,0.0,0.0,0.0,0.0,0.0,0.0,1690.4389747222224,0.0
542,2026-03-03,2026-03-04,1,114.36,116.39,376.86,383.1,3.2915198900249165,3.3026102030496025,3.302246946373065,384.3908015329432,1.0,1.0,1.0,383.1,0.003363695688401154,0.0,0.003363695688401154,False,False,True,0,0,862.0,0.0,0.0,0.0,-0.0,0.0,261.0,0.0,0.0,0.0,-0.0,0.0,-0.0,-0.0,0.0,2.030000000000001,0.01759525349977384,0.0,6.240000000000009,0.01642228601225893,0.0,0.0,0.0,0.0,0.0,0.0,0.0,0.0,0.0,0.0,0.0,0.0,0.0,0.0,0.0,1690.4389747222224,0.0
543,2026-03-04,2026-03-05,1,116.39,116.55,383.1,383.23,3.2881166881166886,3.302246946373065,3.301161523493304,384.87688159978075,1.0,1.0,1.0,383.23,0.004288163959602904,0.0,0.004288163959602904,False,False,True,0,0,862.0,0.0,0.0,0.0,-0.0,0.0,261.0,0.0,0.0,0.0,-0.0,0.0,-0.0,-0.0,0.0,0.1599999999999966,0.0013737445278810944,0.0,0.12999999999999545,0.00033927942595748977,0.0,0.0,0.0,0.0,0.0,0.0,0.0,0.0,0.0,0.0,0.0,0.0,0.0,0.0,0.0,1690.4389747222224,0.0
544,2026-03-05,2026-03-06,1,116.55,114.44,383.23,375.8,3.283816847256204,3.301161523493304,3.300008990824202,377.7849247485737,1.0,1.0,1.0,375.8,0.0052679645618235035,0.0,0.0052679645618235035,False,False,True,0,0,878.0,0.0,0.0,0.0,-0.0,0.0,266.0,0.0,0.0,0.0,-0.0,0.0,-0.0,-0.0,0.0,-2.1099999999999994,-0.01826969729985664,-0.0,-7.430000000000007,-0.01957824415319598,-0.0,0.0,0.0,0.0,0.0,0.0,0.0,0.0,0.0,0.0,0.0,0.0,0.0,0.0,0.0,1690.4389747222224,0.0
545,2026-03-06,2026-03-09,3,114.44,114.59,375.8,376.1,3.2821363120691163,3.300008990824202,3.2986907704076556,378.1480302585453,1.0,1.0,1.0,376.1,0.005430667922971686,0.0,0.005430667922971686,False,False,True,0,0,878.0,0.0,0.0,0.0,-0.0,0.0,266.0,0.0,0.0,0.0,-0.0,0.0,-0.0,-0.0,0.0,0.15000000000000568,0.0013098722564474478,0.0,0.30000000000001137,0.000797978496925729,0.0,0.0,0.0,0.0,0.0,0.0,0.0,0.0,0.0,0.0,0.0,0.0,0.0,0.0,0.0,1690.4389747222224,0.0
546,2026-03-09,2026-03-10,1,114.59,114.44,376.1,375.19,3.278486543166725,3.2986907704076556,3.296957930403083,377.5021717654521,1.0,1.0,1.0,375.19,0.006143757368734815,0.0,0.006143757368734815,False,False,True,0,0,881.0,0.0,0.0,0.0,-0.0,0.0,267.0,0.0,0.0,0.0,-0.0,0.0,-0.0,-0.0,0.0,-0.15000000000000568,-0.0013098722564473617,-0.0,-0.910000000000025,-0.0024225011514296914,-0.0,0.0,0.0,0.0,0.0,0.0,0.0,0.0,0.0,0.0,0.0,0.0,0.0,0.0,0.0,1690.4389747222224,0.0
547,2026-03-10,2026-03-11,1,114.44,114.14,375.19,374.41,3.2802698440511655,3.296957930403083,3.2954681689928633,376.3147781762079,1.0,1.0,1.0,374.41,0.005074515505622038,0.0,0.005074515505622038,False,False,True,0,0,880.0,0.0,0.0,0.0,-0.0,0.0,267.0,0.0,0.0,0.0,-0.0,0.0,-0.0,-0.0,0.0,-0.29999999999999716,-0.0026249030733474974,-0.0,-0.7799999999999727,-0.002081110676404424,-0.0,0.0,0.0,0.0,0.0,0.0,0.0,0.0,0.0,0.0,0.0,0.0,0.0,0.0,0.0,1690.4389747222224,0.0
548,2026-03-11,2026-03-12,1,114.14,111.52,374.41,365.93,3.2812948350071736,3.2954681689928633,3.294103223243222,367.5106102060841,1.0,1.0,1.0,365.93,0.004310131266350345,0.0,0.004310131266350345,False,False,True,0,0,900.0,0.0,0.0,0.0,-0.0,0.0,273.0,0.0,0.0,0.0,-0.0,0.0,-0.0,-0.0,0.0,-2.6200000000000045,-0.023221818096348355,-0.0,-8.480000000000018,-0.022909395369611563,-0.0,0.0,0.0,0.0,0.0,0.0,0.0,0.0,0.0,0.0,0.0,0.0,0.0,0.0,0.0,1690.4389747222224,0.0
549,2026-03-12,2026-03-13,1,111.52,110.86,365.93,363.96,3.2830597149558,3.294103223243222,3.2931653625258432,365.18428332874356,1.0,1.0,1.0,363.96,0.003358140514207703,0.0,0.003358140514207703,False,False,True,0,0,906.0,0.0,0.0,0.0,-0.0,0.0,275.0,0.0,0.0,0.0,-0.0,0.0,-0.0,-0.0,0.0,-0.6599999999999966,-0.005935803020555072,-0.0,-1.9700000000000273,-0.005398086790355161,-0.0,0.0,0.0,0.0,0.0,0.0,0.0,0.0,0.0,0.0,0.0,0.0,0.0,0.0,0.0,1690.4389747222224,0.0
550,2026-03-13,2026-03-16,3,110.86,112.2,363.96,368.43,3.2836898395721925,3.2931653625258432,3.2921449999683885,369.49315367539964,1.0,1.0,1.0,368.43,0.0028814773075220936,0.0,0.0028814773075220936,False,False,True,0,0,892.0,0.0,0.0,0.0,-0.0,0.0,271.0,0.0,0.0,0.0,-0.0,0.0,-0.0,-0.0,0.0,1.3400000000000034,0.012014849096937329,0.0,4.470000000000027,0.01220676280191247,0.0,0.0,0.0,0.0,0.0,0.0,0.0,0.0,0.0,0.0,0.0,0.0,0.0,0.0,0.0,1690.4389747222224,0.0
551,2026-03-16,2026-03-17,1,112.2,113.18,368.43,371.92,3.286092949284326,3.2921449999683885,3.2911876688045454,372.6049710964222,1.0,1.0,1.0,371.92,0.0018400223398051118,0.0,0.0018400223398051118,False,False,True,0,0,886.0,0.0,0.0,0.0,-0.0,0.0,269.0,0.0,0.0,0.0,-0.0,0.0,-0.0,-0.0,0.0,0.980000000000004,0.008696478625781882,0.0,3.490000000000009,0.00942804309192692,0.0,0.0,0.0,0.0,0.0,0.0,0.0,0.0,0.0,0.0,0.0,0.0,0.0,0.0,0.0,1690.4389747222224,0.0
552,2026-03-17,2026-03-18,1,113.18,110.57,371.92,363.71,3.2894094238943654,3.2911876688045454,3.2901906985362666,363.9066205397186,1.0,1.0,1.0,363.71,0.0005404509434065068,0.0,0.0005404509434065068,False,False,True,0,0,905.0,0.0,0.0,0.0,-0.0,0.0,275.0,0.0,0.0,0.0,-0.0,0.0,-0.0,-0.0,0.0,-2.6100000000000136,-0.023330667160067528,-0.0,-8.210000000000036,-0.02232193057902974,-0.0,0.0,0.0,0.0,0.0,0.0,0.0,0.0,0.0,0.0,0.0,0.0,0.0,0.0,0.0,1690.4389747222224,0.0
553,2026-03-18,2026-03-19,1,110.57,109.7,363.71,361.16,3.2922515952597995,3.2901906985362666,3.2893309796068957,360.93391962942843,1.0,1.0,1.0,361.16,-0.0006261799796758589,0.0,-0.0006261799796758589,False,False,True,0,0,911.0,0.0,0.0,0.0,-0.0,0.0,277.0,0.0,0.0,0.0,-0.0,0.0,-0.0,-0.0,0.0,-0.8699999999999903,-0.007899437273125783,-0.0,-2.5499999999999545,-0.007035773364021057,-0.0,0.0,0.0,0.0,0.0,0.0,0.0,0.0,0.0,0.0,0.0,0.0,0.0,0.0,0.0,1690.4389747222224,0.0
554,2026-03-19,2026-03-20,1,109.7,107.74,361.16,354.51,3.2904213848152963,3.2893309796068957,3.288415692951534,354.3925197428469,1.0,1.0,1.0,354.51,-0.00033144263126946697,0.0,-0.00033144263126946697,False,False,True,0,0,928.0,0.0,0.0,0.0,-0.0,0.0,282.0,0.0,0.0,0.0,-0.0,0.0,-0.0,-0.0,0.0,-1.960000000000008,-0.01802845002879695,-0.0,-6.650000000000034,-0.018584519120244683,-0.0,0.0,0.0,0.0,0.0,0.0,0.0,0.0,0.0,0.0,0.0,0.0,0.0,0.0,0.0,1690.4389747222224,0.0
555,2026-03-20,2026-03-23,3,107.74,110.12,354.51,363.24,3.298583363603342,3.288415692951534,3.2883870387123606,362.12033610782294,1.0,1.0,1.0,363.24,-0.003087196047849369,0.0,-0.003087196047849369,False,True,False,0,1,904.0,0.0,904.0,904.0,-0.0,904.0,275.0,0.0,-275.0,0.0,275.0,-275.0,-4.5200000000000005,-1.375,-5.8950000000000005,2.3800000000000097,0.02184976302201904,0.0,8.730000000000018,0.024327218502593798,0.0,0.0,0.0,0.0,0.0,0.0,0.0,0.0,0.0,0.0,0.0,0.0,0.0,0.0,-5.8950000000000005,1684.5439747222224,-5.894999999999982
556,2026-03-23,2026-03-24,1,110.12,109.68,363.24,360.93,3.2907549234135667,3.2883870387123606,3.288041283084169,360.67029040597174,1.0,1.0,1.0,360.93,-0.0007198156893641463,0.0,-0.0007198156893641463,False,False,True,1,0,911.0,904.0,0.0,0.0,904.0,-904.0,277.0,-275.0,0.0,275.0,-0.0,275.0,-4.5200000000000005,-1.375,-5.8950000000000005,-0.4399999999999977,-0.004003645020347581,-397.75999999999794,-2.3100000000000023,-0.006379739108084771,635.2500000000007,237.49000000000274,0.0,99548.48000000001,99548.48000000001,0.0,-99891.0,0.0,-99891.0,-2.77475,-342.5199999999895,199439.48,-99891.0,-2.77475,228.82025000000272,1913.3642247222251,0.0
557,2026-03-24,2026-03-25,1,109.68,110.73,360.93,364.55,3.2922423914025107,3.288041283084169,3.288143196829716,364.08481127591006,1.0,1.0,1.0,364.55,-0.001276877744777686,0.0,-0.001276877744777686,False,False,False,0,0,901.0,0.0,0.0,0.0,-0.0,0.0,274.0,0.0,0.0,0.0,-0.0,0.0,-0.0,-0.0,0.0,1.0499999999999972,0.00952777045595791,0.0,3.6200000000000045,0.009979682538896499,0.0,0.0,0.0,0.0,0.0,0.0,0.0,0.0,0.0,0.0,0.0,0.0,0.0,0.0,0.0,1913.3642247222251,0.0
558,2026-03-25,2026-03-26,1,110.73,108.83,364.55,358.36,3.2928420472296245,3.288143196829716,3.2879497588238324,357.848624110978,1.0,1.0,1.0,358.36,-0.0014280084285690667,0.0,-0.0014280084285690667,False,True,False,0,1,917.0,0.0,917.0,917.0,-0.0,917.0,279.0,0.0,-279.0,0.0,279.0,-279.0,-4.585,-1.395,-5.98,-1.9000000000000057,-0.01730777400204661,-0.0,-6.189999999999998,-0.017125648523061702,-0.0,0.0,0.0,0.0,0.0,0.0,0.0,0.0,0.0,0.0,0.0,0.0,0.0,0.0,-5.98,1907.384224722225,-5.980000000000018
559,2026-03-26,2026-03-27,1,108.83,105.68,358.36,348.05,3.2934330052990157,3.2879497588238324,3.2882024462272397,347.47053051250265,1.0,1.0,1.0,348.05,-0.0016662904864828754,0.0,-0.0016662904864828754,False,True,False,1,1,944.0,917.0,944.0,27.0,-0.0,27.0,287.0,-279.0,-287.0,0.0,8.0,-8.0,-0.135,-0.04,-0.17500000000000002,-3.1499999999999915,-0.029371371493900296,-2888.549999999992,-10.310000000000002,-0.029191920114702147,2876.4900000000007,-12.059999999991305,0.0,99797.11,99797.11,0.0,-99982.44,0.0,-99982.44,-2.7772900000000003,-185.33000000000175,199779.55,-99982.44,-2.7772900000000003,-15.012289999991307,1892.3719347222338,-20.99228999999127
560,2026-03-27,2026-03-30,3,105.68,105.66,348.05,347.69,3.2906492523187585,3.2882024462272397,3.2882226925894953,347.43147046837015,1.0,1.0,1.0,347.69,-0.0007438399029049054,0.0,-0.0007438399029049054,False,False,True,1,0,947.0,944.0,0.0,0.0,944.0,-944.0,288.0,-287.0,0.0,287.0,-0.0,287.0,-4.72,-1.435,-6.154999999999999,-0.020000000000010232,-0.00018926847790016752,-18.88000000000966,-0.36000000000001364,-0.001034869440103041,103.32000000000392,84.43999999999426,0.0,99761.92000000001,99761.92000000001,0.0,-99890.35,0.0,-99890.35,-8.324195833333334,-128.42999999999302,199652.27000000002,-99890.35,-8.324195833333334,69.96080416666092,1962.3327388888947,0.0
561,2026-03-30,2026-03-31,1,105.66,108.98,347.69,359.03,3.2944576986603042,3.2882226925894953,3.2881764274700442,358.35050903840323,1.0,1.0,1.0,359.03,-0.0018943675113529737,0.0,-0.0018943675113529737,True,True,False,0,0,917.0,0.0,0.0,0.0,-0.0,0.0,279.0,0.0,0.0,0.0,-0.0,0.0,-0.0,-0.0,0.0,3.3200000000000074,0.03093798741878268,0.0,11.339999999999975,0.03209467228191777,0.0,0.0,0.0,0.0,0.0,0.0,0.0,0.0,0.0,0.0,0.0,0.0,0.0,0.0,0.0,1962.3327388888947,0.0
562,2026-03-31,2026-04-01,1,108.98,109.8,359.03,361.9,3.295992714025501,3.2881764274700442,3.288400068670074,361.0417717362109,1.0,1.0,1.0,361.9,-0.0023742677501985177,0.0,-0.0023742677501985177,False,True,False,0,1,908.0,0.0,908.0,908.0,-0.0,908.0,276.0,0.0,-276.0,0.0,276.0,-276.0,-4.54,-1.3800000000000001,-5.92,0.8199999999999932,0.007496149920477905,0.0,2.8700000000000045,0.007961980113206436,0.0,0.0,0.0,0.0,0.0,0.0,0.0,0.0,0.0,0.0,0.0,0.0,0.0,0.0,-5.92,1956.4127388888946,-5.920000000000073
563,2026-04-01,2026-04-02,1,109.8,108.15,361.9,357.21,3.302912621359223,3.288400068670074,3.2891398653322006,355.6404674266685,1.0,1.0,1.0,357.21,-0.004403546553765863,0.0,-0.004403546553765863,False,True,False,1,1,921.0,908.0,921.0,13.0,-0.0,13.0,280.0,-276.0,-280.0,0.0,4.0,-4.0,-0.065,-0.02,-0.085,-1.6499999999999915,-0.015141376676362443,-1498.1999999999923,-4.689999999999998,-0.013044086438503395,1294.4399999999994,-203.75999999999294,0.0,99698.4,99698.4,0.0,-99884.4,0.0,-99884.4,-2.7745666666666664,-186.0,199582.8,-99884.4,-2.7745666666666664,-206.6195666666596,1749.793172222235,-212.53956666665977
564,2026-04-02,2026-04-06,4,108.15,109.04,357.21,360.19,3.3032831988261186,3.2891398653322006,3.2901131829106967,358.6478109158232,1.0,1.0,1.0,360.19,-0.004290791126584095,0.0,-0.004290791126584095,False,True,False,1,1,914.0,921.0,914.0,0.0,7.0,-7.0,278.0,-280.0,-278.0,2.0,-0.0,2.0,-0.035,-0.01,-0.045000000000000005,0.8900000000000006,0.008195634989209381,819.6900000000005,2.980000000000018,0.008307825871033342,-834.4000000000051,-14.710000000004584,0.0,99606.15000000001,99606.15000000001,0.0,-100018.79999999999,0.0,-100018.79999999999,-11.113199999999999,-412.6499999999796,199624.95,-100018.79999999999,-11.113199999999999,-25.868200000004585,1723.9249722222303,-238.40776666666443
565,2026-04-06,2026-04-07,1,109.04,107.77,360.19,356.58,3.30871299990721,3.2901131829106967,3.291442017302601,354.5754977222858,1.0,1.0,1.0,356.58,-0.005637325711826322,0.0,-0.005637325711826322,False,True,False,1,1,921.0,914.0,921.0,7.0,-0.0,7.0,280.0,-278.0,-280.0,0.0,2.0,-2.0,-0.035,-0.01,-0.045000000000000005,-1.2700000000000102,-0.011715460779536958,-1160.7800000000093,-3.6100000000000136,-0.010073051395602516,1003.5800000000038,-157.2000000000055,0.0,99662.56000000001,99662.56000000001,0.0,-100132.81999999999,0.0,-100132.81999999999,-2.781467222222222,-470.2599999999802,199795.38,-100132.81999999999,-2.781467222222222,-160.02646722222772,1563.8985050000026,-398.4342338888921
566,2026-04-07,2026-04-08,1,107.77,110.82,356.58,366.73,3.3092402093484936,3.291442017302601,3.2929797006116894,364.75760435747424,1.0,1.0,1.0,366.73,-0.005392847154227241,0.0,-0.005392847154227241,False,True,False,1,1,899.0,921.0,899.0,0.0,22.0,-22.0,273.0,-280.0,-273.0,7.0,-0.0,7.0,-0.11,-0.035,-0.14500000000000002,3.049999999999997,0.027907936830463227,2809.0499999999975,10.150000000000034,0.028067263868817454,-2842.0000000000095,-32.950000000012096,0.0,99256.17,99256.17,0.0,-99842.4,0.0,-99842.4,-2.7734,-586.2299999999959,199098.57,-99842.4,-2.7734,-35.8684000000121,1528.0301049999905,-434.3026338889042
567,2026-04-08,2026-04-09,1,110.82,112.74,366.73,373.59,3.3137307078233103,3.2929797006116894,3.2946527438002966,371.2505314469619,1.0,1.0,1.0,373.59,-0.006281817778313898,0.0,-0.006281817778313898,False,True,False,1,1,883.0,899.0,883.0,0.0,16.0,-16.0,268.0,-273.0,-268.0,5.0,-0.0,5.0,-0.08,-0.025,-0.10500000000000001,1.9200000000000017,0.017177019214225347,1726.0800000000015,6.859999999999957,0.01853305692572497,-1872.7799999999881,-146.69999999998663,0.0,99627.18,99627.18,0.0,-100117.29000000001,0.0,-100117.29000000001,-2.7810358333333336,-490.11000000001513,199744.47,-100117.29000000001,-2.7810358333333336,-149.58603583331995,1378.4440691666705,-583.8886697222242
568,2026-04-09,2026-04-10,1,112.74,112.89,373.59,374.19,3.3146425724156257,3.2946527438002966,3.2963201306707193,371.93334824761547,1.0,1.0,1.0,374.19,-0.0060490229630673865,0.0,-0.0060490229630673865,False,True,False,1,1,880.0,883.0,880.0,0.0,3.0,-3.0,267.0,-268.0,-267.0,1.0,-0.0,1.0,-0.015,-0.005,-0.02,0.15000000000000568,0.0013296106200267166,132.45000000000502,0.6000000000000227,0.001604750404560638,-160.8000000000061,-28.350000000001074,0.0,99549.42,99549.42,0.0,-100122.12,0.0,-100122.12,-2.78117,-572.6999999999971,199671.53999999998,-100122.12,-2.78117,-31.151170000001073,1347.2928991666695,-615.0398397222252
569,2026-04-10,2026-04-13,3,112.89,113.92,374.19,377.25,3.3115344101123596,3.2963201306707193,3.297743865428547,375.51678928600836,1.0,1.0,1.0,377.25,-0.004604915629708074,0.0,-0.004604915629708074,False,True,False,1,1,874.0,880.0,874.0,0.0,6.0,-6.0,265.0,-267.0,-265.0,2.0,-0.0,2.0,-0.03,-0.01,-0.04,1.0300000000000011,0.00908255439021013,906.400000000001,3.0600000000000023,0.008144407842230928,-817.0200000000007,89.38000000000034,0.0,99343.2,99343.2,0.0,-99908.73,0.0,-99908.73,-8.3257275,-565.5299999999988,199251.93,-99908.73,-8.3257275,81.01427250000033,1428.3071716666698,-534.0255672222249
570,2026-04-13,2026-04-14,1,113.92,116.44,377.25,385.37,3.309601511508073,3.297743865428547,3.2990394490253414,383.9892956905,1.0,1.0,1.0,385.37,-0.0035892353533385902,0.0,-0.0035892353533385902,False,True,False,1,1,854.0,874.0,854.0,0.0,20.0,-20.0,259.0,-265.0,-259.0,6.0,-0.0,6.0,-0.1,-0.03,-0.13,2.519999999999996,0.02187967121375691,2202.4799999999964,8.120000000000005,0.021295814098579977,-2151.800000000001,50.67999999999529,0.0,99566.08,99566.08,0.0,-99971.25,0.0,-99971.25,-2.7769791666666666,-405.16999999999825,199537.33000000002,-99971.25,-2.7769791666666666,47.77302083332862,1476.0801924999985,-486.25254638889623
571,2026-04-14,2026-04-15,1,116.44,118.18,385.37,390.14,3.301235403621594,3.2990394490253414,3.299796571742205,389.8804820858149,1.0,1.0,1.0,390.14,-0.0006654131006068201,0.0,-0.0006654131006068201,False,False,True,1,0,845.0,854.0,0.0,0.0,854.0,-854.0,256.0,-259.0,0.0,259.0,-0.0,259.0,-4.2700000000000005,-1.295,-5.565,1.740000000000009,0.014832767040106228,1485.9600000000078,4.769999999999982,0.012301737320248217,-1235.4299999999953,250.53000000001248,0.0,99439.76,99439.76,0.0,-99810.83,0.0,-99810.83,-2.7725230555555553,-371.070000000007,199250.59,-99810.83,-2.7725230555555553,242.19247694445693,1718.2726694444555,-244.06006944443925
572,2026-04-15,2026-04-16,1,118.18,117.63,390.14,389.18,3.3085097339114173,3.299796571742205,3.3007515872430573,388.1550707340355,1.0,1.0,1.0,389.18,-0.002637034911956558,0.0,-0.002637034911956558,False,True,False,0,1,848.0,0.0,848.0,848.0,-0.0,848.0,257.0,0.0,-257.0,0.0,257.0,-257.0,-4.24,-1.285,-5.525,-0.5500000000000114,-0.004664780945178714,-0.0,-0.9599999999999795,-0.0024636875367767762,-0.0,0.0,0.0,0.0,0.0,0.0,0.0,0.0,0.0,0.0,0.0,0.0,0.0,0.0,-5.525,1712.7476694444554,-249.58506944443934
573,2026-04-16,2026-04-17,1,117.63,120.41,389.18,398.59,3.3102732331201725,3.3007515872430573,3.301652669136076,397.4434986199365,1.0,1.0,1.0,398.59,-0.0028805375020236434,0.0,-0.0028805375020236434,False,True,False,1,1,828.0,848.0,828.0,0.0,20.0,-20.0,251.0,-257.0,-251.0,6.0,-0.0,6.0,-0.1,-0.03,-0.13,2.780000000000001,0.023358480931777625,2357.440000000001,9.409999999999968,0.023891358126654657,-2418.3699999999917,-60.92999999999074,0.0,99750.23999999999,99750.23999999999,0.0,-100019.26,0.0,-100019.26,-2.778312777777778,-269.0200000000041,199769.5,-100019.26,-2.778312777777778,-63.83831277776852,1648.9093566666868,-313.4233822222079
574,2026-04-17,2026-04-20,3,120.41,119.87,398.59,397.52,3.316259280887628,3.301652669136076,3.3029445639396924,395.76910544934145,1.0,1.0,1.0,397.52,-0.004414273136396215,0.0,-0.004414273136396215,False,True,False,1,1,832.0,828.0,832.0,4.0,-0.0,4.0,252.0,-251.0,-252.0,0.0,1.0,-1.0,-0.02,-0.005,-0.025,-0.539999999999992,-0.004494763685119166,-447.1199999999934,-1.0699999999999932,-0.002688072362599255,268.5699999999983,-178.54999999999512,0.0,99699.48,99699.48,0.0,-100046.09,0.0,-100046.09,-8.337174166666667,-346.6100000000006,199745.57,-100046.09,-8.337174166666667,-186.9121741666618,1461.997182500025,-500.3355563888697
575,2026-04-20,2026-04-21,1,119.87,118.97,397.52,394.44,3.3154576784063208,3.3029445639396924,3.3037882796798415,392.9513147719052,1.0,1.0,1.0,394.44,-0.003781314256269043,0.0,-0.003781314256269043,False,True,False,1,1,839.0,832.0,839.0,7.0,-0.0,7.0,254.0,-252.0,-254.0,0.0,2.0,-2.0,-0.035,-0.01,-0.045000000000000005,-0.9000000000000057,-0.007536461730573831,-748.8000000000047,-3.079999999999984,-0.007778209829936766,776.159999999996,27.35999999999126,0.0,99731.84,99731.84,0.0,-100175.04,0.0,-100175.04,-2.7826400000000002,-443.1999999999971,199906.88,-100175.04,-2.7826400000000002,24.532359999991257,1486.5295425000163,-475.8031963888784
576,2026-04-21,2026-04-22,1,118.97,118.93,394.44,395.0,3.321281426048936,3.3037882796798415,3.3053146048116098,392.9195401023236,1.0,1.0,1.0,395.0,-0.005280906556495079,0.0,-0.005280906556495079,False,True,False,1,1,836.0,839.0,836.0,0.0,3.0,-3.0,253.0,-254.0,-253.0,1.0,-0.0,1.0,-0.015,-0.005,-0.02,-0.03999999999999204,-0.00033627574928065746,-33.55999999999332,0.5600000000000023,0.0014187274369934625,-142.24000000000058,-175.7999999999939,0.0,99815.83,99815.83,0.0,-100187.76,0.0,-100187.76,-2.782993333333333,-371.929999999993,200003.59,-100187.76,-2.782993333333333,-178.60299333332725,1307.926549166689,-654.4061897222057
577,2026-04-22,2026-04-23,1,118.93,117.74,395.0,390.81,3.3192627824019025,3.3053146048116098,3.3066656243615795,389.1677415705189,1.0,1.0,1.0,390.81,-0.004211045440881043,0.0,-0.004211045440881043,False,True,False,1,1,846.0,836.0,846.0,10.0,-0.0,10.0,256.0,-253.0,-256.0,0.0,3.0,-3.0,-0.05,-0.015,-0.065,-1.190000000000012,-0.010056281139038723,-994.8400000000099,-4.189999999999998,-0.010664256523539441,1060.0699999999995,65.22999999998956,0.0,99425.48000000001,99425.48000000001,0.0,-99935.0,0.0,-99935.0,-2.7759722222222223,-509.5199999999895,199360.48,-99935.0,-2.7759722222222223,62.38902777776734,1370.3155769444563,-592.0171619444384
578,2026-04-23,2026-04-24,1,117.74,118.69,390.81,394.65,3.3250484455303733,3.3066656243615795,3.308275944276617,392.46814295547586,1.0,1.0,1.0,394.65,-0.005543926670607519,0.0,-0.005543926670607519,False,True,False,1,1,837.0,846.0,837.0,0.0,9.0,-9.0,253.0,-256.0,-253.0,3.0,-0.0,3.0,-0.045,-0.015,-0.06,0.9500000000000028,0.008036248468298462,803.7000000000024,3.839999999999975,0.009777787776829047,-983.0399999999936,-179.33999999999116,0.0,99608.04,99608.04,0.0,-100047.36,0.0,-100047.36,-2.7790933333333334,-439.320000000007,199655.4,-100047.36,-2.7790933333333334,-182.1790933333245,1188.1364836111318,-774.1962552777629
579,2026-04-24,2026-04-27,3,118.69,117.84,394.65,391.9,3.3256958587915815,3.308275944276617,3.3098890869512454,389.8472372735566,1.0,1.0,1.0,391.9,-0.005251742114675253,0.0,-0.005251742114675253,False,True,False,1,1,844.0,837.0,844.0,7.0,-0.0,7.0,255.0,-253.0,-255.0,0.0,2.0,-2.0,-0.035,-0.01,-0.045000000000000005,-0.8499999999999943,-0.00718727991403897,-711.4499999999953,-2.75,-0.0069925909488256,695.75,-15.69999999999527,0.0,99343.53,99343.53,0.0,-99846.45,0.0,-99846.45,-8.3205375,-502.91999999999825,199189.97999999998,-99846.45,-8.3205375,-24.065537499995273,1164.0709461111364,-798.2617927777583
580,2026-04-27,2026-04-28,1,117.84,117.01,391.9,389.11,3.3254422698914623,3.3098890869512454,3.3116287378298805,387.29012206416525,1.0,1.0,1.0,389.11,-0.004687998409891658,0.0,-0.004687998409891658,False,True,False,1,1,851.0,844.0,851.0,7.0,-0.0,7.0,257.0,-255.0,-257.0,0.0,2.0,-2.0,-0.035,-0.01,-0.045000000000000005,-0.8299999999999983,-0.0070683709235082395,-700.5199999999986,-2.7899999999999636,-0.007144625211221369,711.4499999999907,10.929999999992106,0.0,99456.96,99456.96,0.0,-99934.5,0.0,-99934.5,-2.7759583333333335,-477.5399999999936,199391.46000000002,-99934.5,-2.7759583333333335,8.109041666658772,1172.1799877777953,-790.1527511110994
581,2026-04-28,2026-04-29,1,117.01,116.84,389.11,388.56,3.325573433755563,3.3116287378298805,3.313184524584643,386.93070172804323,1.0,1.0,1.0,388.56,-0.004201986344026764,0.0,-0.004201986344026764,False,True,False,1,1,851.0,851.0,851.0,0.0,-0.0,0.0,257.0,-257.0,-257.0,0.0,-0.0,0.0,-0.0,-0.0,0.0,-0.1700000000000017,-0.0014539237113264025,-144.67000000000144,-0.5500000000000114,-0.0014144819568749454,141.35000000000292,-3.3199999999985152,0.0,99575.51000000001,99575.51000000001,0.0,-100001.27,0.0,-100001.27,-2.777813055555556,-425.75999999999476,199576.78000000003,-100001.27,-2.777813055555556,-6.097813055554071,1166.0821747222412,-796.2505641666535
582,2026-04-29,2026-04-30,1,116.84,118.35,388.56,393.58,3.325559780312632,3.313184524584643,3.314662877899,392.1153884845925,1.0,1.0,1.0,393.58,-0.0037281960243464164,0.0,-0.0037281960243464164,True,True,False,1,0,842.0,851.0,0.0,0.0,851.0,-851.0,254.0,-257.0,0.0,257.0,-0.0,257.0,-4.255,-1.285,-5.54,1.509999999999991,0.012840858440452685,1285.0099999999923,5.019999999999982,0.012836752841454245,-1290.1399999999953,-5.130000000003065,0.0,99430.84,99430.84,0.0,-99859.92,0.0,-99859.92,-2.773886666666667,-429.08000000000175,199290.76,-99859.92,-2.773886666666667,-13.44388666666973,1152.6382880555716,-809.6944508333231
583,2026-04-30,2026-05-01,1,118.35,118.63,393.58,394.27,3.3235269324791368,3.314662877899,3.315693593454996,393.21845720515836,1.0,1.0,1.0,394.27,-0.0026706256078002422,0.0,-0.0026706256078002422,False,True,False,0,1,842.0,0.0,842.0,842.0,-0.0,842.0,254.0,0.0,-254.0,0.0,254.0,-254.0,-4.21,-1.27,-5.48,0.28000000000000114,0.002363069713018965,0.0,0.6899999999999977,0.0017516029102404513,0.0,0.0,0.0,0.0,0.0,0.0,0.0,0.0,0.0,0.0,0.0,0.0,0.0,0.0,-5.48,1147.1582880555716,-815.1744508333231
584,2026-05-01,2026-05-04,3,118.63,117.72,394.27,390.35,3.315919130139314,3.315693593454996,3.3163253900206557,390.3234498215221,1.0,1.0,1.0,390.35,-6.801865362326826e-05,0.0,-6.801865362326826e-05,False,False,True,1,0,849.0,842.0,0.0,0.0,842.0,-842.0,256.0,-254.0,0.0,254.0,-0.0,254.0,-4.21,-1.27,-5.48,-0.9099999999999966,-0.007700482307739844,-766.2199999999971,-3.919999999999959,-0.009992181222884063,995.6799999999896,229.45999999999253,0.0,99886.45999999999,99886.45999999999,0.0,-100144.58,0.0,-100144.58,-8.345381666666668,-258.1200000000099,200031.03999999998,-100144.58,-8.345381666666668,215.63461833332588,1362.7929063888973,-599.5398324999974
585,2026-05-04,2026-05-05,1,117.72,118.07,390.35,392.18,3.321588887947828,3.3163253900206557,3.3169691844226863,391.5585387997388,1.0,1.0,1.0,392.18,-0.0015858894254789852,0.0,-0.0015858894254789852,False,True,False,0,1,846.0,0.0,846.0,846.0,-0.0,846.0,255.0,0.0,-255.0,0.0,255.0,-255.0,-4.23,-1.2750000000000001,-5.505000000000001,0.3499999999999943,0.0029687455537463782,0.0,1.829999999999984,0.004677145505070721,0.0,0.0,0.0,0.0,0.0,0.0,0.0,0.0,0.0,0.0,0.0,0.0,0.0,0.0,-5.505000000000001,1357.2879063888972,-605.0448324999975
586,2026-05-05,2026-05-06,1,118.07,119.87,392.18,398.53,3.3246850754984565,3.3169691844226863,3.3177414277301844,397.6050961367474,1.0,1.0,1.0,398.53,-0.002323485759736987,0.0,-0.002323485759736987,False,True,False,1,1,833.0,846.0,833.0,0.0,13.0,-13.0,251.0,-255.0,-251.0,4.0,-0.0,4.0,-0.065,-0.02,-0.085,1.8000000000000114,0.015130153299990127,1522.8000000000097,6.349999999999966,0.016061859633985657,-1619.2499999999914,-96.44999999998163,0.0,99887.22,99887.22,0.0,-100005.90000000001,0.0,-100005.90000000001,-2.777941666666667,-118.68000000000757,199893.12,-100005.90000000001,-2.777941666666667,-99.31294166664829,1257.9749647222488,-704.3577741666459
587,2026-05-06,2026-05-07,1,119.87,119.88,398.53,397.59,3.3165665665665665,3.3177414277301844,3.3178832206673468,397.7308423562945,1.0,1.0,1.0,397.59,0.00035417745962634844,0.0,0.00035417745962634844,False,False,True,1,0,836.0,833.0,0.0,0.0,833.0,-833.0,252.0,-251.0,0.0,251.0,-0.0,251.0,-4.165,-1.2550000000000001,-5.42,0.009999999999990905,8.34202294538311e-05,8.329999999992424,-0.9399999999999977,-0.002361454144659383,235.93999999999943,244.26999999999185,0.0,99851.71,99851.71,0.0,-100031.03,0.0,-100031.03,-2.778639722222222,-179.31999999999243,199882.74,-100031.03,-2.778639722222222,236.07136027776966,1494.0463250000184,-468.28641388887627
588,2026-05-07,2026-05-08,1,119.88,120.2,397.59,398.45,3.314891846921797,3.3178832206673468,3.3178956843926555,398.8095631242151,1.0,1.0,1.0,398.45,0.0009019977062036777,0.0,0.0009019977062036777,False,False,True,0,0,833.0,0.0,0.0,0.0,-0.0,0.0,251.0,0.0,0.0,0.0,-0.0,0.0,-0.0,-0.0,0.0,0.3200000000000074,0.002665779652644905,0.0,0.8600000000000136,0.0021606962830600877,0.0,0.0,0.0,0.0,0.0,0.0,0.0,0.0,0.0,0.0,0.0,0.0,0.0,0.0,0.0,1494.0463250000184,-468.28641388887627
589,2026-05-08,2026-05-11,3,120.2,119.37,398.45,394.54,3.305185557510262,3.3178956843926555,3.3175782417625514,396.0572078459513,1.0,1.0,1.0,394.54,0.0038381357622545398,0.0,0.0038381357622545398,False,False,True,0,0,839.0,0.0,0.0,0.0,-0.0,0.0,253.0,0.0,0.0,0.0,-0.0,0.0,-0.0,-0.0,0.0,-0.8299999999999983,-0.0069291089941602825,-0.0,-3.909999999999968,-0.009861490528034285,-0.0,0.0,0.0,0.0,0.0,0.0,0.0,0.0,0.0,0.0,0.0,0.0,0.0,0.0,0.0,1494.0463250000184,-468.28641388887627
590,2026-05-11,2026-05-12,1,119.37,118.29,394.54,390.76,3.303406881393186,3.3175782417625514,3.317268510256806,392.4363302180922,1.0,1.0,1.0,390.76,0.0042807472744215355,0.0,0.0042807472744215355,False,False,True,0,0,849.0,0.0,0.0,0.0,-0.0,0.0,256.0,0.0,0.0,0.0,-0.0,0.0,-0.0,-0.0,0.0,-1.0799999999999983,-0.00908867654930149,-0.0,-3.7800000000000296,-0.00962696853098101,-0.0,0.0,0.0,0.0,0.0,0.0,0.0,0.0,0.0,0.0,0.0,0.0,0.0,0.0,0.0,1494.0463250000184,-468.28641388887627
591,2026-05-12,2026-05-13,1,118.29,118.72,390.76,391.83,3.3004548517520216,3.317268510256806,3.3172294826633277,393.826117537688,1.0,1.0,1.0,391.83,0.00508141358091589,0.0,0.00508141358091589,False,False,True,0,0,846.0,0.0,0.0,0.0,-0.0,0.0,255.0,0.0,0.0,0.0,-0.0,0.0,-0.0,-0.0,0.0,0.4299999999999926,0.0036285428614247187,0.0,1.0699999999999932,0.0027345114727977604,0.0,0.0,0.0,0.0,0.0,0.0,0.0,0.0,0.0,0.0,0.0,0.0,0.0,0.0,0.0,1494.0463250000184,-468.28641388887627
592,2026-05-13,2026-05-14,1,118.72,118.67,391.83,392.15,3.304542007246987,3.3172294826633277,3.317031096330106,393.65562270765713,1.0,1.0,1.0,392.15,0.0038320533898154267,0.0,0.0038320533898154267,False,False,True,0,0,846.0,0.0,0.0,0.0,-0.0,0.0,255.0,0.0,0.0,0.0,-0.0,0.0,-0.0,-0.0,0.0,-0.04999999999999716,-0.00042124774202257823,-0.0,0.3199999999999932,0.0008163474011359647,0.0,0.0,0.0,0.0,0.0,0.0,0.0,0.0,0.0,0.0,0.0,0.0,0.0,0.0,0.0,1494.0463250000184,-468.28641388887627
593,2026-05-14,2026-05-15,1,118.67,116.53,392.15,384.69,3.3012099888440742,3.317031096330106,3.3165779341163018,386.5336336553473,1.0,1.0,1.0,384.69,0.004781070202736672,0.0,0.004781070202736672,False,False,True,0,0,862.0,0.0,0.0,0.0,-0.0,0.0,260.0,0.0,0.0,0.0,-0.0,0.0,-0.0,-0.0,0.0,-2.1400000000000006,-0.01819778109187581,-0.0,-7.4599999999999795,-0.019206604519541266,-0.0,0.0,0.0,0.0,0.0,0.0,0.0,0.0,0.0,0.0,0.0,0.0,0.0,0.0,0.0,1494.0463250000184,-468.28641388887627
594,2026-05-15,2026-05-18,3,116.53,116.32,384.69,384.44,3.3050206327372766,3.3165779341163018,3.316016001708784,385.7843452964082,1.0,1.0,1.0,384.44,0.0034907924418617897,0.0,0.0034907924418617897,False,False,True,0,0,862.0,0.0,0.0,0.0,-0.0,0.0,260.0,0.0,0.0,0.0,-0.0,0.0,-0.0,-0.0,0.0,-0.21000000000000796,-0.0018037367999628015,-0.0,-0.25,-0.0006500851840505701,-0.0,0.0,0.0,0.0,0.0,0.0,0.0,0.0,0.0,0.0,0.0,0.0,0.0,0.0,0.0,1494.0463250000184,-468.28641388887627
595,2026-05-18,2026-05-19,1,116.32,115.03,384.44,379.84,3.3020951056246193,3.316016001708784,3.315347873069699,381.4413206765614,1.0,1.0,1.0,379.84,0.0042069153538064254,0.0,0.0042069153538064254,False,False,True,0,0,872.0,0.0,0.0,0.0,-0.0,0.0,263.0,0.0,0.0,0.0,-0.0,0.0,-0.0,-0.0,0.0,-1.289999999999992,-0.01115204987729027,-0.0,-4.600000000000023,-0.012037618533780402,-0.0,0.0,0.0,0.0,0.0,0.0,0.0,0.0,0.0,0.0,0.0,0.0,0.0,0.0,0.0,1494.0463250000184,-468.28641388887627
596,2026-05-19,2026-05-20,1,115.03,117.94,379.84,389.57,3.303120230625742,3.315347873069699,3.314439813298539,391.0121281498403,1.0,1.0,1.0,389.57,0.003695011040163577,0.0,0.003695011040163577,False,False,True,0,0,852.0,0.0,0.0,0.0,-0.0,0.0,257.0,0.0,0.0,0.0,-0.0,0.0,-0.0,-0.0,0.0,2.9099999999999966,0.024983056664439132,0.0,9.730000000000018,0.02529345532887849,0.0,0.0,0.0,0.0,0.0,0.0,0.0,0.0,0.0,0.0,0.0,0.0,0.0,0.0,0.0,1494.0463250000184,-468.28641388887627
597,2026-05-20,2026-05-21,1,117.94,118.7,389.57,392.86,3.309688289806234,3.314439813298539,3.313961088668756,393.4240058385366,1.0,1.0,1.0,392.86,0.0014346112373663405,0.0,0.0014346112373663405,False,False,True,0,0,845.0,0.0,0.0,0.0,-0.0,0.0,255.0,0.0,0.0,0.0,-0.0,0.0,-0.0,-0.0,0.0,0.7600000000000051,0.006423281043264364,0.0,3.2900000000000205,0.008409747555948728,0.0,0.0,0.0,0.0,0.0,0.0,0.0,0.0,0.0,0.0,0.0,0.0,0.0,0.0,0.0,1494.0463250000184,-468.28641388887627
598,2026-05-21,2026-05-22,1,118.7,119.18,392.86,394.75,3.312216814901829,3.313961088668756,3.3133195071373285,394.95788254754234,1.0,1.0,1.0,394.75,0.0005264796184470485,0.0,0.0005264796184470485,False,False,True,0,0,838.0,0.0,0.0,0.0,-0.0,0.0,253.0,0.0,0.0,0.0,-0.0,0.0,-0.0,-0.0,0.0,0.480000000000004,0.004035653703210491,0.0,1.8899999999999864,0.0047993388296211584,0.0,0.0,0.0,0.0,0.0,0.0,0.0,0.0,0.0,0.0,0.0,0.0,0.0,0.0,0.0,1494.0463250000184,-468.28641388887627
599,2026-05-22,2026-05-26,4,119.18,119.45,394.75,396.62,3.3203850983675176,3.3133195071373285,3.313053969116125,395.7760151275539,1.0,1.0,1.0,396.62,-0.002130210590377412,0.0,-0.002130210590377412,False,True,False,0,1,835.0,0.0,835.0,835.0,-0.0,835.0,252.0,0.0,-252.0,0.0,252.0,-252.0,-4.175,-1.26,-5.435,0.269999999999996,0.0022629184529856165,0.0,1.8700000000000045,0.0047259903219324375,0.0,0.0,0.0,0.0,0.0,0.0,0.0,0.0,0.0,0.0,0.0,0.0,0.0,0.0,-5.435,1488.6113250000185,-473.7214138888762
600,2026-05-26,2026-05-27,1,119.45,121.55,396.62,403.55,3.3200329082682027,3.313053969116125,3.312783501034962,402.701709946065,1.0,1.0,1.0,403.55,-0.0021042817186976135,0.0,-0.0021042817186976135,False,True,False,1,1,822.0,835.0,822.0,0.0,13.0,-13.0,248.0,-252.0,-248.0,4.0,-0.0,4.0,-0.065,-0.02,-0.085,2.0999999999999943,0.017427826990313828,1753.4999999999952,6.930000000000007,0.017321752312697496,-1746.3600000000017,7.139999999993506,0.0,99740.75,99740.75,0.0,-99948.24,0.0,-99948.24,-2.7763400000000003,-207.49000000000524,199688.99,-99948.24,-2.7763400000000003,4.278659999993506,1492.889985000012,-469.44275388888263
601,2026-05-27,2026-05-28,1,121.55,122.06,403.55,405.34,3.3208258233655576,3.312783501034962,3.3125461205154623,404.3583541363275,1.0,1.0,1.0,405.34,-0.0024247211065817086,0.0,-0.0024247211065817086,False,True,False,1,1,818.0,822.0,818.0,0.0,4.0,-4.0,247.0,-248.0,-247.0,1.0,-0.0,1.0,-0.02,-0.005,-0.025,0.5100000000000051,0.004187026354216673,419.22000000000423,1.7899999999999636,0.004425825320785752,-443.919999999991,-24.699999999986744,0.0,99914.09999999999,99914.09999999999,0.0,-100080.40000000001,0.0,-100080.40000000001,-2.7800111111111114,-166.30000000001746,199994.5,-100080.40000000001,-2.7800111111111114,-27.505011111097854,1465.3849738889141,-496.94776499998056
602,2026-05-28,2026-05-29,1,122.06,120.87,405.34,401.7,3.323405311491685,3.3125461205154623,3.312438397074415,400.38744958670395,1.0,1.0,1.0,401.7,-0.0032728391039775436,0.0,-0.0032728391039775436,True,True,False,1,0,825.0,818.0,0.0,0.0,818.0,-818.0,249.0,-247.0,0.0,247.0,-0.0,247.0,-4.09,-1.235,-5.325,-1.1899999999999977,-0.00979713924498327,-973.4199999999981,-3.6399999999999864,-0.009020679725930672,899.0799999999966,-74.34000000000151,0.0,99845.08,99845.08,0.0,-100118.98,0.0,-100118.98,-2.781082777777778,-273.8999999999942,199964.06,-100118.98,-2.781082777777778,-82.4460827777793,1382.9388911111348,-579.3938477777599
603,2026-05-29,2026-06-01,3,120.87,118.19,401.7,394.51,3.3379304509687793,3.312438397074415,3.313158572998897,391.4970941502251,1.0,1.0,1.0,394.51,-0.00766639545316802,0.0,-0.00766639545316802,False,True,False,0,1,838.0,0.0,838.0,838.0,-0.0,838.0,253.0,0.0,-253.0,0.0,253.0,-253.0,-4.19,-1.2650000000000001,-5.455,-2.680000000000007,-0.022422088847216366,-0.0,-7.189999999999998,-0.018061052858117627,-0.0,0.0,0.0,0.0,0.0,0.0,0.0,0.0,0.0,0.0,0.0,0.0,0.0,0.0,-5.455,1377.4838911111349,-584.8488477777598
604,2026-06-01,2026-06-02,1,118.19,117.59,394.51,393.17,3.3435666298154607,3.313158572998897,3.314540947982704,389.5943165989403,1.0,1.0,1.0,393.17,-0.009136104435479783,0.0,-0.009136104435479783,False,True,False,1,1,842.0,838.0,842.0,4.0,-0.0,4.0,254.0,-253.0,-254.0,0.0,1.0,-1.0,-0.02,-0.005,-0.025,-0.5999999999999943,-0.005089501188824811,-502.79999999999524,-1.339999999999975,-0.0034024001947226697,339.0199999999937,-163.78000000000156,0.0,99043.22,99043.22,0.0,-99811.03,0.0,-99811.03,-2.7725286111111114,-767.8099999999977,198854.25,-99811.03,-2.7725286111111114,-166.57752861111268,1210.9063625000222,-751.4263763888725
605,2026-06-02,2026-06-03,1,117.59,116.73,393.17,390.1,3.3419001113681146,3.314540947982704,3.3155565091537182,386.90636485802105,1.0,1.0,1.0,390.1,-0.00822040402902354,0.0,-0.00822040402902354,False,True,False,1,1,849.0,842.0,849.0,7.0,-0.0,7.0,256.0,-254.0,-256.0,0.0,2.0,-2.0,-0.035,-0.01,-0.045000000000000005,-0.8599999999999994,-0.007340422170752446,-724.1199999999995,-3.069999999999993,-0.007838971799785257,779.7799999999983,55.65999999999872,0.0,99010.78,99010.78,0.0,-99865.18000000001,0.0,-99865.18000000001,-2.7740327777777782,-854.4000000000087,198875.96000000002,-99865.18000000001,-2.7740327777777782,52.84096722222094,1263.7473297222432,-698.5854091666515
606,2026-06-03,2026-06-04,1,116.73,117.26,390.1,391.27,3.336772983114446,3.3155565091537182,3.316160904534518,388.78215626336504,1.0,1.0,1.0,391.27,-0.00637868160997893,0.0,-0.00637868160997893,False,True,False,1,1,849.0,849.0,849.0,0.0,-0.0,0.0,256.0,-256.0,-256.0,0.0,-0.0,0.0,-0.0,-0.0,0.0,0.5300000000000011,0.004530115871497089,449.97000000000094,1.169999999999959,0.002994742246123535,-299.5199999999895,150.4500000000114,0.0,99103.77,99103.77,0.0,-99865.6,0.0,-99865.6,-2.7740444444444448,-761.8300000000017,198969.37,-99865.6,-2.7740444444444448,147.67595555556696,1411.4232852778102,-550.9094536110845
607,2026-06-04,2026-06-05,1,117.26,114.86,391.27,383.54,3.339195542399443,3.316160904534518,3.317292353326162,380.8942414948347,1.0,1.0,1.0,383.54,-0.0069221626298968985,0.0,-0.0069221626298968985,False,True,False,1,1,866.0,849.0,866.0,17.0,-0.0,17.0,261.0,-256.0,-261.0,0.0,5.0,-5.0,-0.085,-0.025,-0.11000000000000001,-2.4000000000000057,-0.02067969609991863,-2037.600000000005,-7.729999999999961,-0.0199539409133647,1978.87999999999,-58.72000000001481,0.0,99553.74,99553.74,0.0,-100165.12,0.0,-100165.12,-2.7823644444444446,-611.3799999999901,199718.86,-100165.12,-2.7823644444444446,-61.61236444445925,1349.810920833351,-612.5218180555437
608,2026-06-05,2026-06-08,3,114.86,115.39,383.54,385.99,3.3450905624404195,3.317292353326162,3.3188022891020927,382.7823646503058,1.0,1.0,1.0,385.99,-0.008344873232488462,0.0,-0.008344873232488462,False,True,False,1,1,859.0,866.0,859.0,0.0,7.0,-7.0,259.0,-261.0,-259.0,2.0,-0.0,2.0,-0.035,-0.01,-0.045000000000000005,0.5300000000000011,0.004603699770425812,458.980000000001,2.4499999999999886,0.006367544548124639,-639.4499999999971,-180.4699999999961,0.0,99468.76,99468.76,0.0,-100103.94,0.0,-100103.94,-8.341994999999999,-635.1800000000076,199572.7,-100103.94,-8.341994999999999,-188.8569949999961,1160.953925833355,-801.3788130555397
609,2026-06-08,2026-06-09,1,115.39,115.87,385.99,388.5,3.3528954863208766,3.3188022891020927,3.321187785542624,384.5496212382595,1.0,1.0,1.0,388.5,-0.010220335253090887,0.0,-0.010220335253090887,False,True,False,1,1,853.0,859.0,853.0,0.0,6.0,-6.0,257.0,-259.0,-257.0,2.0,-0.0,2.0,-0.03,-0.01,-0.04,0.480000000000004,0.004151177802394534,412.3200000000034,2.509999999999991,0.006481707414207846,-650.0899999999976,-237.76999999999424,0.0,99120.01,99120.01,0.0,-99971.41,0.0,-99971.41,-2.776983611111111,-851.4000000000087,199091.41999999998,-99971.41,-2.776983611111111,-240.58698361110535,920.3669422222497,-1041.965796666645
610,2026-06-09,2026-06-10,1,115.87,113.49,388.5,381.5,3.361529650189444,3.321187785542624,3.3240939239824363,376.92160178123237,1.0,1.0,1.0,381.5,-0.012073637736617134,0.0,-0.012073637736617134,False,True,False,1,1,870.0,853.0,870.0,17.0,-0.0,17.0,262.0,-257.0,-262.0,0.0,5.0,-5.0,-0.085,-0.025,-0.11000000000000001,-2.3800000000000097,-0.02075414569592341,-2030.1400000000083,-7.0,-0.018182319083190474,1799.0,-231.14000000000829,0.0,98837.11,98837.11,0.0,-99844.5,0.0,-99844.5,-2.7734583333333336,-1007.3899999999994,198681.61,-99844.5,-2.7734583333333336,-234.02345833334164,686.343483888908,-1275.9892549999868
611,2026-06-10,2026-06-11,1,113.49,116.3,381.5,391.99,3.370507308684437,3.3240939239824363,3.3275965468290574,386.5921233591573,1.0,1.0,1.0,391.99,-0.013866136829966211,0.0,-0.013866136829966211,False,True,False,1,1,848.0,870.0,848.0,0.0,22.0,-22.0,255.0,-262.0,-255.0,7.0,-0.0,7.0,-0.11,-0.035,-0.14500000000000002,2.8100000000000023,0.024458332211571083,2444.700000000002,10.490000000000009,0.027125478536478502,-2748.3800000000024,-303.6800000000003,0.0,98736.29999999999,98736.29999999999,0.0,-99953.0,0.0,-99953.0,-2.776472222222222,-1216.7000000000116,198689.3,-99953.0,-2.776472222222222,-306.60147222222247,379.7420116666856,-1582.5907272222091
612,2026-06-11,2026-06-12,1,116.3,116.6,391.99,392.77,3.36852487135506,3.3275965468290574,3.330795690034461,387.99775736026805,1.0,1.0,1.0,392.77,-0.012224639210933806,0.0,-0.012224639210933806,False,True,False,1,1,849.0,848.0,849.0,1.0,-0.0,1.0,255.0,-255.0,-255.0,0.0,-0.0,0.0,-0.005,-0.0,-0.005,0.29999999999999716,0.0025762143917732456,254.3999999999976,0.7799999999999727,0.0019878695572036727,-198.89999999999304,55.50000000000455,0.0,98622.4,98622.4,0.0,-99957.45,0.0,-99957.45,-2.7765958333333334,-1335.050000000003,198579.84999999998,-99957.45,-2.7765958333333334,52.71840416667121,432.4604158333568,-1529.872323055538
613,2026-06-12,2026-06-15,3,116.6,118.57,392.77,397.48,3.3522813527873834,3.330795690034461,3.333349258231627,394.932444967386,1.0,1.0,1.0,397.48,-0.006429893487574862,0.0,-0.006429893487574862,False,True,False,1,1,839.0,849.0,839.0,0.0,10.0,-10.0,252.0,-255.0,-252.0,3.0,-0.0,3.0,-0.05,-0.015,-0.065,1.9699999999999989,0.01675422955358706,1672.529999999999,4.710000000000036,0.011920419544968721,-1201.0500000000093,471.4799999999898,0.0,98993.4,98993.4,0.0,-100156.34999999999,0.0,-100156.34999999999,-8.3463625,-1162.949999999997,199149.75,-100156.34999999999,-8.3463625,463.0686374999898,895.5290533333466,-1066.803685555548
614,2026-06-15,2026-06-16,1,118.57,118.46,397.48,396.49,3.3470369745061626,3.333349258231627,3.3354500753200704,394.86855313011847,1.0,1.0,1.0,396.49,-0.004097887443066607,0.0,-0.004097887443066607,False,True,False,1,1,840.0,839.0,840.0,1.0,-0.0,1.0,252.0,-252.0,-252.0,0.0,-0.0,0.0,-0.005,-0.0,-0.005,-0.10999999999999943,-0.0009281526211600138,-92.28999999999952,-0.9900000000000091,-0.0024937982872650626,249.4800000000023,157.19000000000278,0.0,99480.23,99480.23,0.0,-100164.96,0.0,-100164.96,-2.78236,-684.7300000000105,199645.19,-100164.96,-2.78236,154.40264000000278,1049.9316933333494,-912.4010455555454
615,2026-06-16,2026-06-17,1,118.46,115.49,396.49,387.23,3.3529309896960777,3.3354500753200704,3.3379918695236435,385.2111291987149,1.0,1.0,1.0,387.23,-0.0052272602324738154,0.0,-0.0052272602324738154,False,True,False,1,1,861.0,840.0,861.0,21.0,-0.0,21.0,258.0,-252.0,-258.0,0.0,6.0,-6.0,-0.105,-0.03,-0.135,-2.969999999999999,-0.025391404721823045,-2494.7999999999993,-9.259999999999991,-0.02363198833600155,2333.5199999999977,-161.28000000000156,0.0,99506.4,99506.4,0.0,-99915.48,0.0,-99915.48,-2.77543,-409.08000000000175,199421.88,-99915.48,-2.77543,-164.19043000000156,885.7412633333478,-1076.5914755555468
616,2026-06-17,2026-06-18,1,115.49,117.16,387.23,394.33,3.3657391601229087,3.3379918695236435,3.3411228159985016,391.07912743339006,1.0,1.0,1.0,394.33,-0.008278210725844603,0.0,-0.008278210725844603,False,True,False,1,1,848.0,861.0,848.0,0.0,13.0,-13.0,254.0,-258.0,-254.0,4.0,-0.0,4.0,-0.065,-0.02,-0.085,1.6700000000000017,0.0143565758325366,1437.8700000000015,7.099999999999966,0.018169290449277314,-1831.799999999991,-393.9299999999896,0.0,99436.89,99436.89,0.0,-99905.34000000001,0.0,-99905.34000000001,-2.7751483333333336,-468.45000000001164,199342.23,-99905.34000000001,-2.7751483333333336,-396.7901483333229,488.95111500002486,-1473.3816238888699
617,2026-06-18,2026-06-22,4,117.16,114.94,394.33,387.2,3.3687141117104575,3.3411228159985016,3.344074107093713,384.02865647086776,1.0,1.0,1.0,387.2,-0.008224179372875215,0.0,-0.008224179372875215,False,True,False,1,1,862.0,848.0,862.0,14.0,-0.0,14.0,258.0,-254.0,-258.0,0.0,4.0,-4.0,-0.07,-0.02,-0.09000000000000001,-2.219999999999999,-0.019130268879937247,-1882.559999999999,-7.1299999999999955,-0.01824676678675144,1811.0199999999988,-71.54000000000019,0.0,99351.68,99351.68,0.0,-100159.81999999999,0.0,-100159.81999999999,-11.128868888888888,-808.1399999999994,199511.5,-100159.81999999999,-11.128868888888888,-82.75886888888908,406.1922461111358,-1556.140492777759
618,2026-06-22,2026-06-23,1,114.94,113.76,387.2,383.67,3.372626582278481,3.344074107093713,3.3470945954625457,380.4218704229808,1.0,1.0,1.0,383.67,-0.008501985869273702,0.0,-0.008501985869273702,False,True,False,1,1,873.0,862.0,873.0,11.0,-0.0,11.0,261.0,-258.0,-261.0,0.0,3.0,-3.0,-0.055,-0.015,-0.07,-1.1799999999999926,-0.010319287024664659,-1017.1599999999936,-3.5299999999999727,-0.009158547289083581,910.739999999993,-106.42000000000064,0.0,99078.28,99078.28,0.0,-99897.59999999999,0.0,-99897.59999999999,-2.774933333333333,-819.3199999999924,198975.88,-99897.59999999999,-2.774933333333333,-109.26493333333397,296.92731277780183,-1665.4054261110928
619,2026-06-23,2026-06-24,1,113.76,115.07,383.67,388.01,3.371947510211176,3.3470945954625457,3.349672716054729,385.1501750998751,1.0,1.0,1.0,388.01,-0.007397789060412354,0.0,-0.007397789060412354,False,True,False,1,1,864.0,873.0,864.0,0.0,9.0,-9.0,258.0,-261.0,-258.0,3.0,-0.0,3.0,-0.045,-0.015,-0.06,1.309999999999988,0.011449672780436293,1143.6299999999896,4.339999999999975,0.011248304373688291,-1132.7399999999934,10.889999999996235,0.0,99312.48000000001,99312.48000000001,0.0,-100137.87000000001,0.0,-100137.87000000001,-2.7816075000000002,-825.3899999999994,199450.35000000003,-100137.87000000001,-2.7816075000000002,8.048392499996234,304.97570527779806,-1657.3570336110965
620,2026-06-24,2026-06-25,1,115.07,113.35,388.01,383.73,3.3853550948389945,3.349672716054729,3.352938825383268,379.6854023648035,1.0,1.0,1.0,383.73,-0.010596158961612867,0.0,-0.010596158961612867,False,True,False,1,1,874.0,864.0,874.0,10.0,-0.0,10.0,261.0,-258.0,-261.0,0.0,3.0,-3.0,-0.05,-0.015,-0.065,-1.7199999999999989,-0.015060261881829228,-1486.079999999999,-4.279999999999973,-0.011091932207615049,1104.239999999993,-381.84000000000606,0.0,99420.48,99420.48,0.0,-100106.58,0.0,-100106.58,-2.7807383333333338,-686.1000000000058,199527.06,-100106.58,-2.7807383333333338,-384.6857383333394,-79.71003305554132,-2042.042771944436
621,2026-06-25,2026-06-26,1,113.35,114.37,383.73,388.6,3.3977441636792864,3.352938825383268,3.356784742398955,383.47561345908434,1.0,1.0,1.0,388.6,-0.013274507573607658,0.0,-0.013274507573607658,False,True,False,1,1,862.0,874.0,862.0,0.0,12.0,-12.0,257.0,-261.0,-257.0,4.0,-0.0,4.0,-0.06,-0.02,-0.08,1.0200000000000102,0.008958429839587447,891.4800000000089,4.8700000000000045,0.01261135666392818,-1271.070000000001,-379.5899999999922,0.0,99067.9,99067.9,0.0,-100153.53,0.0,-100153.53,-2.7820425,-1085.6300000000047,199221.43,-100153.53,-2.7820425,-382.45204249999216,-462.1620755555335,-2424.4948144444284
622,2026-06-26,2026-06-29,3,114.37,117.12,388.6,395.25,3.3747438524590163,3.356784742398955,3.359351669447321,393.1466290297656,1.0,1.0,1.0,395.25,-0.00533583194860035,0.0,-0.00533583194860035,False,True,False,1,1,849.0,862.0,849.0,0.0,13.0,-13.0,253.0,-257.0,-253.0,4.0,-0.0,4.0,-0.065,-0.02,-0.085,2.75,0.02376024341987612,2370.5,6.649999999999977,0.016967939146241656,-1709.0499999999943,661.4500000000057,0.0,98586.94,98586.94,0.0,-99870.20000000001,0.0,-99870.20000000001,-8.322516666666667,-1283.2600000000093,198457.14,-99870.20000000001,-8.322516666666667,653.0424833333391,190.8804077778056,-1771.452331111089
623,2026-06-29,2026-06-30,1,117.12,117.28,395.25,396.61,3.381736016371078,3.359351669447321,3.3615419477174364,393.9847637927818,1.0,1.0,1.0,396.61,-0.006641192116042872,0.0,-0.006641192116042872,True,True,False,1,0,847.0,849.0,0.0,0.0,849.0,-849.0,252.0,-253.0,0.0,253.0,-0.0,253.0,-4.245,-1.2650000000000001,-5.51,0.1599999999999966,0.0013651879253399903,135.8399999999971,1.3600000000000136,0.0034349539999732615,-344.08000000000345,-208.24000000000635,0.0,99434.88,99434.88,0.0,-99998.25,0.0,-99998.25,-2.777729166666667,-563.3699999999953,199433.13,-99998.25,-2.777729166666667,-216.527729166673,-25.647321388867397,-1987.980060277762
624,2026-06-30,2026-07-01,1,117.28,118.09,396.61,398.66,3.3758997374883566,3.3615419477174364,3.3631586031010814,396.96448860595206,1.0,1.0,1.0,398.66,-0.004262095963545934,0.0,-0.004262095963545934,False,True,False,0,1,844.0,0.0,844.0,844.0,-0.0,844.0,251.0,0.0,-251.0,0.0,251.0,-251.0,-4.22,-1.2550000000000001,-5.475,0.8100000000000023,0.006882807474848881,0.0,2.0500000000000114,0.005155493205065019,0.0,0.0,0.0,0.0,0.0,0.0,0.0,0.0,0.0,0.0,0.0,0.0,0.0,0.0,-5.475,-31.122321388867398,-1993.4550602777622
625,2026-07-01,2026-07-02,1,118.09,117.12,398.66,395.55,3.3773053278688523,3.3631586031010814,3.364928863926118,393.89313559519866,1.0,1.0,1.0,395.55,-0.004197558412642828,0.0,-0.004197558412642828,False,True,False,1,1,851.0,844.0,851.0,7.0,-0.0,7.0,253.0,-251.0,-253.0,0.0,2.0,-2.0,-0.035,-0.01,-0.045000000000000005,-0.9699999999999989,-0.008247995400188748,-818.679999999999,-3.1100000000000136,-0.007831721827214252,780.6100000000034,-38.069999999995616,0.0,99667.96,99667.96,0.0,-100063.66,0.0,-100063.66,-2.7795461111111113,-395.6999999999971,199731.62,-100063.66,-2.7795461111111113,-40.89454611110673,-72.01686749997413,-2034.3496063888688
626,2026-07-02,2026-07-06,4,117.12,118.01,395.55,398.32,3.375307177357851,3.364928863926118,3.3668555736382877,397.0952552319212,1.0,1.0,1.0,398.32,-0.003079512815269852,0.0,-0.003079512815269852,False,True,False,1,1,845.0,851.0,845.0,0.0,6.0,-6.0,251.0,-253.0,-251.0,2.0,-0.0,2.0,-0.03,-0.01,-0.04,0.8900000000000006,0.0075703164246559915,757.3900000000004,2.769999999999982,0.006978500866521796,-700.8099999999954,56.58000000000504,0.0,99669.12000000001,99669.12000000001,0.0,-100074.15000000001,0.0,-100074.15000000001,-11.11935,-405.02999999999884,199743.27000000002,-100074.15000000001,-11.11935,45.42065000000504,-26.596217499969086,-1988.9289563888638
627,2026-07-06,2026-07-07,1,118.01,117.39,398.32,395.96,3.373030070704489,3.3668555736382877,3.36854730005354,395.23517578939857,1.0,1.0,1.0,395.96,-0.0018322265745644405,0.0,-0.0018322265745644405,False,True,False,1,1,852.0,845.0,852.0,7.0,-0.0,7.0,253.0,-251.0,-253.0,0.0,2.0,-2.0,-0.035,-0.01,-0.045000000000000005,-0.6200000000000045,-0.005267641747226595,-523.9000000000038,-2.3600000000000136,-0.005942506282320683,592.3600000000034,68.45999999999958,0.0,99718.45,99718.45,0.0,-99978.31999999999,0.0,-99978.31999999999,-2.7771755555555555,-259.86999999999534,199696.77,-99978.31999999999,-2.7771755555555555,65.63782444444402,39.041606944474935,-1923.2911319444197
628,2026-07-07,2026-07-08,1,117.39,115.3,395.96,388.53,3.369731136166522,3.36854730005354,3.3697793287398454,388.3935036961732,1.0,1.0,1.0,388.53,-0.0003513764343125451,0.0,-0.0003513764343125451,False,False,True,1,0,866.0,852.0,0.0,0.0,852.0,-852.0,257.0,-253.0,0.0,253.0,-0.0,253.0,-4.26,-1.2650000000000001,-5.525,-2.0900000000000034,-0.01796429761541749,-1780.680000000003,-7.430000000000007,-0.018942809148001116,1879.7900000000018,99.10999999999876,0.0,100016.28,100016.28,0.0,-100177.87999999999,0.0,-100177.87999999999,-2.7827188888888887,-161.59999999999127,200194.15999999997,-100177.87999999999,-2.7827188888888887,90.80228111110986,129.84388805558478,-1832.48885083331
629,2026-07-08,2026-07-09,1,115.3,116.85,388.53,394.22,3.373727000427899,3.3697793287398454,3.370820904445197,393.7587145632509,1.0,1.0,1.0,394.22,-0.0011708069797253687,0.0,-0.0011708069797253687,False,False,True,0,0,856.0,0.0,0.0,0.0,-0.0,0.0,254.0,0.0,0.0,0.0,-0.0,0.0,-0.0,-0.0,0.0,1.5499999999999972,0.013353633709853615,0.0,5.690000000000055,0.01453874219517803,0.0,0.0,0.0,0.0,0.0,0.0,0.0,0.0,0.0,0.0,0.0,0.0,0.0,0.0,0.0,129.84388805558478,-1832.48885083331
630,2026-07-09,2026-07-10,1,116.85,117.24,394.22,395.75,3.3755544182872743,3.370820904445197,3.3715221428500883,395.1950428371549,1.0,1.0,1.0,395.75,-0.0014032763943299864,0.0,-0.0014032763943299864,False,True,False,0,1,853.0,0.0,853.0,853.0,-0.0,853.0,253.0,0.0,-253.0,0.0,253.0,-253.0,-4.265,-1.2650000000000001,-5.529999999999999,0.39000000000000057,0.0033320548578246773,0.0,1.5299999999999727,0.0038735696623380775,0.0,0.0,0.0,0.0,0.0,0.0,0.0,0.0,0.0,0.0,0.0,0.0,0.0,0.0,-5.529999999999999,124.31388805558478,-1838.01885083331
631,2026-07-10,2026-07-13,3,117.24,116.04,395.75,392.4,3.381592554291623,3.3715221428500883,3.3720764051304473,391.2314294563243,1.0,1.0,1.0,392.4,-0.0029824516116994204,0.0,-0.0029824516116994204,False,True,False,1,1,860.0,853.0,860.0,7.0,-0.0,7.0,255.0,-253.0,-255.0,0.0,2.0,-2.0,-0.035,-0.01,-0.045000000000000005,-1.1999999999999886,-0.010288156589488331,-1023.5999999999904,-3.3500000000000227,-0.008500971069913611,847.5500000000058,-176.0499999999846,0.0,100005.72,100005.72,0.0,-100124.75,0.0,-100124.75,-8.343729166666668,-119.02999999999884,200130.47,-100124.75,-8.343729166666668,-184.43872916665126,-60.12484111106647,-2022.4575799999611
632,2026-07-13,2026-07-14,1,116.04,115.9,392.4,392.1,3.3830888697152717,3.3720764051304473,3.372804605048459,390.82365535461884,1.0,1.0,1.0,392.1,-0.003260460371440737,0.0,-0.003260460371440737,False,True,False,1,1,860.0,860.0,860.0,0.0,-0.0,0.0,255.0,-255.0,-255.0,0.0,-0.0,0.0,-0.0,-0.0,0.0,-0.14000000000000057,-0.0012072089074972078,-120.40000000000049,-0.2999999999999545,-0.0007648183929219288,76.4999999999884,-43.900000000012085,0.0,99794.40000000001,99794.40000000001,0.0,-100062.0,0.0,-100062.0,-2.7795,-267.59999999999127,199856.40000000002,-100062.0,-2.7795,-46.679500000012084,-106.80434111107856,-2069.137079999973
633,2026-07-14,2026-07-15,1,115.9,117.0,392.1,396.01,3.3847008547008546,3.372804605048459,3.374425580144132,394.61813879066966,1.0,1.0,1.0,396.01,-0.0035209033904102394,0.0,-0.0035209033904102394,False,True,False,1,1,853.0,860.0,853.0,0.0,7.0,-7.0,253.0,-255.0,-253.0,2.0,-0.0,2.0,-0.035,-0.01,-0.045000000000000005,1.0999999999999943,0.009446184452050116,945.9999999999951,3.909999999999968,0.009922554162607414,-997.0499999999919,-51.04999999999677,0.0,99674.0,99674.0,0.0,-99985.5,0.0,-99985.5,-2.777375,-311.5,199659.5,-99985.5,-2.777375,-53.87237499999677,-160.67671611107534,-2123.00945499997
634,2026-07-15,2026-07-16,1,117.0,117.34,396.01,397.51,3.387676836543378,3.374425580144132,3.3764575732459923,395.9550975741124,1.0,1.0,1.0,397.51,-0.003919276149663196,0.0,-0.003919276149663196,False,True,False,1,1,850.0,853.0,850.0,0.0,3.0,-3.0,252.0,-253.0,-252.0,1.0,-0.0,1.0,-0.015,-0.005,-0.02,0.3400000000000034,0.002901768699957788,290.02000000000294,1.5,0.0037806275497596262,-379.5,-89.47999999999706,0.0,99801.0,99801.0,0.0,-100190.53,0.0,-100190.53,-2.7830702777777776,-389.52999999999884,199991.53,-100190.53,-2.7830702777777776,-92.28307027777484,-252.95978638885018,-2215.292525277745
635,2026-07-16,2026-07-17,1,117.34,115.44,397.51,391.55,3.391805266805267,3.3764575732459923,3.3784012871014517,389.77826225551735,1.0,1.0,1.0,391.55,-0.004535202083012006,0.0,-0.004535202083012006,False,True,False,1,1,861.0,850.0,861.0,11.0,-0.0,11.0,255.0,-252.0,-255.0,0.0,3.0,-3.0,-0.055,-0.015,-0.07,-1.9000000000000057,-0.01632478903209845,-1615.0000000000048,-5.9599999999999795,-0.015106869813706365,1501.9199999999948,-113.08000000000993,0.0,99739.0,99739.0,0.0,-100172.52,0.0,-100172.52,-2.78257,-433.5200000000041,199911.52000000002,-100172.52,-2.78257,-115.93257000000993,-368.8923563888601,-2331.225095277755
636,2026-07-17,2026-07-20,3,115.44,114.61,391.55,388.5,3.3897565657446993,3.3784012871014517,3.3796021573825414,387.1985715146974,1.0,1.0,1.0,388.5,-0.003355503681978679,0.0,-0.003355503681978679,False,True,False,1,1,868.0,861.0,868.0,7.0,-0.0,7.0,257.0,-255.0,-257.0,0.0,2.0,-2.0,-0.035,-0.01,-0.045000000000000005,-0.8299999999999983,-0.00721585395700757,-714.6299999999985,-3.0500000000000114,-0.007820051389244525,777.750000000003,63.12000000000444,0.0,99393.84,99393.84,0.0,-99845.25,0.0,-99845.25,-8.3204375,-451.4100000000035,199239.09,-99845.25,-8.3204375,54.75456250000444,-314.13779388885564,-2276.47053277775
637,2026-07-20,2026-07-21,1,114.61,114.87,388.5,388.91,3.3856533472621226,3.3796021573825414,3.380449119160125,388.21489981853256,1.0,1.0,1.0,388.91,-0.001788902574090192,0.0,-0.001788902574090192,False,True,False,1,1,869.0,868.0,869.0,1.0,-0.0,1.0,257.0,-257.0,-257.0,0.0,-0.0,0.0,-0.005,-0.0,-0.005,0.2600000000000051,0.002265993648705091,225.68000000000444,0.410000000000025,0.001054784574453236,-105.37000000000643,120.30999999999801,0.0,99481.48,99481.48,0.0,-99844.5,0.0,-99844.5,-2.7734583333333336,-363.0200000000041,199325.97999999998,-99844.5,-2.7734583333333336,117.53154166666468,-196.60625222219096,-2158.9389911110857
638,2026-07-21,2026-07-22,1,114.87,114.02,388.91,386.53,3.3900192948605508,3.380449119160125,3.3813187547892283,385.4388085666374,1.0,1.0,1.0,386.53,-0.0028270369165162633,0.0,-0.0028270369165162633,False,True,False,1,1,876.0,869.0,876.0,7.0,-0.0,7.0,259.0,-257.0,-259.0,0.0,2.0,-2.0,-0.035,-0.01,-0.045000000000000005,-0.8500000000000085,-0.0074271825538771265,-738.6500000000074,-2.3800000000000523,-0.006138469703280948,611.6600000000135,-126.98999999999387,0.0,99822.03,99822.03,0.0,-99949.87000000001,0.0,-99949.87000000001,-2.776385277777778,-127.84000000001106,199771.90000000002,-99949.87000000001,-2.776385277777778,-129.81138527777165,-326.4176374999626,-2288.750376388857
639,2026-07-22,2026-07-23,1,114.02,108.76,386.53,370.03,3.4022618609783004,3.3813187547892283,3.382834472327585,367.75222777087646,1.0,1.0,1.0,370.03,-0.006174666128671067,0.0,-0.006174666128671067,False,True,False,1,1,913.0,876.0,913.0,37.0,-0.0,37.0,270.0,-259.0,-270.0,0.0,11.0,-11.0,-0.185,-0.055,-0.24,-5.259999999999991,-0.047230251839165724,-4607.759999999992,-16.5,-0.0436254012464165,4273.5,-334.25999999999203,0.0,99881.51999999999,99881.51999999999,0.0,-100111.26999999999,0.0,-100111.26999999999,-2.780868611111111,-229.75,199992.78999999998,-100111.26999999999,-2.780868611111111,-337.28086861110313,-663.6985061110657,-2626.0312449999606
640,2026-07-23,2026-07-24,1,108.76,109.41,370.03,372.01,3.400146238917832,3.382834472327585,3.383574029531526,370.11591961736104,1.0,1.0,1.0,372.01,-0.005104482797887774,0.0,-0.005104482797887774,False,True,False,1,1,910.0,913.0,910.0,0.0,3.0,-3.0,269.0,-270.0,-269.0,1.0,-0.0,1.0,-0.015,-0.005,-0.02,0.6499999999999915,0.0059586737244284324,593.4499999999922,1.9800000000000182,0.005336652199811728,-534.6000000000049,58.84999999998729,0.0,99297.88,99297.88,0.0,-99908.09999999999,0.0,-99908.09999999999,-2.775225,-610.2199999999866,199205.97999999998,-99908.09999999999,-2.775225,56.05477499998729,-607.6437311110784,-2569.9764699999732
641,2026-07-24,2026-07-27,3,109.41,110.84,372.01,377.09,3.4021111512089495,3.383574029531526,3.3837923789080095,375.03534543327436,1.0,1.0,1.0,377.09,-0.005463609730288426,0.0,-0.005463609730288426,False,True,False,1,1,897.0,910.0,897.0,0.0,13.0,-13.0,265.0,-269.0,-265.0,4.0,-0.0,4.0,-0.065,-0.02,-0.085,1.4300000000000068,0.0129854265060791,1301.300000000006,5.079999999999984,0.013563150115485883,-1366.5199999999957,-65.21999999998957,0.0,99563.09999999999,99563.09999999999,0.0,-100070.69,0.0,-100070.69,-8.339224166666666,-507.59000000001106,199633.78999999998,-100070.69,-8.339224166666666,-73.64422416665623,-681.2879552777347,-2643.6206941666296
642,2026-07-27,2026-07-28,1,110.84,112.48,377.09,382.68,3.4022048364153625,3.3837923789080095,3.3851654281058265,380.60896677957294,1.0,1.0,1.0,382.68,-0.0054266166364414885,0.0,-0.0054266166364414885,False,True,False,1,1,883.0,897.0,883.0,0.0,14.0,-14.0,261.0,-265.0,-261.0,4.0,-0.0,4.0,-0.07,-0.02,-0.09000000000000001,1.6400000000000006,0.014687708067577115,1471.0800000000006,5.590000000000032,0.014715245062210851,-1481.3500000000085,-10.27000000000794,0.0,99423.48,99423.48,0.0,-99928.84999999999,0.0,-99928.84999999999,-2.7758013888888886,-505.36999999999534,199352.33,-99928.84999999999,-2.7758013888888886,-13.135801388896828,-694.4237566666316,-2656.7564955555263
643,2026-07-28,2026-07-29,1,112.48,111.61,382.68,379.82,3.4031000806379357,3.3851654281058265,3.3862336313191697,377.8183134308913,1.0,1.0,1.0,379.82,-0.005284028516084907,0.0,-0.005284028516084907,False,True,False,1,1,890.0,883.0,890.0,7.0,-0.0,7.0,263.0,-261.0,-263.0,0.0,2.0,-2.0,-0.035,-0.01,-0.045000000000000005,-0.8700000000000045,-0.007764776394731255,-768.210000000004,-2.8600000000000136,-0.007501674523867634,746.4600000000036,-21.750000000000455,0.0,99319.84,99319.84,0.0,-99879.48,0.0,-99879.48,-2.77443,-559.6399999999994,199199.32,-99879.48,-2.77443,-24.569430000000455,-718.993186666632,-2681.3259255555267
644,2026-07-29,2026-07-30,1,111.61,112.39,379.82,380.98,3.389803363288549,3.3862336313191697,3.3869288126091788,380.57879782396145,1.0,1.0,1.0,380.98,-0.0010536342415083152,0.0,-0.0010536342415083152,False,False,True,1,0,887.0,890.0,0.0,0.0,890.0,-890.0,262.0,-263.0,0.0,263.0,-0.0,263.0,-4.45,-1.315,-5.765000000000001,0.7800000000000011,0.006964313862552278,694.200000000001,1.160000000000025,0.0030494240244530115,-305.0800000000066,389.1199999999944,0.0,99332.9,99332.9,0.0,-99892.66,0.0,-99892.66,-2.7747961111111112,-559.7600000000093,199225.56,-99892.66,-2.7747961111111112,380.58020388888326,-338.41298277774877,-2300.7457216666435
645,2026-07-30,2026-07-31,1,112.39,116.09,380.98,391.3,3.370660694288914,3.3869288126091788,3.3865965809301826,393.1885658557996,1.0,1.0,1.0,391.3,0.004814778918154215,0.0,0.004814778918154215,True,False,True,0,0,867.0,0.0,0.0,0.0,-0.0,0.0,256.0,0.0,0.0,0.0,-0.0,0.0,-0.0,-0.0,0.0,3.700000000000003,0.03239078681976871,0.0,10.319999999999993,0.02672764890581482,0.0,0.0,0.0,0.0,0.0,0.0,0.0,0.0,0.0,0.0,0.0,0.0,0.0,0.0,0.0,-338.41298277774877,-2300.7457216666435
646,2026-07-31,2026-08-03,3,116.09,118.21,391.3,399.66,3.3809322392352597,3.3865965809301826,3.386877834024053,400.32958183175685,1.0,1.0,1.0,399.66,0.0016739767700025632,0.0,0.0016739767700025632,False,False,True,0,0,847.0,0.0,0.0,0.0,-0.0,0.0,250.0,0.0,0.0,0.0,-0.0,0.0,-0.0,-0.0,0.0,2.1199999999999903,0.018096951412340998,0.0,8.360000000000014,0.02113965643677629,0.0,0.0,0.0,0.0,0.0,0.0,0.0,0.0,0.0,0.0,0.0,0.0,0.0,0.0,0.0,-338.41298277774877,-2300.7457216666435
647,2026-08-03,2026-08-04,1,118.21,118.29,399.66,401.13,3.3910727872178543,3.386877834024053,3.3877799698497215,400.63377898670524,1.0,1.0,1.0,401.13,-0.0012378236324952733,0.0,-0.0012378236324952733,False,False,False,0,0,843.0,0.0,0.0,0.0,-0.0,0.0,249.0,0.0,0.0,0.0,-0.0,0.0,-0.0,-0.0,0.0,0.0800000000000125,0.0006765327953599505,0.0,1.4699999999999704,0.003671378641540801,0.0,0.0,0.0,0.0,0.0,0.0,0.0,0.0,0.0,0.0,0.0,0.0,0.0,0.0,0.0,-338.41298277774877,-2300.7457216666435
648,2026-08-04,2026-08-05,1,118.29,118.64,401.13,401.08,3.380647336480108,3.3877799698497215,3.3883257798654007,401.926215622971,1.0,1.0,1.0,401.08,0.002107619890736844,0.0,0.002107619890736844,False,False,True,0,0,844.0,0.0,0.0,0.0,-0.0,0.0,249.0,0.0,0.0,0.0,-0.0,0.0,-0.0,-0.0,0.0,0.3499999999999943,0.0029544612720311825,0.0,-0.05000000000001137,-0.00012465563895929193,-0.0,0.0,0.0,0.0,0.0,0.0,0.0,0.0,0.0,0.0,0.0,0.0,0.0,0.0,0.0,-338.41298277774877,-2300.7457216666435
649,2026-08-05,2026-08-06,1,118.64,118.1,401.08,397.38,3.364775613886537,3.3883257798654007,3.3878782105383323,400.1612746021038,1.0,1.0,1.0,397.38,0.0069746506304600095,0.0,0.0069746506304600095,False,False,True,0,0,854.0,0.0,0.0,0.0,-0.0,0.0,252.0,0.0,0.0,0.0,-0.0,0.0,-0.0,-0.0,0.0,-0.5400000000000063,-0.004561974626360102,-0.0,-3.6999999999999886,-0.009267906930781509,-0.0,0.0,0.0,0.0,0.0,0.0,0.0,0.0,0.0,0.0,0.0,0.0,0.0,0.0,0.0,-338.41298277774877,-2300.7457216666435
650,2026-08-06,2026-08-07,1,118.1,119.86,397.38,403.04,3.362589687969298,3.3878782105383323,3.387229974022433,406.0710823151245,1.0,1.0,1.0,403.04,0.00749241126669176,0.0,0.00749241126669176,False,False,True,0,0,840.0,0.0,0.0,0.0,-0.0,0.0,248.0,0.0,0.0,0.0,-0.0,0.0,-0.0,-0.0,0.0,1.7600000000000051,0.014792671826722583,0.0,5.660000000000025,0.014142810879357134,0.0,0.0,0.0,0.0,0.0,0.0,0.0,0.0,0.0,0.0,0.0,0.0,0.0,0.0,0.0,-338.41298277774877,-2300.7457216666435
651,2026-08-07,2026-08-10,3,119.86,119.67,403.04,401.9,3.3584022729171887,3.387229974022433,3.3860704599537117,405.3498109912646,1.0,1.0,1.0,401.9,0.008547123693178945,0.0,0.008547123693178945,False,False,True,0,0,843.0,0.0,0.0,0.0,-0.0,0.0,249.0,0.0,0.0,0.0,-0.0,0.0,-0.0,-0.0,0.0,-0.18999999999999773,-0.0015864404446142106,-0.0,-1.1400000000000432,-0.0028325111491447636,-0.0,0.0,0.0,0.0,0.0,0.0,0.0,0.0,0.0,0.0,0.0,0.0,0.0,0.0,0.0,-338.41298277774877,-2300.7457216666435
652,2026-08-10,2026-08-11,1,119.67,119.24,401.9,400.9,3.3621268030862126,3.3860704599537117,3.385022356622258,403.7550416448806,1.0,1.0,1.0,400.9,0.0070963418565863825,0.0,0.0070963418565863825,False,False,True,0,0,843.0,0.0,0.0,0.0,-0.0,0.0,249.0,0.0,0.0,0.0,-0.0,0.0,-0.0,-0.0,0.0,-0.4300000000000068,-0.003599685775554291,-0.0,-1.0,-0.0024912818066941227,-0.0,0.0,0.0,0.0,0.0,0.0,0.0,0.0,0.0,0.0,0.0,0.0,0.0,0.0,0.0,-338.41298277774877,-2300.7457216666435
653,2026-08-11,2026-08-12,1,119.24,117.89,400.9,396.58,3.3639833743320042,3.385022356622258,3.3839864826038157,399.060285622198,1.0,1.0,1.0,396.58,0.006234711090947533,0.0,0.006234711090947533,False,False,True,0,0,853.0,0.0,0.0,0.0,-0.0,0.0,252.0,0.0,0.0,0.0,-0.0,0.0,-0.0,-0.0,0.0,-1.3499999999999943,-0.011386282505834533,-0.0,-4.319999999999993,-0.010834233477801962,-0.0,0.0,0.0,0.0,0.0,0.0,0.0,0.0,0.0,0.0,0.0,0.0,0.0,0.0,0.0,-338.41298277774877,-2300.7457216666435
654,2026-08-12,2026-08-13,1,117.89,118.45,396.58,398.72,3.366146053186999,3.3839864826038157,3.3829099434359966,400.833198864422,1.0,1.0,1.0,398.72,0.005285961679341031,0.0,0.005285961679341031,False,False,True,0,0,849.0,0.0,0.0,0.0,-0.0,0.0,251.0,0.0,0.0,0.0,-0.0,0.0,-0.0,-0.0,0.0,0.5600000000000023,0.004738944300758468,0.0,2.140000000000043,0.005381629988374462,0.0,0.0,0.0,0.0,0.0,0.0,0.0,0.0,0.0,0.0,0.0,0.0,0.0,0.0,0.0,-338.41298277774877,-2300.7457216666435
655,2026-08-13,2026-08-14,1,118.45,118.2,398.72,398.35,3.3701353637901863,3.3829099434359966,3.381826448285243,399.8599553141348,1.0,1.0,1.0,398.35,0.003783358263528491,0.0,0.003783358263528491,False,False,True,0,0,849.0,0.0,0.0,0.0,-0.0,0.0,251.0,0.0,0.0,0.0,-0.0,0.0,-0.0,-0.0,0.0,-0.25,-0.002112825632796629,-0.0,-0.37000000000000455,-0.0009284003326585758,-0.0,0.0,0.0,0.0,0.0,0.0,0.0,0.0,0.0,0.0,0.0,0.0,0.0,0.0,0.0,-338.41298277774877,-2300.7457216666435
